slope,elevation,rainfall_total,rainfall_1h,rainfall_6h,rainfall_12h,rainfall_24h,soil_moisture,soil_type,geology,vegetation_ndvi,land_use,historical_landslide_density,risk_probability,risk_level,source_type
29.6,1020.4,47.9,9.5,23.3,36.6,47.9,0.465,0,2,0.324,3,0.511,0.1968,LOW,DEMO
55.1,250.3,88.3,7.9,38.9,52.5,88.3,0.462,3,2,0.554,0,0.155,0.3625,MEDIUM,DEMO
42.0,1932.9,123.6,13.9,58.3,96.0,123.6,0.473,0,0,0.41,2,0.672,0.5038,HIGH,DEMO
36.8,934.7,78.6,9.3,28.4,56.1,78.6,0.425,2,2,0.441,3,0.086,0.2378,LOW,DEMO
20.9,233.9,97.2,6.8,33.5,61.3,97.2,0.326,0,0,0.162,2,0.064,0.232,LOW,DEMO
20.9,3031.2,73.8,12.2,35.9,51.5,73.8,0.435,2,0,0.643,0,0.386,0.2101,LOW,DEMO
14.7,737.5,107.0,16.1,45.1,81.2,107.0,0.408,3,0,0.268,2,0.005,0.2893,MEDIUM,DEMO
48.7,148.1,28.0,4.0,10.3,15.5,28.0,0.306,0,0,0.476,2,0.502,0.283,MEDIUM,DEMO
36.9,967.2,176.3,20.5,89.3,130.7,176.3,0.541,3,1,0.45,0,0.107,0.504,HIGH,DEMO
41.0,342.8,45.7,5.0,19.6,32.6,45.7,0.304,0,0,0.476,2,0.18,0.2414,LOW,DEMO
10.8,1545.3,71.1,11.5,30.0,43.8,71.1,0.373,0,3,0.405,2,0.269,0.1707,LOW,DEMO
57.3,1612.5,14.7,2.5,6.2,11.4,14.7,0.281,3,3,0.304,0,0.233,0.2274,LOW,DEMO
46.8,3554.7,52.6,4.2,20.4,33.7,52.6,0.346,2,3,0.461,3,0.384,0.2371,LOW,DEMO
23.5,707.2,90.7,13.6,37.7,57.4,90.7,0.418,0,2,0.155,0,0.297,0.2226,LOW,DEMO
22.2,626.2,190.9,28.8,66.0,132.0,190.9,0.523,3,3,0.304,1,0.364,0.4608,MEDIUM,DEMO
22.2,1340.3,110.1,9.7,44.1,82.9,110.1,0.571,2,0,0.716,0,0.518,0.2681,MEDIUM,DEMO
27.2,207.9,55.5,9.6,29.7,46.0,55.5,0.365,0,1,0.761,2,0.164,0.1898,LOW,DEMO
34.3,792.5,22.0,2.5,8.4,13.0,22.0,0.313,3,0,0.664,0,0.55,0.1537,LOW,DEMO
31.5,791.2,164.0,31.1,65.6,109.7,164.0,0.538,1,1,0.601,0,0.066,0.4268,MEDIUM,DEMO
26.7,164.4,53.7,5.4,21.1,30.6,53.7,0.306,1,2,0.737,0,0.645,0.1375,LOW,DEMO
37.3,567.1,90.5,12.4,41.9,70.4,90.5,0.426,2,1,0.217,2,0.339,0.3604,MEDIUM,DEMO
20.0,1807.3,55.7,12.8,27.2,38.1,55.7,0.368,2,0,0.519,0,0.734,0.2069,LOW,DEMO
26.8,1825.1,97.9,15.0,50.0,74.6,97.9,0.497,2,1,0.208,2,0.143,0.3214,MEDIUM,DEMO
29.4,174.1,159.6,20.2,56.2,103.2,159.6,0.65,3,0,0.711,2,0.438,0.5017,HIGH,DEMO
32.2,165.6,119.8,11.5,54.7,96.2,119.8,0.546,3,2,0.516,0,0.029,0.2703,MEDIUM,DEMO
44.4,354.3,62.9,14.4,29.0,44.7,62.9,0.278,0,1,0.736,1,0.154,0.3416,MEDIUM,DEMO
23.0,1949.8,166.4,44.6,99.6,138.6,166.4,0.536,3,3,0.727,1,0.035,0.3706,MEDIUM,DEMO
34.0,204.2,216.4,24.4,62.5,124.2,216.4,0.669,1,3,0.474,1,0.222,0.5527,HIGH,DEMO
36.6,1225.7,139.2,12.9,59.2,98.0,139.2,0.488,1,0,0.498,3,0.353,0.439,MEDIUM,DEMO
13.7,176.0,56.9,4.8,21.5,44.4,56.9,0.353,3,3,0.141,0,0.054,0.1122,LOW,DEMO
37.1,958.3,127.1,18.0,49.5,92.8,127.1,0.379,2,3,0.518,2,0.574,0.4062,MEDIUM,DEMO
21.6,476.1,138.3,14.4,50.5,77.0,138.3,0.553,1,1,0.635,3,0.479,0.3509,MEDIUM,DEMO
15.3,1479.9,63.7,9.8,25.4,53.6,63.7,0.274,2,2,0.298,0,0.253,0.1387,LOW,DEMO
54.9,319.6,216.4,34.1,89.8,138.4,216.4,0.573,1,0,0.87,2,0.434,0.7392,HIGH,DEMO
56.8,997.5,155.2,31.5,69.8,97.0,155.2,0.487,0,3,0.861,2,0.343,0.6089,HIGH,DEMO
45.5,321.9,66.0,9.7,34.0,45.9,66.0,0.368,3,1,0.335,1,0.676,0.3905,MEDIUM,DEMO
27.2,1205.5,56.8,7.8,20.9,40.5,56.8,0.274,2,3,0.662,1,0.094,0.1571,LOW,DEMO
17.6,1942.0,136.3,31.1,71.7,106.3,136.3,0.45,2,0,0.143,0,0.475,0.3671,MEDIUM,DEMO
40.0,202.0,251.8,42.5,122.4,168.2,251.8,0.775,1,2,0.626,2,0.286,0.6093,HIGH,DEMO
31.7,1892.9,29.6,4.3,9.6,20.2,29.6,0.299,0,1,0.594,0,0.167,0.1379,LOW,DEMO
19.1,890.3,100.9,9.9,41.2,71.7,100.9,0.459,3,0,0.745,1,0.186,0.2531,MEDIUM,DEMO
33.4,202.4,125.6,25.6,60.9,84.0,125.6,0.422,1,3,0.351,3,0.259,0.3578,MEDIUM,DEMO
12.5,582.0,158.7,32.3,66.8,130.8,158.7,0.542,0,1,0.787,0,0.007,0.324,MEDIUM,DEMO
51.6,237.8,126.4,22.3,74.3,101.8,126.4,0.478,3,2,0.772,1,0.051,0.5159,HIGH,DEMO
25.5,1164.6,54.2,7.0,22.6,37.2,54.2,0.311,3,1,0.629,1,0.295,0.1884,LOW,DEMO
39.2,1360.2,26.9,1.6,7.1,14.8,26.9,0.297,2,3,0.479,1,0.21,0.1592,LOW,DEMO
27.5,180.6,61.3,11.5,29.4,50.3,61.3,0.269,0,2,0.59,1,0.23,0.1947,LOW,DEMO
34.2,715.0,123.8,14.6,39.8,72.7,123.8,0.502,0,0,0.675,0,0.262,0.3662,MEDIUM,DEMO
35.0,1596.8,50.1,3.5,16.7,31.3,50.1,0.323,1,2,0.861,1,0.265,0.1669,LOW,DEMO
22.3,2556.3,174.0,27.0,63.5,103.7,174.0,0.56,2,0,0.213,1,0.552,0.5303,HIGH,DEMO
57.2,728.5,69.5,11.2,25.0,42.0,69.5,0.422,2,2,0.358,1,0.376,0.4567,MEDIUM,DEMO
43.9,2781.2,47.9,10.6,22.5,37.9,47.9,0.361,2,0,0.713,0,0.321,0.2713,MEDIUM,DEMO
54.1,770.5,108.2,13.6,37.3,78.3,108.2,0.435,1,1,0.431,0,0.065,0.4783,MEDIUM,DEMO
50.6,531.1,64.8,12.6,37.4,54.2,64.8,0.314,2,2,0.631,1,0.049,0.3417,MEDIUM,DEMO
36.8,1776.7,55.7,9.5,20.5,34.5,55.7,0.42,2,1,0.221,0,0.126,0.2377,LOW,DEMO
52.6,691.3,233.5,36.2,113.1,162.4,233.5,0.617,2,1,0.659,0,0.522,0.7007,HIGH,DEMO
17.0,654.6,49.9,11.6,29.4,42.1,49.9,0.374,3,3,0.632,2,0.526,0.1547,LOW,DEMO
22.8,686.6,59.8,10.0,26.0,47.7,59.8,0.281,3,0,0.565,0,0.431,0.1834,LOW,DEMO
13.6,1768.3,109.2,11.8,37.9,84.0,109.2,0.499,0,1,0.702,1,0.141,0.2607,MEDIUM,DEMO
28.0,1685.1,172.4,17.1,75.7,104.6,172.4,0.621,3,0,0.789,2,0.179,0.4765,MEDIUM,DEMO
30.1,545.0,102.7,11.2,54.4,80.2,102.7,0.345,0,1,0.75,0,0.133,0.2416,LOW,DEMO
26.0,444.9,81.3,8.4,25.6,53.2,81.3,0.423,3,0,0.217,0,0.374,0.2356,LOW,DEMO
46.6,689.4,250.0,40.3,117.1,177.3,250.0,0.733,2,1,0.686,1,0.029,0.6908,HIGH,DEMO
29.0,845.4,57.9,8.6,19.3,42.4,57.9,0.393,2,0,0.462,0,0.048,0.1903,LOW,DEMO
26.3,325.0,58.1,6.3,19.5,42.6,58.1,0.376,1,3,0.374,0,0.617,0.1556,LOW,DEMO
34.9,1501.7,50.4,6.7,23.5,38.7,50.4,0.296,0,0,0.789,0,0.115,0.1806,LOW,DEMO
20.1,679.8,98.7,12.0,35.4,73.9,98.7,0.422,0,0,0.545,0,0.537,0.2505,MEDIUM,DEMO
45.2,445.9,40.1,4.6,16.9,22.9,40.1,0.408,3,1,0.501,3,0.426,0.259,MEDIUM,DEMO
16.0,181.7,32.6,3.7,16.1,22.4,32.6,0.255,1,0,0.716,0,0.197,0.105,LOW,DEMO
59.9,325.6,59.7,6.7,28.8,44.7,59.7,0.377,1,0,0.541,1,0.452,0.4798,MEDIUM,DEMO
43.8,2763.3,21.1,1.9,6.3,13.5,21.1,0.347,3,2,0.772,1,0.051,0.1653,LOW,DEMO
22.9,407.6,90.6,6.5,31.9,58.3,90.6,0.369,1,1,0.198,1,0.298,0.2455,LOW,DEMO
8.0,246.5,98.8,8.7,32.6,58.1,98.8,0.363,2,0,0.71,1,0.37,0.237,LOW,DEMO
45.9,635.7,109.9,19.2,44.1,74.2,109.9,0.391,1,0,0.245,2,0.304,0.5207,HIGH,DEMO
40.9,410.2,130.6,15.0,55.3,110.5,130.6,0.512,0,1,0.291,3,0.378,0.48,MEDIUM,DEMO
41.8,112.2,60.9,5.6,24.1,38.7,60.9,0.299,3,2,0.256,0,0.41,0.2208,LOW,DEMO
43.7,431.3,160.4,32.0,66.1,113.8,160.4,0.541,2,0,0.301,0,0.192,0.5651,HIGH,DEMO
16.0,787.0,150.7,33.1,85.5,116.5,150.7,0.599,0,0,0.676,3,0.3,0.388,MEDIUM,DEMO
29.1,802.1,35.9,3.2,14.6,19.9,35.9,0.314,1,0,0.618,3,0.012,0.1443,LOW,DEMO
18.7,476.8,73.9,8.2,37.6,60.6,73.9,0.348,3,3,0.295,1,0.386,0.1827,LOW,DEMO
48.5,613.7,9.6,1.6,4.1,6.4,9.6,0.274,0,1,0.325,3,0.391,0.2191,LOW,DEMO
37.7,3110.6,161.8,23.3,64.4,131.2,161.8,0.547,1,0,0.195,2,0.306,0.5721,HIGH,DEMO
28.2,506.4,129.1,8.3,37.5,72.5,129.1,0.512,2,1,0.435,1,0.426,0.3538,MEDIUM,DEMO
15.1,348.8,184.6,21.1,78.9,109.6,184.6,0.674,3,2,0.408,3,0.137,0.4068,MEDIUM,DEMO
27.4,331.1,23.5,4.8,10.0,15.2,23.5,0.314,2,0,0.231,2,0.392,0.1705,LOW,DEMO
28.0,630.8,104.6,12.9,34.6,68.3,104.6,0.546,1,1,0.754,2,0.351,0.3109,MEDIUM,DEMO
41.9,1362.6,52.9,8.8,26.4,42.6,52.9,0.371,1,2,0.768,1,0.365,0.2481,LOW,DEMO
38.2,287.6,14.5,1.6,5.9,8.0,14.5,0.239,2,0,0.203,2,0.554,0.1964,LOW,DEMO
50.1,1191.9,141.1,13.9,58.0,104.7,141.1,0.626,0,3,0.322,1,0.606,0.586,HIGH,DEMO
32.7,99.2,30.1,2.9,9.0,17.7,30.1,0.3,1,1,0.679,2,0.269,0.1558,LOW,DEMO
18.9,568.6,96.1,26.7,56.1,76.6,96.1,0.376,2,1,0.781,1,0.346,0.2867,MEDIUM,DEMO
41.2,1426.0,52.5,5.2,24.2,41.1,52.5,0.464,2,3,0.174,1,0.197,0.2451,LOW,DEMO
43.2,452.2,85.6,17.1,34.5,59.9,85.6,0.372,0,0,0.806,2,0.302,0.4046,MEDIUM,DEMO
35.5,826.6,131.7,11.2,42.9,80.8,131.7,0.456,1,2,0.167,0,0.165,0.3243,MEDIUM,DEMO
43.7,286.4,85.8,14.7,45.6,63.5,85.8,0.382,1,2,0.602,3,0.096,0.3186,MEDIUM,DEMO
33.3,1299.3,39.5,3.5,16.6,23.6,39.5,0.332,2,1,0.137,1,0.048,0.1971,LOW,DEMO
34.3,128.3,237.0,30.8,82.1,143.8,237.0,0.737,2,0,0.825,1,0.185,0.6142,HIGH,DEMO
31.3,1802.8,61.5,7.2,20.8,45.4,61.5,0.232,1,1,0.389,1,0.177,0.224,LOW,DEMO
11.4,278.8,45.5,9.0,22.5,38.5,45.5,0.381,0,0,0.613,1,0.461,0.1847,LOW,DEMO
18.2,1947.2,72.4,10.8,29.8,59.2,72.4,0.357,2,1,0.26,2,0.432,0.2222,LOW,DEMO
12.1,471.2,24.0,2.7,8.6,17.5,24.0,0.274,3,2,0.364,3,0.127,0.09,LOW,DEMO
38.2,1234.3,48.5,8.3,19.6,34.5,48.5,0.426,2,1,0.688,3,0.476,0.2434,LOW,DEMO
27.6,426.1,64.1,5.4,26.1,54.4,64.1,0.38,2,1,0.859,1,0.175,0.1879,LOW,DEMO
33.8,2207.2,90.3,17.2,47.5,64.5,90.3,0.44,3,0,0.874,1,0.382,0.3681,MEDIUM,DEMO
51.5,201.9,79.2,5.8,24.8,53.5,79.2,0.395,1,0,0.735,2,0.191,0.3735,MEDIUM,DEMO
25.1,257.0,104.7,16.3,49.2,86.2,104.7,0.483,1,3,0.764,2,0.139,0.2527,MEDIUM,DEMO
30.8,691.4,74.4,10.1,23.0,46.1,74.4,0.469,0,0,0.857,3,0.47,0.2558,MEDIUM,DEMO
43.0,156.9,149.7,13.8,56.9,86.7,149.7,0.404,3,0,0.151,2,0.126,0.5266,HIGH,DEMO
24.3,276.3,116.3,19.6,40.8,86.1,116.3,0.52,1,3,0.249,2,0.178,0.3148,MEDIUM,DEMO
16.2,2670.4,99.6,16.5,35.4,57.7,99.6,0.512,1,1,0.16,2,0.181,0.3001,MEDIUM,DEMO
26.7,3455.3,164.9,24.2,74.4,109.1,164.9,0.581,0,1,0.501,2,0.204,0.4603,MEDIUM,DEMO
21.2,504.8,164.9,16.6,82.1,111.6,164.9,0.522,1,0,0.848,2,0.035,0.387,MEDIUM,DEMO
53.2,2390.9,83.0,17.1,39.1,59.3,83.0,0.347,0,0,0.563,1,0.35,0.5289,HIGH,DEMO
45.5,788.4,59.4,11.2,24.2,50.4,59.4,0.478,1,1,0.542,2,0.022,0.3282,MEDIUM,DEMO
38.1,362.9,88.1,6.5,25.9,54.3,88.1,0.368,3,1,0.748,3,0.236,0.2638,MEDIUM,DEMO
49.0,1170.8,70.1,14.8,31.1,46.5,70.1,0.456,0,3,0.826,0,0.357,0.3201,MEDIUM,DEMO
45.3,1048.0,57.8,8.3,17.5,34.1,57.8,0.377,1,1,0.651,0,0.697,0.2956,MEDIUM,DEMO
22.4,4149.2,85.9,12.5,36.7,62.9,85.9,0.512,0,0,0.8,0,0.389,0.2334,LOW,DEMO
50.4,357.2,97.7,24.5,55.7,75.0,97.7,0.415,2,0,0.253,0,0.434,0.5151,HIGH,DEMO
34.8,1083.4,112.8,18.2,54.6,78.4,112.8,0.379,1,0,0.503,3,0.388,0.408,MEDIUM,DEMO
45.5,128.1,180.9,29.3,79.4,112.8,180.9,0.586,0,0,0.397,0,0.451,0.637,HIGH,DEMO
50.7,188.6,91.4,14.1,47.7,67.3,91.4,0.345,3,1,0.373,2,0.172,0.4584,MEDIUM,DEMO
27.7,83.5,75.5,8.5,34.2,53.7,75.5,0.524,2,0,0.283,3,0.069,0.2455,LOW,DEMO
18.4,4200.0,139.0,23.8,56.3,83.6,139.0,0.54,3,0,0.799,3,0.16,0.3463,MEDIUM,DEMO
24.2,1538.8,42.5,3.2,15.9,28.5,42.5,0.368,0,3,0.462,1,0.329,0.136,LOW,DEMO
31.3,1470.6,21.3,4.1,10.9,14.5,21.3,0.329,1,1,0.523,1,0.094,0.1578,LOW,DEMO
46.0,721.5,103.6,21.5,46.7,87.6,103.6,0.408,3,0,0.33,0,0.418,0.4771,MEDIUM,DEMO
48.4,401.1,61.3,8.2,30.9,49.4,61.3,0.357,2,0,0.852,0,0.603,0.3185,MEDIUM,DEMO
8.4,227.6,64.6,8.0,26.6,49.7,64.6,0.375,2,2,0.585,0,0.251,0.1272,LOW,DEMO
33.9,381.5,41.7,6.2,16.5,34.1,41.7,0.425,2,3,0.121,0,0.118,0.159,LOW,DEMO
31.0,504.4,156.3,20.5,74.7,120.4,156.3,0.482,2,1,0.324,1,0.258,0.4914,MEDIUM,DEMO
24.0,1350.7,22.1,4.6,10.1,18.1,22.1,0.255,2,1,0.88,0,0.126,0.1011,LOW,DEMO
18.9,778.2,110.3,12.1,39.0,62.5,110.3,0.437,0,2,0.861,1,0.207,0.2254,LOW,DEMO
28.4,152.6,76.2,12.1,32.3,52.3,76.2,0.358,2,3,0.534,3,0.46,0.2127,LOW,DEMO
54.4,96.4,187.7,23.8,89.0,145.3,187.7,0.526,2,0,0.549,2,0.462,0.7354,HIGH,DEMO
27.9,177.2,139.3,10.4,49.2,101.0,139.3,0.374,0,3,0.805,2,0.16,0.2637,MEDIUM,DEMO
34.1,555.6,33.7,3.0,11.8,20.3,33.7,0.221,1,2,0.659,2,0.167,0.1349,LOW,DEMO
40.8,2515.4,116.4,11.3,52.7,75.9,116.4,0.521,1,0,0.828,0,0.224,0.3669,MEDIUM,DEMO
29.3,993.0,101.8,12.2,35.8,65.7,101.8,0.439,3,0,0.484,2,0.411,0.3281,MEDIUM,DEMO
57.5,1536.7,72.5,10.0,26.6,45.5,72.5,0.426,2,1,0.862,0,0.115,0.3918,MEDIUM,DEMO
56.4,645.3,110.8,9.2,43.3,72.3,110.8,0.427,2,0,0.53,0,0.161,0.4847,MEDIUM,DEMO
25.2,484.0,48.4,5.5,24.2,34.1,48.4,0.335,2,0,0.61,0,0.309,0.1533,LOW,DEMO
33.4,183.3,81.3,14.7,42.4,65.5,81.3,0.482,1,3,0.183,0,0.097,0.2514,MEDIUM,DEMO
27.1,1958.2,77.1,12.6,28.6,59.5,77.1,0.471,3,1,0.585,0,0.108,0.2208,LOW,DEMO
26.5,1455.7,43.4,9.6,24.6,34.7,43.4,0.378,0,1,0.704,3,0.172,0.1698,LOW,DEMO
12.7,245.7,61.4,8.1,35.0,50.1,61.4,0.374,2,0,0.454,1,0.495,0.2065,LOW,DEMO
37.2,726.2,54.4,11.6,24.8,36.7,54.4,0.377,0,1,0.502,1,0.487,0.2994,MEDIUM,DEMO
33.6,681.4,97.6,17.9,37.6,63.8,97.6,0.45,0,2,0.419,2,0.284,0.332,MEDIUM,DEMO
14.1,963.0,161.9,18.5,62.2,91.8,161.9,0.542,1,0,0.856,2,0.304,0.3959,MEDIUM,DEMO
26.2,2710.0,28.1,5.3,13.8,23.3,28.1,0.282,1,0,0.482,0,0.246,0.1369,LOW,DEMO
51.5,860.3,99.5,13.2,38.0,56.7,99.5,0.491,2,0,0.216,2,0.435,0.5406,HIGH,DEMO
24.7,779.3,53.0,14.1,29.2,40.9,53.0,0.284,1,0,0.142,3,0.468,0.2445,LOW,DEMO
20.3,126.5,134.0,22.5,63.8,88.9,134.0,0.573,0,3,0.707,1,0.022,0.3122,MEDIUM,DEMO
33.2,138.5,98.7,23.6,48.3,82.4,98.7,0.42,3,0,0.536,1,0.172,0.3892,MEDIUM,DEMO
59.7,266.7,22.7,2.8,10.9,15.4,22.7,0.227,1,0,0.122,3,0.245,0.3491,MEDIUM,DEMO
24.8,109.7,85.9,10.0,32.8,68.3,85.9,0.382,3,1,0.411,2,0.576,0.2608,MEDIUM,DEMO
39.5,1304.0,69.9,9.3,21.3,44.4,69.9,0.336,3,1,0.815,3,0.408,0.2693,MEDIUM,DEMO
43.3,1236.4,30.5,5.2,12.0,19.5,30.5,0.278,1,0,0.84,0,0.391,0.2029,LOW,DEMO
24.6,211.6,53.5,10.6,25.2,39.0,53.5,0.32,0,1,0.161,2,0.221,0.2094,LOW,DEMO
41.8,1707.5,83.5,16.1,35.2,70.9,83.5,0.373,2,0,0.214,1,0.258,0.436,MEDIUM,DEMO
29.4,231.3,54.6,9.4,22.8,38.5,54.6,0.336,2,0,0.124,1,0.362,0.261,MEDIUM,DEMO
38.0,402.5,143.6,22.3,57.1,119.3,143.6,0.513,1,0,0.78,3,0.309,0.4822,MEDIUM,DEMO
38.1,337.7,69.5,11.6,34.4,54.6,69.5,0.417,0,0,0.174,3,0.54,0.344,MEDIUM,DEMO
34.7,499.1,50.8,9.6,28.3,40.1,50.8,0.332,2,0,0.202,0,0.025,0.2201,LOW,DEMO
17.1,344.5,86.5,12.7,39.5,58.9,86.5,0.427,1,1,0.293,3,0.153,0.2294,LOW,DEMO
46.9,684.2,93.9,13.6,35.2,62.5,93.9,0.425,0,0,0.817,0,0.256,0.3875,MEDIUM,DEMO
27.8,550.9,134.8,19.7,61.3,81.9,134.8,0.527,3,0,0.643,0,0.304,0.3799,MEDIUM,DEMO
22.4,3959.2,79.2,10.5,43.1,66.4,79.2,0.399,3,1,0.589,0,0.382,0.201,LOW,DEMO
13.1,131.8,91.4,12.3,53.2,76.6,91.4,0.387,1,1,0.716,3,0.364,0.2172,LOW,DEMO
36.5,218.0,61.3,14.7,30.9,47.5,61.3,0.318,0,0,0.647,2,0.514,0.3136,MEDIUM,DEMO
39.7,128.8,190.5,18.9,90.9,121.7,190.5,0.614,2,0,0.687,0,0.372,0.5865,HIGH,DEMO
10.2,964.8,98.4,9.9,42.7,61.3,98.4,0.496,1,2,0.176,1,0.168,0.2271,LOW,DEMO
33.9,130.4,84.7,14.5,43.4,71.7,84.7,0.396,0,0,0.568,0,0.456,0.3065,MEDIUM,DEMO
24.2,1709.5,54.6,4.9,17.4,31.1,54.6,0.316,3,1,0.692,2,0.443,0.1668,LOW,DEMO
38.5,725.6,145.5,24.6,76.5,116.9,145.5,0.507,3,0,0.55,1,0.292,0.5355,HIGH,DEMO
21.8,753.8,20.8,2.0,8.6,13.6,20.8,0.261,1,2,0.129,0,0.002,0.0875,LOW,DEMO
40.3,822.1,86.8,9.0,37.5,58.7,86.8,0.378,2,2,0.28,2,0.355,0.2998,MEDIUM,DEMO
30.0,248.6,48.9,9.5,21.6,39.1,48.9,0.269,0,1,0.852,1,0.118,0.1933,LOW,DEMO
53.8,278.2,126.6,18.1,42.3,73.1,126.6,0.473,1,0,0.656,2,0.171,0.5982,HIGH,DEMO
19.9,425.5,94.5,8.9,38.3,62.0,94.5,0.437,0,1,0.643,2,0.069,0.2125,LOW,DEMO
28.5,890.1,85.5,20.1,50.1,71.5,85.5,0.355,0,1,0.622,1,0.135,0.3079,MEDIUM,DEMO
18.6,292.3,36.5,7.2,18.8,27.7,36.5,0.274,1,0,0.217,2,0.198,0.1596,LOW,DEMO
52.8,191.3,73.2,11.4,27.6,56.8,73.2,0.339,2,3,0.123,0,0.189,0.3514,MEDIUM,DEMO
49.4,3239.4,96.9,13.5,39.4,75.3,96.9,0.361,1,3,0.455,0,0.124,0.3533,MEDIUM,DEMO
25.4,100.0,134.8,9.9,35.1,76.6,134.8,0.453,1,0,0.458,2,0.111,0.3258,MEDIUM,DEMO
39.1,1540.7,104.8,11.6,29.0,64.0,104.8,0.435,1,2,0.737,2,0.156,0.3039,MEDIUM,DEMO
46.0,1476.2,126.6,14.2,45.7,88.3,126.6,0.418,2,1,0.258,3,0.362,0.4981,MEDIUM,DEMO
35.3,397.4,26.3,3.2,12.0,17.4,26.3,0.292,1,1,0.329,1,0.154,0.184,LOW,DEMO
34.5,211.2,84.2,13.2,40.9,56.7,84.2,0.371,0,0,0.179,3,0.178,0.3247,MEDIUM,DEMO
24.8,221.7,138.1,26.4,61.5,108.3,138.1,0.46,0,0,0.424,1,0.307,0.428,MEDIUM,DEMO
17.3,1155.9,11.3,1.3,3.9,6.3,11.3,0.29,0,3,0.315,1,0.165,0.0905,LOW,DEMO
50.7,1006.5,65.8,9.4,32.6,49.2,65.8,0.34,1,2,0.32,0,0.204,0.3029,MEDIUM,DEMO
51.0,1454.0,97.5,17.7,39.4,53.6,97.5,0.407,0,1,0.313,2,0.279,0.523,HIGH,DEMO
38.0,2575.1,149.5,28.6,61.6,85.0,149.5,0.592,2,2,0.296,2,0.185,0.4814,MEDIUM,DEMO
28.4,1139.7,81.9,8.5,25.7,55.1,81.9,0.356,3,2,0.363,1,0.327,0.2275,LOW,DEMO
28.8,232.5,75.9,10.0,31.9,60.9,75.9,0.469,0,0,0.528,0,0.131,0.2266,LOW,DEMO
41.7,331.1,92.1,9.7,25.4,54.6,92.1,0.404,1,0,0.453,0,0.125,0.3235,MEDIUM,DEMO
50.7,1741.7,98.1,9.7,44.6,70.2,98.1,0.375,1,2,0.168,0,0.062,0.3602,MEDIUM,DEMO
50.0,291.4,41.4,8.4,20.7,31.2,41.4,0.299,3,2,0.444,1,0.158,0.2876,MEDIUM,DEMO
44.1,147.8,54.5,8.0,18.3,33.8,54.5,0.355,0,3,0.763,0,0.117,0.1994,LOW,DEMO
38.4,1173.5,17.9,2.8,8.9,12.6,17.9,0.346,2,0,0.197,3,0.382,0.1975,LOW,DEMO
16.7,543.5,48.9,6.0,23.6,40.3,48.9,0.381,1,1,0.838,3,0.192,0.1315,LOW,DEMO
21.2,2353.6,34.5,3.8,18.2,24.3,34.5,0.317,1,2,0.355,3,0.266,0.1135,LOW,DEMO
50.8,1025.5,41.1,4.3,11.1,24.6,41.1,0.389,0,1,0.131,1,0.198,0.3343,MEDIUM,DEMO
37.1,165.3,251.1,25.1,89.5,185.4,251.1,0.622,0,2,0.312,1,0.417,0.5995,HIGH,DEMO
8.9,2738.4,144.2,19.2,56.7,104.9,144.2,0.53,0,0,0.173,3,0.533,0.4137,MEDIUM,DEMO
17.8,349.2,35.1,2.8,9.0,19.6,35.1,0.331,0,0,0.55,1,0.301,0.1423,LOW,DEMO
39.2,450.2,28.7,2.9,11.3,16.6,28.7,0.319,1,0,0.36,0,0.088,0.1758,LOW,DEMO
7.9,543.1,51.0,5.0,14.2,30.4,51.0,0.264,2,0,0.733,1,0.531,0.1627,LOW,DEMO
21.1,127.3,27.9,3.8,11.1,16.5,27.9,0.251,2,0,0.677,1,0.51,0.1467,LOW,DEMO
35.1,697.6,90.5,10.3,26.5,56.8,90.5,0.41,1,3,0.476,1,0.277,0.2765,MEDIUM,DEMO
40.3,198.5,89.5,8.9,32.3,61.4,89.5,0.472,0,0,0.546,0,0.376,0.3221,MEDIUM,DEMO
38.7,541.2,40.7,5.0,18.9,26.9,40.7,0.421,0,1,0.583,2,0.461,0.2296,LOW,DEMO
24.1,468.7,116.9,31.2,70.3,95.6,116.9,0.434,2,3,0.326,2,0.133,0.2959,MEDIUM,DEMO
41.1,1413.9,117.0,20.2,49.3,85.8,117.0,0.402,1,1,0.226,0,0.113,0.4259,MEDIUM,DEMO
24.6,1542.9,47.3,12.3,28.5,38.5,47.3,0.379,3,0,0.406,1,0.286,0.2319,LOW,DEMO
28.0,229.9,39.7,4.2,17.9,28.1,39.7,0.454,3,0,0.192,2,0.095,0.1852,LOW,DEMO
42.6,490.9,57.7,5.1,19.1,33.3,57.7,0.412,0,1,0.359,0,0.1,0.2391,LOW,DEMO
38.7,500.6,108.2,19.2,51.5,74.6,108.2,0.414,3,0,0.54,0,0.398,0.4071,MEDIUM,DEMO
47.7,227.8,238.5,46.8,102.3,190.0,238.5,0.836,2,3,0.53,1,0.126,0.6928,HIGH,DEMO
39.0,1521.6,106.6,16.1,34.3,64.8,106.6,0.482,2,1,0.212,2,0.311,0.4381,MEDIUM,DEMO
35.8,1185.5,32.9,5.5,12.3,19.0,32.9,0.272,3,2,0.126,2,0.274,0.178,LOW,DEMO
17.3,270.1,93.6,7.3,34.5,60.8,93.6,0.521,1,1,0.188,0,0.07,0.2009,LOW,DEMO
29.4,491.2,82.0,12.0,26.8,54.7,82.0,0.359,2,3,0.147,1,0.11,0.2471,LOW,DEMO
25.7,180.6,78.9,11.2,23.8,50.6,78.9,0.365,2,1,0.424,0,0.205,0.2126,LOW,DEMO
24.9,970.5,28.5,2.5,11.6,16.9,28.5,0.339,2,1,0.416,1,0.535,0.1583,LOW,DEMO
57.7,196.5,93.5,12.4,38.2,58.4,93.5,0.422,2,3,0.304,1,0.221,0.4992,MEDIUM,DEMO
30.2,3917.6,74.8,11.7,32.4,56.4,74.8,0.391,0,3,0.284,1,0.363,0.2498,LOW,DEMO
50.4,1445.5,31.8,4.1,15.2,21.2,31.8,0.311,1,0,0.421,0,0.293,0.2622,MEDIUM,DEMO
38.0,525.2,202.7,30.5,86.0,150.0,202.7,0.682,3,0,0.186,0,0.152,0.6145,HIGH,DEMO
44.8,857.7,29.3,6.4,13.8,20.8,29.3,0.188,0,0,0.283,0,0.624,0.2545,MEDIUM,DEMO
33.6,2260.7,101.3,24.1,52.3,72.4,101.3,0.452,1,0,0.428,2,0.262,0.3965,MEDIUM,DEMO
36.1,806.9,68.8,14.5,30.2,43.0,68.8,0.363,1,3,0.192,0,0.227,0.2436,LOW,DEMO
33.3,252.6,59.8,8.8,25.5,42.3,59.8,0.323,0,0,0.759,0,0.723,0.2289,LOW,DEMO
22.8,508.4,160.3,18.9,58.4,89.3,160.3,0.51,0,0,0.634,3,0.01,0.397,MEDIUM,DEMO
41.6,1747.2,133.5,20.8,52.1,90.7,133.5,0.366,1,0,0.411,0,0.363,0.477,MEDIUM,DEMO
26.3,1010.1,69.0,10.4,32.1,49.8,69.0,0.338,1,3,0.234,0,0.273,0.1745,LOW,DEMO
11.3,1026.7,42.4,2.9,13.5,25.6,42.4,0.393,3,2,0.268,1,0.374,0.1306,LOW,DEMO
38.5,1894.5,55.2,8.4,20.1,34.6,55.2,0.394,1,1,0.211,0,0.579,0.2642,MEDIUM,DEMO
21.9,2099.7,62.7,5.6,19.8,38.6,62.7,0.357,2,2,0.242,1,0.449,0.1766,LOW,DEMO
54.1,2350.8,134.9,7.6,35.6,77.0,134.9,0.43,1,2,0.441,0,0.484,0.4601,MEDIUM,DEMO
55.4,169.7,96.5,8.2,39.6,63.2,96.5,0.47,3,1,0.307,0,0.207,0.4498,MEDIUM,DEMO
52.0,787.0,137.6,39.5,82.4,116.1,137.6,0.571,2,0,0.792,3,0.316,0.6061,HIGH,DEMO
29.5,1294.1,27.7,2.3,8.3,18.2,27.7,0.353,0,2,0.85,0,0.286,0.1012,LOW,DEMO
10.0,1353.0,144.7,16.9,50.7,99.6,144.7,0.47,1,1,0.645,1,0.034,0.3446,MEDIUM,DEMO
53.1,919.9,174.5,37.1,76.5,130.2,174.5,0.531,2,2,0.735,3,0.125,0.6022,HIGH,DEMO
31.3,244.2,44.5,7.3,21.5,33.2,44.5,0.416,2,1,0.314,3,0.101,0.1948,LOW,DEMO
56.9,1517.0,124.7,11.7,52.2,104.1,124.7,0.421,3,3,0.625,1,0.129,0.5117,HIGH,DEMO
56.5,1226.0,165.8,22.9,62.5,133.9,165.8,0.582,0,1,0.164,3,0.466,0.7282,HIGH,DEMO
47.9,161.1,51.3,5.5,24.5,40.5,51.3,0.256,3,1,0.85,2,0.28,0.2711,MEDIUM,DEMO
26.8,640.9,34.2,4.5,19.9,28.6,34.2,0.298,1,2,0.629,1,0.618,0.1474,LOW,DEMO
30.0,252.0,88.1,11.4,25.1,54.6,88.1,0.443,0,0,0.361,2,0.149,0.2962,MEDIUM,DEMO
47.8,450.5,17.3,2.0,7.0,12.7,17.3,0.281,1,0,0.708,1,0.253,0.2347,LOW,DEMO
27.7,96.4,143.6,30.7,76.1,117.2,143.6,0.543,0,1,0.132,1,0.226,0.4671,MEDIUM,DEMO
21.6,540.2,40.5,5.1,14.6,29.8,40.5,0.264,2,1,0.406,1,0.148,0.1534,LOW,DEMO
35.4,798.4,64.4,7.5,28.3,54.3,64.4,0.329,3,0,0.801,0,0.046,0.201,LOW,DEMO
53.8,949.8,117.1,14.7,41.5,67.9,117.1,0.492,3,1,0.32,2,0.616,0.5973,HIGH,DEMO
40.5,1060.2,107.7,11.9,54.0,73.4,107.7,0.485,2,2,0.628,0,0.093,0.2973,MEDIUM,DEMO
35.8,1708.7,115.0,15.8,52.0,96.9,115.0,0.474,1,1,0.394,2,0.187,0.4033,MEDIUM,DEMO
17.5,298.4,44.4,6.3,17.6,29.5,44.4,0.38,3,1,0.418,0,0.063,0.1275,LOW,DEMO
37.4,195.5,93.1,11.0,40.9,71.8,93.1,0.34,1,0,0.687,0,0.268,0.2924,MEDIUM,DEMO
60.6,1796.7,129.2,20.7,52.0,72.2,129.2,0.467,3,3,0.812,2,0.384,0.6043,HIGH,DEMO
20.1,233.3,50.2,3.9,18.0,38.1,50.2,0.434,3,2,0.247,0,0.101,0.1164,LOW,DEMO
34.1,3391.4,211.7,37.6,108.9,175.8,211.7,0.707,1,1,0.33,2,0.246,0.6102,HIGH,DEMO
49.4,1743.7,66.3,12.9,31.0,44.1,66.3,0.405,0,1,0.491,2,0.152,0.3889,MEDIUM,DEMO
42.3,705.4,16.1,2.2,6.7,9.0,16.1,0.272,1,0,0.587,0,0.322,0.1735,LOW,DEMO
40.5,3667.2,66.1,11.3,24.3,36.9,66.1,0.424,3,0,0.476,0,0.283,0.2964,MEDIUM,DEMO
40.7,172.2,164.5,29.6,75.9,134.5,164.5,0.577,2,0,0.732,0,0.57,0.5524,HIGH,DEMO
29.1,405.0,38.6,8.3,17.0,29.6,38.6,0.246,2,0,0.704,2,0.367,0.1866,LOW,DEMO
26.8,995.1,36.3,3.3,11.7,21.1,36.3,0.367,0,1,0.428,2,0.134,0.1506,LOW,DEMO
45.6,467.7,97.9,16.8,35.0,55.4,97.9,0.388,0,1,0.151,1,0.247,0.4912,MEDIUM,DEMO
45.6,2452.6,34.0,6.9,18.1,26.9,34.0,0.351,3,0,0.268,0,0.152,0.2525,MEDIUM,DEMO
48.8,141.1,33.0,7.7,18.2,26.1,33.0,0.23,1,1,0.49,0,0.053,0.241,LOW,DEMO
51.9,797.5,42.2,6.7,14.2,24.7,42.2,0.408,2,0,0.825,0,0.132,0.2826,MEDIUM,DEMO
33.9,884.3,190.7,29.7,81.2,122.1,190.7,0.59,3,2,0.551,3,0.33,0.5043,HIGH,DEMO
33.6,1031.9,104.7,27.3,59.5,82.1,104.7,0.389,3,0,0.523,0,0.428,0.3636,MEDIUM,DEMO
45.0,345.7,79.1,14.7,40.7,56.0,79.1,0.363,1,1,0.67,0,0.188,0.3383,MEDIUM,DEMO
38.7,488.1,44.2,9.3,24.4,37.0,44.2,0.315,1,1,0.236,2,0.458,0.2704,MEDIUM,DEMO
40.7,1750.3,128.2,19.0,57.1,89.0,128.2,0.488,2,0,0.232,1,0.241,0.5376,HIGH,DEMO
44.9,275.2,111.4,12.5,51.1,83.9,111.4,0.523,1,1,0.383,1,0.056,0.4614,MEDIUM,DEMO
50.2,1658.3,198.9,25.8,70.6,139.8,198.9,0.623,2,2,0.876,1,0.117,0.6499,HIGH,DEMO
28.4,824.3,38.2,7.7,15.5,31.9,38.2,0.212,0,1,0.786,2,0.475,0.1711,LOW,DEMO
29.7,1372.6,34.7,6.0,13.8,23.2,34.7,0.253,2,0,0.637,2,0.19,0.1685,LOW,DEMO
17.3,1205.4,16.5,2.2,5.1,10.2,16.5,0.419,3,0,0.417,1,0.645,0.1446,LOW,DEMO
36.1,289.3,106.3,16.9,42.9,68.9,106.3,0.454,3,1,0.542,0,0.341,0.3611,MEDIUM,DEMO
12.6,837.1,89.1,14.1,46.2,71.8,89.1,0.463,1,2,0.351,2,0.646,0.2405,LOW,DEMO
32.5,1900.6,58.3,6.2,24.8,40.7,58.3,0.343,1,1,0.632,0,0.022,0.1715,LOW,DEMO
34.9,589.3,16.2,1.3,4.9,10.6,16.2,0.23,0,0,0.438,1,0.215,0.167,LOW,DEMO
26.5,3139.0,176.3,11.9,58.8,125.7,176.3,0.553,1,1,0.211,2,0.129,0.4375,MEDIUM,DEMO
36.5,621.7,86.1,9.9,24.6,50.8,86.1,0.416,1,0,0.283,1,0.396,0.359,MEDIUM,DEMO
12.0,218.7,155.5,18.9,42.6,85.8,155.5,0.516,2,2,0.583,1,0.192,0.3488,MEDIUM,DEMO
12.8,524.0,164.6,21.9,78.0,104.4,164.6,0.652,0,3,0.648,2,0.212,0.361,MEDIUM,DEMO
46.3,2807.3,104.3,9.6,42.2,76.3,104.3,0.413,1,1,0.193,3,0.211,0.4139,MEDIUM,DEMO
29.2,426.7,114.1,14.1,46.8,87.1,114.1,0.409,1,3,0.734,1,0.171,0.2817,MEDIUM,DEMO
19.3,1903.1,49.0,5.2,18.2,39.1,49.0,0.382,0,0,0.747,1,0.266,0.1635,LOW,DEMO
34.2,1997.7,81.7,14.5,43.3,67.6,81.7,0.448,0,0,0.67,2,0.241,0.3229,MEDIUM,DEMO
43.7,468.0,140.0,17.0,60.9,94.3,140.0,0.511,1,0,0.64,1,0.093,0.5399,HIGH,DEMO
23.7,158.2,42.3,5.0,16.4,32.6,42.3,0.298,2,2,0.296,3,0.671,0.145,LOW,DEMO
37.7,1240.4,133.9,26.3,55.6,76.7,133.9,0.404,2,1,0.819,2,0.067,0.4216,MEDIUM,DEMO
16.8,415.9,128.7,15.1,50.4,73.0,128.7,0.55,1,0,0.324,1,0.34,0.3764,MEDIUM,DEMO
14.2,1454.8,126.6,16.8,38.6,74.4,126.6,0.529,0,0,0.259,2,0.372,0.3679,MEDIUM,DEMO
34.5,606.1,78.0,12.3,31.8,53.4,78.0,0.373,0,2,0.605,1,0.212,0.2606,MEDIUM,DEMO
34.8,677.7,44.6,4.8,16.1,27.4,44.6,0.336,0,0,0.397,1,0.506,0.2416,LOW,DEMO
38.2,1434.2,210.9,33.1,74.4,134.2,210.9,0.63,0,0,0.829,1,0.181,0.6188,HIGH,DEMO
41.7,513.7,169.8,33.3,87.9,126.4,169.8,0.647,2,0,0.47,0,0.224,0.5766,HIGH,DEMO
58.1,606.9,79.2,5.1,25.1,52.1,79.2,0.345,0,0,0.244,2,0.191,0.4604,MEDIUM,DEMO
34.1,504.7,89.2,8.1,36.8,64.0,89.2,0.385,0,0,0.848,0,0.551,0.2588,MEDIUM,DEMO
27.9,492.0,63.4,10.5,24.7,42.7,63.4,0.332,0,1,0.512,3,0.051,0.2017,LOW,DEMO
44.9,751.8,17.6,2.1,6.2,10.5,17.6,0.298,1,1,0.514,2,0.361,0.2084,LOW,DEMO
25.9,1569.0,71.6,9.3,29.0,41.0,71.6,0.386,1,1,0.413,1,0.633,0.2601,MEDIUM,DEMO
31.7,484.1,104.9,8.2,33.6,65.1,104.9,0.455,0,2,0.755,0,0.513,0.2299,LOW,DEMO
16.3,748.6,51.2,3.5,14.0,29.1,51.2,0.301,0,3,0.339,1,0.579,0.1382,LOW,DEMO
11.4,1079.8,61.2,12.6,28.6,45.0,61.2,0.438,3,0,0.13,2,0.044,0.2164,LOW,DEMO
56.4,362.5,60.8,10.8,24.1,48.0,60.8,0.34,3,0,0.498,0,0.448,0.4216,MEDIUM,DEMO
47.0,372.6,82.4,9.3,25.4,53.7,82.4,0.462,2,0,0.824,1,0.214,0.3898,MEDIUM,DEMO
40.5,2518.3,65.2,7.2,25.1,43.4,65.2,0.528,1,1,0.328,0,0.212,0.2712,MEDIUM,DEMO
30.7,1237.1,40.7,8.0,16.7,32.3,40.7,0.282,1,0,0.322,3,0.41,0.2072,LOW,DEMO
21.8,854.7,82.2,11.0,28.3,50.7,82.2,0.42,2,2,0.681,1,0.216,0.2004,LOW,DEMO
20.9,1019.0,101.5,13.8,31.4,59.5,101.5,0.432,1,1,0.709,2,0.241,0.261,MEDIUM,DEMO
25.1,106.8,87.2,5.9,29.2,61.0,87.2,0.513,1,2,0.451,1,0.261,0.2121,LOW,DEMO
35.1,946.3,16.3,2.5,7.5,12.1,16.3,0.266,2,0,0.754,0,0.263,0.1355,LOW,DEMO
41.2,721.1,113.6,17.5,38.0,82.9,113.6,0.473,1,1,0.251,0,0.539,0.4571,MEDIUM,DEMO
39.1,790.2,32.0,5.5,18.1,24.4,32.0,0.321,1,2,0.399,2,0.32,0.1857,LOW,DEMO
26.3,480.8,100.4,13.1,31.5,56.9,100.4,0.431,1,0,0.427,3,0.373,0.3057,MEDIUM,DEMO
55.5,156.5,103.2,18.3,46.1,70.0,103.2,0.479,2,0,0.358,0,0.43,0.5771,HIGH,DEMO
42.2,273.4,23.2,2.5,10.0,14.4,23.2,0.298,2,0,0.285,1,0.028,0.2191,LOW,DEMO
35.3,2789.7,131.2,23.6,54.5,102.1,131.2,0.518,2,1,0.377,0,0.448,0.4367,MEDIUM,DEMO
37.3,552.9,209.6,26.8,114.8,170.2,209.6,0.65,1,3,0.134,1,0.473,0.6152,HIGH,DEMO
31.1,645.8,62.5,11.6,27.7,39.6,62.5,0.336,2,0,0.655,1,0.61,0.282,MEDIUM,DEMO
25.0,128.7,100.4,15.1,30.4,58.1,100.4,0.423,3,1,0.64,1,0.314,0.3095,MEDIUM,DEMO
29.0,114.5,55.3,12.6,25.9,34.6,55.3,0.38,2,2,0.462,1,0.106,0.2067,LOW,DEMO
43.1,1216.7,31.6,3.7,8.4,18.4,31.6,0.336,1,1,0.365,3,0.045,0.209,LOW,DEMO
9.8,775.2,139.0,16.7,46.3,89.9,139.0,0.57,2,0,0.45,0,0.183,0.334,MEDIUM,DEMO
18.7,719.6,102.0,20.0,49.7,72.6,102.0,0.532,2,3,0.832,2,0.12,0.2381,LOW,DEMO
13.6,330.7,46.8,8.4,20.0,39.4,46.8,0.311,3,0,0.579,1,0.116,0.1649,LOW,DEMO
13.1,1309.0,32.7,2.9,14.5,21.9,32.7,0.318,2,0,0.676,0,0.313,0.1085,LOW,DEMO
48.1,245.8,216.5,21.7,94.2,133.4,216.5,0.642,2,3,0.294,0,0.435,0.6347,HIGH,DEMO
40.8,269.6,26.4,4.4,11.7,15.9,26.4,0.244,2,0,0.192,2,0.072,0.217,LOW,DEMO
32.7,635.8,111.1,8.0,39.6,66.9,111.1,0.485,0,2,0.183,1,0.394,0.3173,MEDIUM,DEMO
17.6,383.5,85.2,18.2,38.4,51.8,85.2,0.447,1,0,0.479,2,0.378,0.2909,MEDIUM,DEMO
33.3,335.9,122.8,19.0,54.8,95.6,122.8,0.424,0,2,0.665,0,0.273,0.3183,MEDIUM,DEMO
32.7,1012.7,182.9,14.9,53.6,103.9,182.9,0.571,1,1,0.708,1,0.431,0.5273,HIGH,DEMO
21.8,1027.3,6.6,1.1,3.4,5.6,6.6,0.239,2,1,0.668,3,0.537,0.1015,LOW,DEMO
31.5,1646.2,35.7,7.4,16.3,25.2,35.7,0.241,1,1,0.814,3,0.261,0.1628,LOW,DEMO
30.4,566.7,70.1,14.0,29.4,50.0,70.1,0.378,0,0,0.16,2,0.387,0.3099,MEDIUM,DEMO
37.4,148.3,191.7,18.3,78.1,126.0,191.7,0.549,1,0,0.77,2,0.691,0.6125,HIGH,DEMO
38.1,367.8,57.0,10.8,24.8,43.2,57.0,0.364,0,2,0.622,2,0.214,0.2276,LOW,DEMO
13.6,3601.1,49.6,7.8,20.8,34.3,49.6,0.356,2,2,0.253,1,0.397,0.1568,LOW,DEMO
29.6,896.3,10.9,2.0,5.2,7.1,10.9,0.29,2,2,0.639,1,0.037,0.1066,LOW,DEMO
37.8,1193.3,46.2,7.6,17.4,29.1,46.2,0.358,2,3,0.509,3,0.27,0.1887,LOW,DEMO
33.6,86.6,108.7,12.6,47.3,90.0,108.7,0.528,0,3,0.393,2,0.098,0.304,MEDIUM,DEMO
48.1,737.2,70.4,10.9,30.4,44.9,70.4,0.34,0,2,0.308,2,0.031,0.3221,MEDIUM,DEMO
39.0,114.4,45.3,5.0,17.0,30.9,45.3,0.296,3,3,0.473,0,0.381,0.1689,LOW,DEMO
21.2,838.0,218.1,22.7,99.3,142.9,218.1,0.688,0,0,0.302,3,0.117,0.5211,HIGH,DEMO
15.7,2361.9,62.2,3.9,16.7,35.8,62.2,0.359,2,2,0.183,1,0.07,0.1421,LOW,DEMO
38.4,3189.7,82.4,6.6,27.4,49.9,82.4,0.459,2,2,0.763,3,0.142,0.2258,LOW,DEMO
11.6,780.0,43.3,4.8,12.6,26.3,43.3,0.358,1,0,0.571,2,0.187,0.1416,LOW,DEMO
36.4,631.6,31.4,2.6,11.3,23.8,31.4,0.404,1,3,0.396,0,0.386,0.1427,LOW,DEMO
54.1,2690.7,117.9,19.0,51.3,79.2,117.9,0.464,0,0,0.459,1,0.17,0.6161,HIGH,DEMO
36.0,1087.7,19.5,3.3,8.7,15.3,19.5,0.212,3,1,0.777,3,0.519,0.157,LOW,DEMO
30.1,140.4,102.9,26.3,55.8,78.5,102.9,0.458,1,0,0.363,0,0.061,0.331,MEDIUM,DEMO
38.4,644.2,4.3,0.6,1.6,2.6,4.3,0.254,0,1,0.409,3,0.417,0.1517,LOW,DEMO
32.2,327.3,93.8,18.0,36.3,67.4,93.8,0.451,1,1,0.702,1,0.092,0.3469,MEDIUM,DEMO
35.0,651.1,34.0,3.7,17.5,26.3,34.0,0.346,0,1,0.272,0,0.098,0.1628,LOW,DEMO
54.2,627.0,39.7,7.7,18.7,29.4,39.7,0.297,2,2,0.621,1,0.351,0.3163,MEDIUM,DEMO
30.0,865.4,62.6,6.6,31.5,45.7,62.6,0.316,1,2,0.45,0,0.186,0.1542,LOW,DEMO
56.2,477.1,29.5,6.1,14.6,22.7,29.5,0.297,0,2,0.5,0,0.557,0.2785,MEDIUM,DEMO
51.3,241.5,15.2,1.4,4.3,8.6,15.2,0.159,0,0,0.718,3,0.555,0.2395,LOW,DEMO
22.8,710.6,67.0,12.9,33.6,51.5,67.0,0.378,0,1,0.875,2,0.158,0.2,LOW,DEMO
15.6,1675.8,121.6,12.8,43.6,76.8,121.6,0.455,0,2,0.752,0,0.188,0.2034,LOW,DEMO
17.8,1061.6,88.1,9.3,37.4,63.6,88.1,0.457,1,1,0.242,0,0.323,0.2096,LOW,DEMO
10.4,451.7,149.2,28.2,67.5,92.9,149.2,0.428,2,1,0.291,0,0.267,0.3413,MEDIUM,DEMO
17.4,2547.3,17.0,3.6,7.6,13.6,17.0,0.282,0,0,0.432,3,0.652,0.1286,LOW,DEMO
39.9,2269.5,57.3,6.4,25.2,39.8,57.3,0.435,0,0,0.667,1,0.129,0.2735,MEDIUM,DEMO
15.7,291.4,77.6,15.3,32.2,57.7,77.6,0.428,1,3,0.507,0,0.146,0.1694,LOW,DEMO
27.7,116.2,39.8,3.6,15.0,31.4,39.8,0.373,1,2,0.805,2,0.234,0.126,LOW,DEMO
47.5,1296.9,79.9,16.1,38.3,65.4,79.9,0.415,2,0,0.157,3,0.407,0.4689,MEDIUM,DEMO
11.1,1662.2,144.3,34.1,69.8,111.0,144.3,0.435,3,1,0.316,2,0.366,0.3744,MEDIUM,DEMO
45.8,3174.0,104.8,8.7,35.7,62.3,104.8,0.453,1,1,0.287,1,0.403,0.4481,MEDIUM,DEMO
26.4,2065.2,157.0,23.7,71.8,126.6,157.0,0.562,0,1,0.686,2,0.234,0.43,MEDIUM,DEMO
18.8,905.9,91.4,14.1,46.8,67.2,91.4,0.366,0,1,0.473,2,0.064,0.2383,LOW,DEMO
40.5,759.6,70.7,7.5,23.8,51.8,70.7,0.375,1,1,0.131,0,0.064,0.2655,MEDIUM,DEMO
37.9,105.4,184.1,34.9,82.0,152.2,184.1,0.447,2,3,0.708,3,0.424,0.4869,MEDIUM,DEMO
49.4,334.9,82.0,14.2,35.5,51.2,82.0,0.386,2,3,0.395,3,0.36,0.3806,MEDIUM,DEMO
42.1,633.9,208.4,46.2,94.1,129.6,208.4,0.615,0,3,0.318,1,0.067,0.6043,HIGH,DEMO
45.3,971.2,133.0,13.7,53.7,93.7,133.0,0.567,2,2,0.259,1,0.148,0.4911,MEDIUM,DEMO
26.4,813.3,46.6,9.4,25.9,36.1,46.6,0.306,3,0,0.839,0,0.445,0.1688,LOW,DEMO
22.0,1301.5,66.0,7.7,23.0,45.1,66.0,0.359,3,1,0.836,2,0.22,0.1727,LOW,DEMO
42.8,375.4,183.2,33.3,70.0,135.6,183.2,0.586,1,1,0.178,1,0.076,0.6446,HIGH,DEMO
45.4,829.1,149.3,14.6,72.0,102.4,149.3,0.498,0,2,0.297,1,0.307,0.5272,HIGH,DEMO
60.7,163.0,120.5,31.6,63.7,88.3,120.5,0.51,0,3,0.611,0,0.056,0.5472,HIGH,DEMO
30.9,560.5,112.4,15.9,46.3,89.5,112.4,0.359,1,1,0.63,0,0.27,0.3079,MEDIUM,DEMO
29.5,1328.2,27.2,3.0,7.7,16.5,27.2,0.357,1,0,0.437,3,0.107,0.1493,LOW,DEMO
44.0,1144.0,32.6,3.6,11.8,24.7,32.6,0.31,3,0,0.552,1,0.211,0.2469,LOW,DEMO
28.5,4200.0,88.5,16.8,36.8,69.6,88.5,0.479,1,1,0.654,2,0.161,0.3011,MEDIUM,DEMO
53.3,373.0,40.4,6.9,18.7,27.6,40.4,0.188,2,0,0.842,2,0.301,0.3186,MEDIUM,DEMO
48.3,700.6,62.9,9.8,24.6,40.7,62.9,0.245,2,3,0.671,3,0.137,0.2652,MEDIUM,DEMO
31.4,439.8,59.9,7.7,19.5,33.2,59.9,0.347,1,1,0.204,3,0.449,0.2334,LOW,DEMO
42.8,602.8,108.9,16.6,53.7,85.9,108.9,0.477,1,3,0.666,1,0.384,0.416,MEDIUM,DEMO
43.0,1830.1,90.8,9.4,42.2,58.8,90.8,0.391,2,0,0.171,3,0.355,0.3845,MEDIUM,DEMO
17.9,1117.4,142.3,19.7,44.6,93.5,142.3,0.543,2,0,0.502,1,0.309,0.4117,MEDIUM,DEMO
51.1,2006.7,91.9,11.3,39.4,59.8,91.9,0.47,3,1,0.52,1,0.079,0.4575,MEDIUM,DEMO
33.7,284.8,87.4,20.2,44.5,61.2,87.4,0.446,2,3,0.711,2,0.158,0.2844,MEDIUM,DEMO
46.5,1939.8,75.8,11.3,29.6,57.7,75.8,0.396,2,0,0.129,3,0.306,0.4042,MEDIUM,DEMO
27.8,135.5,155.7,26.1,85.3,121.7,155.7,0.544,2,2,0.785,1,0.219,0.3971,MEDIUM,DEMO
50.6,2055.2,76.4,12.7,33.6,51.0,76.4,0.361,0,1,0.625,1,0.189,0.4236,MEDIUM,DEMO
30.1,439.2,45.6,6.1,15.5,34.2,45.6,0.332,2,3,0.144,2,0.275,0.1683,LOW,DEMO
9.2,420.0,115.8,19.0,46.1,88.7,115.8,0.414,3,0,0.242,1,0.157,0.3464,MEDIUM,DEMO
51.3,725.9,70.2,12.7,28.3,44.9,70.2,0.341,1,1,0.15,2,0.573,0.4597,MEDIUM,DEMO
17.2,2622.5,132.0,11.4,45.9,76.4,132.0,0.521,1,0,0.702,2,0.108,0.2934,MEDIUM,DEMO
27.7,124.1,165.9,39.9,82.6,135.7,165.9,0.535,1,0,0.25,2,0.269,0.4987,MEDIUM,DEMO
55.1,470.8,66.1,8.4,25.8,49.7,66.1,0.336,3,1,0.155,0,0.067,0.3769,MEDIUM,DEMO
55.1,1827.7,162.3,36.1,78.8,120.8,162.3,0.574,0,0,0.225,1,0.254,0.7321,HIGH,DEMO
35.9,533.8,134.1,10.7,40.4,76.2,134.1,0.518,2,2,0.545,0,0.125,0.3101,MEDIUM,DEMO
38.0,279.9,51.6,4.9,23.2,41.0,51.6,0.335,2,2,0.497,2,0.324,0.1961,LOW,DEMO
32.0,577.7,41.0,6.2,16.5,29.5,41.0,0.319,2,0,0.307,0,0.654,0.2012,LOW,DEMO
26.8,518.3,38.5,6.0,20.2,30.9,38.5,0.342,1,3,0.837,3,0.164,0.1175,LOW,DEMO
28.1,2303.0,32.0,6.4,12.9,26.9,32.0,0.358,3,3,0.77,1,0.04,0.1298,LOW,DEMO
39.5,1371.7,152.8,15.1,65.4,127.9,152.8,0.544,0,3,0.359,0,0.372,0.4299,MEDIUM,DEMO
42.9,713.1,66.7,5.9,27.5,53.8,66.7,0.314,0,1,0.481,2,0.225,0.2803,MEDIUM,DEMO
44.7,4088.8,200.0,11.4,53.4,110.7,200.0,0.61,1,1,0.513,0,0.051,0.5546,HIGH,DEMO
44.6,643.4,47.2,5.2,19.7,38.5,47.2,0.317,0,0,0.695,1,0.579,0.2982,MEDIUM,DEMO
17.2,134.0,53.8,7.3,19.5,30.8,53.8,0.297,1,0,0.445,1,0.243,0.1797,LOW,DEMO
33.4,353.8,105.6,20.0,57.0,85.1,105.6,0.471,0,1,0.535,1,0.055,0.3856,MEDIUM,DEMO
14.7,595.5,193.8,24.3,79.7,122.9,193.8,0.639,2,1,0.434,0,0.256,0.4443,MEDIUM,DEMO
35.1,233.6,52.1,5.1,22.6,38.2,52.1,0.383,1,1,0.7,1,0.251,0.218,LOW,DEMO
31.7,2733.4,124.9,8.8,32.7,70.1,124.9,0.432,2,1,0.543,0,0.338,0.2987,MEDIUM,DEMO
50.1,1390.5,76.1,11.2,43.9,59.5,76.1,0.399,1,0,0.749,2,0.275,0.405,MEDIUM,DEMO
28.8,361.1,106.4,13.2,31.1,62.1,106.4,0.447,0,1,0.161,0,0.562,0.324,MEDIUM,DEMO
18.8,884.2,42.7,8.1,18.7,28.8,42.7,0.345,0,0,0.807,1,0.211,0.1625,LOW,DEMO
20.2,1230.3,116.9,29.2,67.3,93.0,116.9,0.474,0,1,0.743,1,0.734,0.365,MEDIUM,DEMO
43.3,2631.5,63.1,15.5,31.6,47.9,63.1,0.367,0,0,0.742,3,0.104,0.3312,MEDIUM,DEMO
37.5,2000.6,55.5,7.3,15.8,30.6,55.5,0.346,0,0,0.227,0,0.301,0.243,LOW,DEMO
17.8,731.6,74.2,9.5,27.1,49.7,74.2,0.443,1,3,0.32,3,0.279,0.1697,LOW,DEMO
16.7,1421.1,110.5,9.3,28.5,62.2,110.5,0.412,1,0,0.865,0,0.217,0.2064,LOW,DEMO
40.7,823.3,68.1,15.4,32.4,51.2,68.1,0.368,1,1,0.842,2,0.285,0.322,MEDIUM,DEMO
15.9,804.1,55.9,11.4,29.8,47.0,55.9,0.408,0,3,0.292,0,0.451,0.1496,LOW,DEMO
46.2,189.7,69.6,10.0,34.7,52.0,69.6,0.339,3,0,0.449,3,0.252,0.3496,MEDIUM,DEMO
40.9,201.3,68.5,7.1,19.2,42.3,68.5,0.339,0,1,0.239,2,0.57,0.3157,MEDIUM,DEMO
16.5,758.6,105.0,23.8,47.9,68.9,105.0,0.482,1,0,0.32,0,0.267,0.2927,MEDIUM,DEMO
16.7,361.8,58.5,15.1,33.1,49.3,58.5,0.287,1,0,0.26,0,0.331,0.2013,LOW,DEMO
59.9,99.1,57.4,5.0,17.5,35.5,57.4,0.39,2,1,0.182,1,0.209,0.4523,MEDIUM,DEMO
29.6,1234.8,43.0,8.3,17.1,30.9,43.0,0.305,1,1,0.56,1,0.223,0.1983,LOW,DEMO
29.5,109.7,109.2,23.2,47.0,73.2,109.2,0.473,1,0,0.303,1,0.259,0.412,MEDIUM,DEMO
45.7,894.1,83.1,10.5,38.8,64.9,83.1,0.343,2,1,0.874,1,0.077,0.3474,MEDIUM,DEMO
54.8,777.3,155.1,28.5,60.9,125.7,155.1,0.597,1,0,0.512,2,0.121,0.6814,HIGH,DEMO
59.7,3201.0,143.2,20.7,44.5,93.4,143.2,0.455,0,3,0.393,0,0.056,0.5866,HIGH,DEMO
42.9,675.9,88.5,9.6,45.3,66.2,88.5,0.451,1,1,0.814,0,0.293,0.3066,MEDIUM,DEMO
29.7,139.1,71.1,10.1,25.2,50.8,71.1,0.323,3,0,0.592,0,0.103,0.2086,LOW,DEMO
16.6,802.0,76.3,7.1,24.3,48.3,76.3,0.482,1,2,0.217,0,0.445,0.1631,LOW,DEMO
44.0,1735.5,49.4,8.8,21.8,31.2,49.4,0.338,1,0,0.498,1,0.205,0.312,MEDIUM,DEMO
35.4,4200.0,43.3,9.3,19.5,30.8,43.3,0.428,0,0,0.455,2,0.286,0.2495,LOW,DEMO
31.2,586.4,38.9,5.1,14.7,23.2,38.9,0.281,2,0,0.702,2,0.405,0.1829,LOW,DEMO
51.4,427.5,67.2,10.3,31.7,53.3,67.2,0.353,0,1,0.647,0,0.578,0.3659,MEDIUM,DEMO
18.4,2214.3,7.7,1.3,2.7,4.4,7.7,0.325,0,0,0.402,1,0.232,0.1169,LOW,DEMO
33.3,271.0,189.3,34.0,69.0,109.5,189.3,0.53,1,0,0.477,0,0.169,0.5172,HIGH,DEMO
9.3,940.1,222.7,23.5,107.6,145.3,222.7,0.629,1,1,0.514,3,0.044,0.4496,MEDIUM,DEMO
32.6,548.4,35.8,5.2,10.8,21.0,35.8,0.341,3,3,0.441,1,0.417,0.1692,LOW,DEMO
14.6,117.8,220.6,17.7,78.6,152.8,220.6,0.609,0,1,0.202,2,0.154,0.4856,MEDIUM,DEMO
18.9,464.0,36.2,3.4,11.3,24.2,36.2,0.343,1,1,0.808,1,0.284,0.1313,LOW,DEMO
18.8,357.4,76.6,16.3,38.0,58.7,76.6,0.401,0,3,0.631,0,0.311,0.1788,LOW,DEMO
38.6,1122.8,97.5,21.7,50.1,81.5,97.5,0.355,2,0,0.477,0,0.502,0.3933,MEDIUM,DEMO
42.6,2754.6,81.0,12.7,30.4,62.9,81.0,0.449,1,0,0.553,2,0.486,0.3949,MEDIUM,DEMO
36.3,360.8,52.0,3.7,17.6,31.4,52.0,0.283,2,3,0.282,3,0.216,0.1713,LOW,DEMO
56.3,1581.6,50.2,5.0,21.0,41.7,50.2,0.382,1,1,0.523,0,0.541,0.3505,MEDIUM,DEMO
29.6,131.3,125.8,22.2,46.1,84.0,125.8,0.49,1,0,0.687,1,0.32,0.4232,MEDIUM,DEMO
26.5,775.2,157.9,18.0,80.4,109.3,157.9,0.52,1,1,0.526,1,0.132,0.4473,MEDIUM,DEMO
48.9,145.8,18.3,1.8,8.1,12.4,18.3,0.229,1,2,0.485,1,0.089,0.1975,LOW,DEMO
24.0,2526.7,89.6,11.6,25.7,56.8,89.6,0.433,1,0,0.471,1,0.549,0.3024,MEDIUM,DEMO
56.5,1388.5,111.1,18.8,47.8,90.9,111.1,0.413,1,0,0.699,0,0.091,0.5418,HIGH,DEMO
9.4,1045.5,85.6,7.7,25.2,55.6,85.6,0.469,2,0,0.693,2,0.144,0.2004,LOW,DEMO
57.3,1643.0,26.3,3.2,12.6,19.0,26.3,0.361,1,1,0.69,0,0.031,0.2628,MEDIUM,DEMO
13.4,1018.5,105.7,18.1,38.8,65.7,105.7,0.528,3,1,0.307,2,0.542,0.3363,MEDIUM,DEMO
50.3,3204.8,145.0,42.5,85.6,114.5,145.0,0.533,0,0,0.59,0,0.204,0.5772,HIGH,DEMO
34.4,1206.5,42.5,4.8,22.3,33.3,42.5,0.309,0,1,0.712,0,0.123,0.1563,LOW,DEMO
61.3,2407.2,51.6,7.3,19.9,32.9,51.6,0.331,1,1,0.547,0,0.103,0.373,MEDIUM,DEMO
15.9,735.2,86.6,12.6,45.2,65.3,86.6,0.392,0,0,0.712,2,0.215,0.2262,LOW,DEMO
35.3,192.1,72.4,16.4,36.5,55.1,72.4,0.397,1,1,0.769,0,0.174,0.2677,MEDIUM,DEMO
57.2,756.0,51.8,5.9,19.5,37.2,51.8,0.368,0,1,0.252,0,0.084,0.3519,MEDIUM,DEMO
34.3,202.1,31.3,5.8,13.9,22.9,31.3,0.37,3,1,0.353,0,0.161,0.1679,LOW,DEMO
37.9,887.9,54.9,8.9,24.5,39.7,54.9,0.353,1,3,0.577,0,0.202,0.1838,LOW,DEMO
40.5,672.9,12.4,1.5,4.2,7.1,12.4,0.203,1,0,0.34,1,0.153,0.1904,LOW,DEMO
32.1,956.9,112.3,19.4,42.5,84.3,112.3,0.438,2,0,0.835,2,0.455,0.3901,MEDIUM,DEMO
37.8,89.1,46.2,5.6,16.5,31.9,46.2,0.414,0,1,0.268,3,0.407,0.2384,LOW,DEMO
36.3,275.0,123.6,20.4,45.0,84.3,123.6,0.402,3,1,0.391,3,0.475,0.4399,MEDIUM,DEMO
51.0,688.4,65.3,7.4,23.9,52.7,65.3,0.408,1,3,0.876,0,0.319,0.2654,MEDIUM,DEMO
13.6,2785.3,83.3,8.5,33.7,46.4,83.3,0.385,0,0,0.264,0,0.178,0.1913,LOW,DEMO
26.3,515.5,21.3,2.9,8.7,13.3,21.3,0.245,2,0,0.461,1,0.248,0.1488,LOW,DEMO
55.1,577.1,117.5,15.8,45.3,68.9,117.5,0.488,1,1,0.358,3,0.208,0.5741,HIGH,DEMO
50.3,1208.8,300.6,36.0,104.8,168.5,300.6,0.886,2,3,0.735,1,0.469,0.7351,HIGH,DEMO
32.2,913.2,58.7,10.8,24.4,37.1,58.7,0.376,3,1,0.351,1,0.206,0.2606,MEDIUM,DEMO
37.6,399.6,82.3,19.2,51.9,69.7,82.3,0.39,3,2,0.243,2,0.323,0.3419,MEDIUM,DEMO
26.2,556.1,89.2,14.8,31.8,56.3,89.2,0.351,3,0,0.829,0,0.531,0.2585,MEDIUM,DEMO
22.5,301.0,28.1,5.0,14.0,21.1,28.1,0.297,1,1,0.361,1,0.178,0.1476,LOW,DEMO
32.4,3123.8,34.6,3.0,11.3,20.3,34.6,0.248,2,0,0.684,0,0.593,0.1588,LOW,DEMO
28.9,206.0,107.1,13.2,55.3,78.2,107.1,0.433,0,3,0.341,1,0.226,0.2926,MEDIUM,DEMO
36.3,498.5,42.5,11.7,25.4,36.0,42.5,0.326,2,0,0.256,1,0.253,0.2845,MEDIUM,DEMO
16.2,103.6,64.9,6.5,29.8,41.4,64.9,0.252,1,1,0.73,1,0.206,0.1618,LOW,DEMO
57.9,305.7,83.5,7.1,30.3,67.1,83.5,0.474,1,0,0.162,0,0.146,0.4641,MEDIUM,DEMO
59.8,1444.6,109.5,11.0,50.2,93.0,109.5,0.391,3,3,0.372,2,0.227,0.5108,HIGH,DEMO
40.6,282.2,67.3,7.8,24.0,48.9,67.3,0.366,2,1,0.713,3,0.724,0.2906,MEDIUM,DEMO
34.7,155.1,68.5,9.3,25.8,44.1,68.5,0.404,3,3,0.509,3,0.238,0.2107,LOW,DEMO
27.4,659.0,272.7,25.3,122.8,205.1,272.7,0.822,1,0,0.644,1,0.109,0.598,HIGH,DEMO
45.8,89.0,136.1,20.4,57.6,109.3,136.1,0.463,0,0,0.171,0,0.034,0.5238,HIGH,DEMO
40.0,159.7,59.8,7.6,24.0,36.0,59.8,0.236,3,0,0.69,0,0.015,0.2194,LOW,DEMO
21.2,1563.5,69.1,10.9,25.1,47.4,69.1,0.432,1,1,0.251,2,0.338,0.2293,LOW,DEMO
51.7,1408.5,212.7,43.5,97.0,137.3,212.7,0.583,3,0,0.735,0,0.056,0.6658,HIGH,DEMO
46.3,2300.1,109.7,14.2,35.1,69.7,109.7,0.472,2,2,0.549,0,0.211,0.3747,MEDIUM,DEMO
55.0,1814.9,147.0,22.8,66.5,118.8,147.0,0.544,3,0,0.682,1,0.112,0.6672,HIGH,DEMO
41.7,1114.5,58.8,6.7,25.3,39.8,58.8,0.197,2,1,0.282,1,0.432,0.2991,MEDIUM,DEMO
37.3,128.4,54.1,10.1,22.3,35.3,54.1,0.27,2,0,0.421,0,0.401,0.2478,LOW,DEMO
31.0,1454.4,182.2,19.1,63.1,133.2,182.2,0.565,0,1,0.73,3,0.319,0.4976,MEDIUM,DEMO
53.5,1760.9,72.6,9.7,31.5,44.7,72.6,0.256,3,1,0.812,2,0.179,0.3776,MEDIUM,DEMO
48.7,1524.4,71.9,13.3,28.0,44.5,71.9,0.317,0,0,0.292,0,0.276,0.3873,MEDIUM,DEMO
13.6,719.2,56.1,13.9,28.2,39.6,56.1,0.36,0,3,0.723,0,0.348,0.1378,LOW,DEMO
11.5,318.6,143.4,32.2,68.5,96.5,143.4,0.512,1,2,0.203,0,0.265,0.3066,MEDIUM,DEMO
29.7,1759.8,86.3,16.9,33.8,55.1,86.3,0.425,2,1,0.444,0,0.303,0.288,MEDIUM,DEMO
45.6,1249.0,33.0,6.2,13.5,18.7,33.0,0.334,2,1,0.833,0,0.166,0.2071,LOW,DEMO
60.0,3635.7,51.8,10.6,25.8,36.6,51.8,0.262,1,0,0.838,2,0.049,0.4175,MEDIUM,DEMO
20.6,232.3,162.1,27.4,95.0,128.9,162.1,0.487,2,1,0.345,2,0.184,0.4153,MEDIUM,DEMO
36.7,310.2,87.6,24.2,49.7,70.5,87.6,0.451,2,1,0.267,0,0.415,0.3651,MEDIUM,DEMO
29.8,294.2,144.3,28.9,62.4,89.6,144.3,0.594,2,0,0.234,1,0.123,0.4937,MEDIUM,DEMO
57.3,1495.5,98.2,11.5,42.4,71.7,98.2,0.384,1,2,0.485,3,0.155,0.4496,MEDIUM,DEMO
47.3,266.2,36.5,5.2,15.1,29.5,36.5,0.331,2,0,0.19,1,0.209,0.3101,MEDIUM,DEMO
47.1,142.1,105.1,11.3,51.1,70.7,105.1,0.485,3,0,0.391,3,0.343,0.4593,MEDIUM,DEMO
32.6,4200.0,73.8,19.8,40.8,61.2,73.8,0.399,3,1,0.133,1,0.169,0.3511,MEDIUM,DEMO
30.9,102.6,52.8,8.6,23.2,43.3,52.8,0.336,0,1,0.317,1,0.098,0.2248,LOW,DEMO
26.0,1703.0,56.1,5.2,19.0,34.3,56.1,0.322,0,0,0.804,1,0.525,0.1969,LOW,DEMO
14.6,489.2,142.1,16.8,58.5,89.2,142.1,0.613,0,1,0.46,3,0.199,0.3572,MEDIUM,DEMO
48.6,1738.5,89.5,15.9,32.1,54.1,89.5,0.421,1,0,0.176,1,0.424,0.5279,HIGH,DEMO
45.8,807.9,85.5,9.5,24.7,52.0,85.5,0.428,1,2,0.612,3,0.238,0.3096,MEDIUM,DEMO
64.3,2167.1,193.3,25.5,78.3,159.0,193.3,0.625,1,1,0.846,1,0.249,0.7788,VERY HIGH,DEMO
62.4,2425.7,46.7,9.1,26.1,38.7,46.7,0.296,2,2,0.472,0,0.316,0.3517,MEDIUM,DEMO
35.3,88.2,71.4,5.1,22.2,40.4,71.4,0.385,1,0,0.594,0,0.175,0.2158,LOW,DEMO
43.6,150.6,49.6,4.8,21.7,36.1,49.6,0.326,0,2,0.819,0,0.289,0.1834,LOW,DEMO
54.5,339.3,103.8,19.2,50.8,74.6,103.8,0.426,1,2,0.439,0,0.45,0.4926,MEDIUM,DEMO
47.7,1075.9,86.5,13.8,39.0,57.7,86.5,0.426,0,2,0.625,2,0.115,0.3621,MEDIUM,DEMO
25.0,2052.5,59.6,6.8,22.0,44.1,59.6,0.315,2,2,0.455,1,0.234,0.168,LOW,DEMO
32.0,634.5,64.8,9.6,25.9,54.0,64.8,0.31,1,1,0.851,2,0.248,0.2181,LOW,DEMO
19.5,920.5,133.5,11.2,50.3,80.2,133.5,0.523,2,0,0.503,2,0.441,0.3358,MEDIUM,DEMO
55.5,268.0,154.8,29.5,61.0,90.8,154.8,0.511,1,2,0.793,3,0.213,0.5898,HIGH,DEMO
37.1,1551.1,51.6,4.1,14.3,28.9,51.6,0.329,2,0,0.505,0,0.314,0.2024,LOW,DEMO
24.2,3159.1,308.4,25.3,114.1,203.3,308.4,0.726,1,0,0.628,0,0.2,0.5042,HIGH,DEMO
39.5,361.5,27.5,3.2,12.7,17.9,27.5,0.349,0,3,0.413,1,0.035,0.1668,LOW,DEMO
37.5,694.6,35.4,4.0,17.6,24.1,35.4,0.342,2,0,0.817,0,0.476,0.1808,LOW,DEMO
29.1,161.0,62.9,6.5,25.8,44.1,62.9,0.402,0,0,0.612,0,0.34,0.1932,LOW,DEMO
18.6,817.1,44.9,5.4,16.5,34.9,44.9,0.353,1,1,0.135,2,0.214,0.1586,LOW,DEMO
39.5,708.9,41.0,6.1,14.4,27.4,41.0,0.25,2,3,0.132,2,0.289,0.2032,LOW,DEMO
34.2,220.4,152.5,14.5,51.5,99.0,152.5,0.545,1,3,0.634,2,0.095,0.3813,MEDIUM,DEMO
43.8,605.2,106.2,14.6,44.2,84.7,106.2,0.417,2,1,0.207,3,0.182,0.4342,MEDIUM,DEMO
34.2,446.0,80.7,18.6,38.9,65.0,80.7,0.352,1,0,0.664,1,0.46,0.3696,MEDIUM,DEMO
47.9,744.0,53.0,5.9,20.5,32.9,53.0,0.373,0,1,0.365,3,0.183,0.2963,MEDIUM,DEMO
35.2,872.9,36.6,5.0,11.5,23.6,36.6,0.401,0,1,0.53,0,0.094,0.166,LOW,DEMO
35.5,87.7,35.3,5.0,20.2,28.1,35.3,0.39,1,0,0.253,3,0.054,0.1997,LOW,DEMO
49.4,1368.2,152.1,14.1,55.5,87.3,152.1,0.564,1,3,0.307,0,0.049,0.4897,MEDIUM,DEMO
30.6,1203.5,148.3,20.4,60.4,96.1,148.3,0.524,1,0,0.452,3,0.384,0.4654,MEDIUM,DEMO
19.7,490.5,63.9,8.8,32.6,43.7,63.9,0.358,2,0,0.626,0,0.365,0.1719,LOW,DEMO
11.8,128.9,25.7,4.7,9.9,15.6,25.7,0.252,2,0,0.238,2,0.489,0.1432,LOW,DEMO
43.0,1345.6,111.9,10.6,49.3,67.6,111.9,0.444,2,3,0.334,1,0.094,0.3704,MEDIUM,DEMO
37.6,2874.5,64.0,8.8,23.2,43.4,64.0,0.414,1,0,0.277,1,0.041,0.2988,MEDIUM,DEMO
40.8,327.2,137.0,21.2,55.5,106.4,137.0,0.596,1,1,0.776,0,0.075,0.4496,MEDIUM,DEMO
23.6,431.8,34.9,3.7,16.9,28.0,34.9,0.274,1,3,0.612,2,0.231,0.1104,LOW,DEMO
19.9,262.8,80.3,17.1,40.8,67.8,80.3,0.299,1,0,0.476,0,0.525,0.2502,MEDIUM,DEMO
9.9,854.2,32.5,3.3,9.6,18.6,32.5,0.284,2,0,0.84,1,0.113,0.1208,LOW,DEMO
28.8,231.4,45.8,7.7,18.6,28.1,45.8,0.38,2,0,0.679,0,0.691,0.1912,LOW,DEMO
36.5,476.3,45.0,7.2,16.0,34.9,45.0,0.437,1,1,0.828,1,0.036,0.2157,LOW,DEMO
30.2,1154.7,63.2,8.8,29.6,45.0,63.2,0.433,0,1,0.574,0,0.234,0.1994,LOW,DEMO
31.6,819.1,160.0,21.0,60.9,103.7,160.0,0.611,3,2,0.225,1,0.063,0.4703,MEDIUM,DEMO
51.2,519.7,83.0,9.3,33.4,50.8,83.0,0.362,1,0,0.633,3,0.261,0.4021,MEDIUM,DEMO
28.8,570.6,123.4,12.1,46.4,78.2,123.4,0.438,3,2,0.273,3,0.37,0.3023,MEDIUM,DEMO
34.0,823.2,79.7,8.1,40.2,54.1,79.7,0.332,2,3,0.383,0,0.253,0.1982,LOW,DEMO
44.3,85.3,57.4,9.3,19.1,34.6,57.4,0.323,1,3,0.507,0,0.53,0.2441,LOW,DEMO
30.3,153.6,14.3,3.0,8.9,12.0,14.3,0.322,0,1,0.24,0,0.081,0.1249,LOW,DEMO
37.6,1997.7,36.3,2.0,9.9,21.1,36.3,0.399,3,3,0.136,2,0.369,0.1797,LOW,DEMO
48.5,153.0,75.8,8.5,42.0,64.1,75.8,0.408,2,3,0.369,0,0.605,0.3169,MEDIUM,DEMO
55.0,1184.2,84.7,11.4,39.8,68.0,84.7,0.395,0,1,0.746,0,0.693,0.4472,MEDIUM,DEMO
20.4,2353.6,137.3,13.2,64.7,92.9,137.3,0.452,1,0,0.132,0,0.432,0.3398,MEDIUM,DEMO
52.9,364.1,20.5,3.4,10.9,15.8,20.5,0.282,2,3,0.203,2,0.164,0.2379,LOW,DEMO
33.3,496.5,245.6,27.9,127.3,184.5,245.6,0.716,0,2,0.733,3,0.275,0.5211,HIGH,DEMO
25.5,837.3,14.2,0.9,4.2,8.7,14.2,0.203,0,0,0.352,2,0.209,0.1238,LOW,DEMO
32.3,2001.1,72.7,13.2,33.0,47.4,72.7,0.431,1,3,0.833,2,0.34,0.2276,LOW,DEMO
58.7,2641.1,50.4,8.6,18.2,35.5,50.4,0.322,0,0,0.409,1,0.555,0.4773,MEDIUM,DEMO
33.3,1290.9,36.8,4.0,12.5,27.3,36.8,0.361,0,0,0.725,1,0.391,0.199,LOW,DEMO
28.1,161.5,186.1,30.8,68.4,132.7,186.1,0.595,0,0,0.317,2,0.166,0.5368,HIGH,DEMO
38.1,1075.5,51.8,4.4,21.3,35.9,51.8,0.361,0,0,0.167,0,0.204,0.2225,LOW,DEMO
24.7,555.3,19.2,3.8,8.8,13.1,19.2,0.251,0,1,0.79,0,0.076,0.0992,LOW,DEMO
16.1,652.6,28.9,2.3,10.4,20.2,28.9,0.286,3,1,0.825,2,0.557,0.1154,LOW,DEMO
19.4,125.4,147.6,21.9,48.6,100.4,147.6,0.556,1,1,0.658,0,0.678,0.3752,MEDIUM,DEMO
19.4,270.8,30.1,6.4,13.8,21.4,30.1,0.299,1,1,0.705,1,0.328,0.1421,LOW,DEMO
20.7,1486.8,24.3,6.4,14.8,19.8,24.3,0.24,1,2,0.125,2,0.394,0.1279,LOW,DEMO
20.0,624.6,85.7,17.8,40.0,63.4,85.7,0.415,0,0,0.693,1,0.219,0.2879,MEDIUM,DEMO
38.3,403.1,62.9,11.7,31.7,48.2,62.9,0.386,3,3,0.479,2,0.256,0.248,LOW,DEMO
22.2,516.1,101.4,12.8,45.7,73.9,101.4,0.507,1,2,0.464,1,0.361,0.2659,MEDIUM,DEMO
28.7,1814.2,57.6,11.5,29.3,42.8,57.6,0.415,1,2,0.53,0,0.127,0.1677,LOW,DEMO
50.7,1324.1,118.8,21.2,63.8,85.9,118.8,0.467,3,1,0.326,0,0.224,0.5267,HIGH,DEMO
32.7,366.1,26.7,1.8,9.1,14.9,26.7,0.272,2,3,0.649,0,0.333,0.1084,LOW,DEMO
39.3,192.5,22.7,3.8,11.1,19.3,22.7,0.281,1,0,0.345,0,0.479,0.1914,LOW,DEMO
21.7,341.3,90.8,14.2,36.0,50.9,90.8,0.393,3,0,0.545,0,0.82,0.2741,MEDIUM,DEMO
22.6,2361.7,62.9,6.4,31.2,42.1,62.9,0.392,3,2,0.224,0,0.335,0.149,LOW,DEMO
13.1,864.2,55.4,6.1,15.8,32.2,55.4,0.405,3,2,0.633,0,0.244,0.1132,LOW,DEMO
21.5,766.2,111.9,16.0,40.4,64.8,111.9,0.52,0,0,0.264,1,0.233,0.3638,MEDIUM,DEMO
26.2,896.6,266.8,35.8,144.6,210.2,266.8,0.725,3,1,0.25,1,0.114,0.5766,HIGH,DEMO
21.9,490.2,23.2,3.2,9.6,15.7,23.2,0.267,1,1,0.138,2,0.149,0.1306,LOW,DEMO
17.0,1561.1,163.5,36.2,74.0,129.2,163.5,0.533,2,1,0.213,0,0.041,0.3735,MEDIUM,DEMO
19.0,746.8,114.9,21.8,47.0,72.6,114.9,0.367,0,1,0.297,2,0.226,0.32,MEDIUM,DEMO
32.3,191.7,53.7,5.8,17.9,33.7,53.7,0.29,0,3,0.289,0,0.463,0.1625,LOW,DEMO
23.3,204.4,194.6,20.6,67.5,121.7,194.6,0.61,0,3,0.369,3,0.378,0.4546,MEDIUM,DEMO
29.3,772.8,29.1,3.8,16.0,21.4,29.1,0.323,1,3,0.161,0,0.2,0.1187,LOW,DEMO
33.6,2562.0,99.1,10.6,50.5,78.7,99.1,0.459,0,1,0.831,2,0.104,0.2871,MEDIUM,DEMO
40.2,411.8,66.6,9.4,32.5,45.7,66.6,0.335,0,0,0.211,0,0.711,0.3166,MEDIUM,DEMO
13.0,1913.0,53.7,11.9,24.7,35.7,53.7,0.325,3,1,0.653,3,0.299,0.1676,LOW,DEMO
45.1,1379.9,32.4,8.6,17.6,27.3,32.4,0.297,2,1,0.527,2,0.365,0.2693,MEDIUM,DEMO
37.9,336.3,331.1,60.4,136.0,193.7,331.1,0.846,1,0,0.54,1,0.166,0.6852,HIGH,DEMO
16.5,113.3,53.4,6.1,19.9,37.2,53.4,0.384,2,1,0.2,1,0.073,0.1708,LOW,DEMO
49.2,176.7,9.4,1.0,4.0,6.3,9.4,0.202,2,1,0.305,0,0.198,0.1909,LOW,DEMO
52.5,1253.4,126.9,17.5,46.1,73.5,126.9,0.428,0,3,0.713,0,0.245,0.4669,MEDIUM,DEMO
14.9,280.5,93.6,14.8,37.6,59.0,93.6,0.409,2,0,0.472,0,0.098,0.2275,LOW,DEMO
26.2,497.6,62.3,5.7,17.4,34.8,62.3,0.297,2,1,0.467,1,0.296,0.1998,LOW,DEMO
45.4,706.9,58.3,10.3,25.3,47.4,58.3,0.263,0,1,0.535,0,0.302,0.2839,MEDIUM,DEMO
42.7,1243.4,71.7,11.9,28.2,52.5,71.7,0.309,1,0,0.45,1,0.547,0.3871,MEDIUM,DEMO
22.3,188.2,127.5,27.8,63.9,101.3,127.5,0.475,1,0,0.733,2,0.387,0.3653,MEDIUM,DEMO
23.4,549.3,94.5,17.4,49.5,66.8,94.5,0.457,2,0,0.689,1,0.322,0.3245,MEDIUM,DEMO
29.5,677.4,104.6,24.6,56.2,76.4,104.6,0.477,0,0,0.361,0,0.426,0.3584,MEDIUM,DEMO
33.1,780.5,104.6,8.6,41.2,79.5,104.6,0.524,2,0,0.737,1,0.357,0.3384,MEDIUM,DEMO
37.5,1615.2,131.1,23.6,58.4,107.8,131.1,0.499,1,3,0.514,0,0.042,0.3576,MEDIUM,DEMO
29.4,249.5,155.0,11.2,41.3,89.5,155.0,0.55,2,0,0.597,0,0.021,0.3568,MEDIUM,DEMO
32.4,1564.4,46.5,4.8,17.2,30.2,46.5,0.324,3,2,0.778,1,0.042,0.1525,LOW,DEMO
42.6,1142.5,85.7,10.4,45.8,65.3,85.7,0.399,3,3,0.482,0,0.273,0.2723,MEDIUM,DEMO
12.7,810.5,150.6,23.6,91.4,126.1,150.6,0.634,2,1,0.695,0,0.316,0.3544,MEDIUM,DEMO
25.2,1162.2,46.2,10.1,20.3,39.0,46.2,0.349,0,0,0.597,2,0.445,0.204,LOW,DEMO
41.2,558.0,171.7,21.9,67.5,127.3,171.7,0.586,2,1,0.444,3,0.246,0.5759,HIGH,DEMO
50.6,214.1,45.9,6.9,14.4,27.9,45.9,0.278,2,0,0.72,2,0.335,0.3193,MEDIUM,DEMO
33.9,1066.3,96.8,7.8,31.5,56.7,96.8,0.45,2,0,0.2,0,0.277,0.2936,MEDIUM,DEMO
34.6,749.4,63.1,9.5,36.4,52.6,63.1,0.4,3,1,0.562,0,0.346,0.2281,LOW,DEMO
18.2,997.9,56.1,9.0,24.6,38.2,56.1,0.41,1,0,0.155,2,0.174,0.1988,LOW,DEMO
31.9,451.2,101.3,12.9,42.3,61.7,101.3,0.47,2,2,0.239,3,0.148,0.2845,MEDIUM,DEMO
34.6,2216.3,155.8,31.8,80.8,129.4,155.8,0.533,1,1,0.575,0,0.352,0.4573,MEDIUM,DEMO
24.8,876.7,62.1,6.2,19.0,36.1,62.1,0.357,1,2,0.354,3,0.513,0.1676,LOW,DEMO
25.9,160.3,164.4,29.1,65.5,126.4,164.4,0.552,1,0,0.319,2,0.093,0.4693,MEDIUM,DEMO
29.7,617.7,44.7,4.9,14.9,33.0,44.7,0.338,1,0,0.846,3,0.22,0.1637,LOW,DEMO
10.7,1350.8,157.2,23.0,62.0,90.6,157.2,0.605,2,1,0.398,0,0.295,0.3779,MEDIUM,DEMO
27.8,1502.5,81.4,11.1,37.4,53.1,81.4,0.455,2,3,0.549,1,0.303,0.2325,LOW,DEMO
23.5,694.2,93.0,15.5,37.6,55.3,93.0,0.46,2,2,0.526,1,0.025,0.2486,LOW,DEMO
28.0,2106.3,31.7,4.3,10.9,23.2,31.7,0.41,3,1,0.167,2,0.174,0.169,LOW,DEMO
18.9,360.4,54.5,8.2,25.6,37.8,54.5,0.218,2,1,0.632,2,0.027,0.1494,LOW,DEMO
50.3,555.8,74.4,5.4,19.0,41.0,74.4,0.365,3,1,0.51,3,0.057,0.3274,MEDIUM,DEMO
36.6,2139.8,145.3,22.7,59.0,122.5,145.3,0.519,2,0,0.41,2,0.123,0.5,HIGH,DEMO
39.8,2119.3,65.6,12.1,25.0,43.0,65.6,0.338,1,1,0.17,0,0.238,0.2897,MEDIUM,DEMO
44.6,1121.7,42.1,3.8,15.6,26.4,42.1,0.282,1,1,0.343,1,0.361,0.271,MEDIUM,DEMO
33.5,1843.0,88.1,16.6,37.8,54.3,88.1,0.328,2,0,0.792,1,0.161,0.3349,MEDIUM,DEMO
16.9,163.7,228.6,32.4,89.3,136.6,228.6,0.659,2,3,0.252,3,0.026,0.4219,MEDIUM,DEMO
34.7,1882.2,94.4,14.2,39.8,80.3,94.4,0.47,2,2,0.287,1,0.418,0.3439,MEDIUM,DEMO
36.4,427.9,65.1,10.5,21.5,41.6,65.1,0.41,2,0,0.276,2,0.25,0.3016,MEDIUM,DEMO
42.5,256.8,88.6,12.2,31.9,59.5,88.6,0.377,3,3,0.797,0,0.327,0.2714,MEDIUM,DEMO
31.4,326.2,39.9,7.1,15.8,32.4,39.9,0.335,0,0,0.652,1,0.179,0.2018,LOW,DEMO
19.4,567.1,178.2,25.1,71.0,132.3,178.2,0.649,1,0,0.79,0,0.447,0.4366,MEDIUM,DEMO
26.4,340.3,176.3,21.4,77.9,116.5,176.3,0.501,2,3,0.814,1,0.057,0.3965,MEDIUM,DEMO
29.3,427.8,38.7,6.8,16.6,31.7,38.7,0.314,1,1,0.825,3,0.434,0.1644,LOW,DEMO
38.5,210.5,173.6,45.0,94.3,134.5,173.6,0.587,3,2,0.489,0,0.376,0.491,MEDIUM,DEMO
35.8,396.1,89.2,14.7,32.6,55.1,89.2,0.416,2,0,0.482,1,0.122,0.3651,MEDIUM,DEMO
29.0,844.4,116.4,12.3,47.3,86.5,116.4,0.509,1,3,0.75,3,0.15,0.2565,MEDIUM,DEMO
59.8,604.8,75.4,10.6,35.8,62.4,75.4,0.315,1,2,0.372,0,0.574,0.4338,MEDIUM,DEMO
37.1,463.2,79.3,13.0,36.7,55.4,79.3,0.347,2,1,0.137,0,0.259,0.3028,MEDIUM,DEMO
24.6,1315.0,48.9,8.5,22.8,37.7,48.9,0.375,0,2,0.372,1,0.43,0.1793,LOW,DEMO
17.8,2095.7,39.2,3.8,14.9,33.0,39.2,0.238,1,3,0.664,3,0.271,0.0979,LOW,DEMO
20.7,1352.4,37.6,5.6,20.7,28.5,37.6,0.36,1,1,0.214,1,0.621,0.1832,LOW,DEMO
25.0,443.1,148.0,17.3,40.4,86.0,148.0,0.547,3,1,0.716,1,0.693,0.4482,MEDIUM,DEMO
21.1,1307.9,85.4,16.3,38.9,53.2,85.4,0.446,2,2,0.74,0,0.625,0.2147,LOW,DEMO
22.4,228.4,40.5,6.1,13.5,29.5,40.5,0.302,1,0,0.197,3,0.512,0.1767,LOW,DEMO
26.5,205.7,80.9,16.7,34.9,51.2,80.9,0.426,3,3,0.194,0,0.174,0.2269,LOW,DEMO
21.8,461.7,20.1,3.0,10.3,16.9,20.1,0.229,3,0,0.271,0,0.147,0.1126,LOW,DEMO
50.7,1563.8,39.9,7.4,16.1,26.8,39.9,0.303,1,1,0.391,1,0.073,0.3217,MEDIUM,DEMO
16.4,334.5,156.9,20.3,50.9,107.8,156.9,0.543,0,2,0.525,1,0.07,0.3532,MEDIUM,DEMO
34.3,138.8,52.7,10.2,20.9,40.0,52.7,0.303,2,1,0.489,1,0.048,0.2382,LOW,DEMO
30.8,207.1,145.3,19.8,70.2,102.8,145.3,0.531,1,0,0.768,2,0.162,0.4363,MEDIUM,DEMO
59.1,1841.5,71.4,9.6,34.0,47.4,71.4,0.325,1,1,0.228,3,0.29,0.4725,MEDIUM,DEMO
18.5,984.1,116.9,16.8,40.8,67.0,116.9,0.48,0,3,0.65,0,0.152,0.2265,LOW,DEMO
30.4,342.8,32.8,6.4,13.3,23.9,32.8,0.398,1,1,0.537,1,0.122,0.1821,LOW,DEMO
57.2,809.3,106.0,18.0,40.2,85.9,106.0,0.384,1,0,0.68,1,0.048,0.5912,HIGH,DEMO
48.7,754.9,11.2,2.3,5.5,8.4,11.2,0.27,2,1,0.38,0,0.068,0.1904,LOW,DEMO
46.0,1038.9,56.1,6.3,19.9,37.3,56.1,0.273,0,1,0.478,2,0.708,0.3186,MEDIUM,DEMO
25.4,319.0,162.1,18.5,44.5,95.3,162.1,0.509,2,1,0.142,0,0.149,0.4178,MEDIUM,DEMO
21.6,1878.3,77.5,17.6,40.0,61.6,77.5,0.429,2,0,0.208,0,0.078,0.2551,MEDIUM,DEMO
39.4,413.1,38.5,8.1,19.1,32.0,38.5,0.3,0,0,0.405,0,0.178,0.2177,LOW,DEMO
53.2,1146.1,153.9,18.7,46.5,102.6,153.9,0.573,2,1,0.486,0,0.085,0.6096,HIGH,DEMO
35.4,94.6,245.4,19.5,91.2,188.6,245.4,0.724,0,1,0.185,0,0.234,0.5955,HIGH,DEMO
35.9,499.6,63.9,11.3,28.4,43.0,63.9,0.365,2,1,0.747,0,0.216,0.2278,LOW,DEMO
26.3,470.1,21.4,2.4,7.0,15.0,21.4,0.238,1,0,0.839,2,0.378,0.1293,LOW,DEMO
43.6,785.7,78.2,21.7,44.5,62.7,78.2,0.43,1,0,0.573,0,0.105,0.3737,MEDIUM,DEMO
22.4,148.0,121.3,14.5,37.9,69.8,121.3,0.491,1,2,0.161,3,0.325,0.2953,MEDIUM,DEMO
27.9,1485.1,66.3,8.6,22.4,47.0,66.3,0.297,0,1,0.682,0,0.145,0.1744,LOW,DEMO
31.3,301.1,12.8,2.6,5.3,7.8,12.8,0.225,0,0,0.285,1,0.719,0.1828,LOW,DEMO
33.8,1097.2,113.7,10.3,45.0,74.2,113.7,0.323,3,0,0.678,0,0.777,0.328,MEDIUM,DEMO
24.8,1543.1,44.9,5.1,18.1,33.4,44.9,0.265,2,0,0.45,1,0.273,0.1799,LOW,DEMO
18.6,822.7,55.6,7.0,17.7,31.0,55.6,0.338,3,1,0.161,0,0.225,0.155,LOW,DEMO
37.2,1295.4,22.3,2.2,7.4,16.3,22.3,0.239,3,1,0.332,0,0.178,0.1502,LOW,DEMO
26.6,1055.9,8.4,1.1,3.5,5.4,8.4,0.224,3,0,0.445,1,0.048,0.1237,LOW,DEMO
36.2,475.4,31.9,6.3,13.4,23.9,31.9,0.379,1,1,0.68,1,0.478,0.2175,LOW,DEMO
20.8,1569.3,52.1,7.7,20.5,30.9,52.1,0.398,0,0,0.221,0,0.345,0.175,LOW,DEMO
32.9,394.2,51.3,5.8,25.3,39.6,51.3,0.311,3,0,0.338,2,0.752,0.2474,LOW,DEMO
34.6,842.1,183.1,25.8,87.9,136.2,183.1,0.63,0,3,0.183,0,0.078,0.4768,MEDIUM,DEMO
14.2,1311.2,35.1,4.5,20.3,29.5,35.1,0.376,1,1,0.588,0,0.123,0.1084,LOW,DEMO
28.4,508.7,137.7,26.6,72.5,113.4,137.7,0.537,3,2,0.48,0,0.454,0.3517,MEDIUM,DEMO
19.8,404.6,83.5,7.7,30.5,53.0,83.5,0.42,1,0,0.826,1,0.295,0.2169,LOW,DEMO
15.1,633.5,199.3,28.8,63.1,111.3,199.3,0.675,0,0,0.683,3,0.47,0.4969,MEDIUM,DEMO
60.5,1613.2,72.1,9.8,26.2,53.9,72.1,0.422,1,1,0.711,1,0.037,0.4805,MEDIUM,DEMO
27.9,2472.3,14.1,1.5,7.1,10.3,14.1,0.216,3,1,0.245,1,0.39,0.1451,LOW,DEMO
45.6,788.9,67.9,7.5,25.7,37.9,67.9,0.367,3,1,0.323,0,0.171,0.2919,MEDIUM,DEMO
25.3,1054.8,9.0,1.1,2.8,5.3,9.0,0.239,2,1,0.51,2,0.106,0.1069,LOW,DEMO
39.9,2182.3,31.4,4.9,16.1,22.8,31.4,0.366,3,0,0.13,0,0.597,0.2327,LOW,DEMO
43.2,173.4,68.6,12.5,35.4,56.5,68.6,0.348,0,1,0.781,2,0.323,0.3252,MEDIUM,DEMO
36.7,317.7,69.7,16.1,34.0,57.3,69.7,0.342,1,2,0.711,3,0.289,0.2582,MEDIUM,DEMO
32.7,1190.7,134.9,11.2,36.6,80.3,134.9,0.552,1,1,0.164,2,0.409,0.4218,MEDIUM,DEMO
30.8,1642.2,100.4,11.4,37.7,66.8,100.4,0.449,0,0,0.765,1,0.051,0.306,MEDIUM,DEMO
28.8,1830.6,187.6,30.2,67.8,105.6,187.6,0.704,1,1,0.123,1,0.188,0.5864,HIGH,DEMO
53.2,562.7,134.8,13.1,44.4,93.1,134.8,0.457,0,2,0.207,1,0.084,0.5442,HIGH,DEMO
46.7,164.2,124.6,12.7,56.8,96.7,124.6,0.455,1,0,0.162,0,0.074,0.4683,MEDIUM,DEMO
56.7,598.3,233.3,34.9,137.3,183.6,233.3,0.739,0,1,0.484,2,0.245,0.7776,VERY HIGH,DEMO
19.2,316.1,130.7,29.5,60.8,91.5,130.7,0.429,1,3,0.716,1,0.353,0.3036,MEDIUM,DEMO
41.9,389.8,168.7,28.8,60.0,97.6,168.7,0.629,3,0,0.256,1,0.191,0.6395,HIGH,DEMO
54.0,1411.6,20.3,2.2,8.2,13.5,20.3,0.227,0,0,0.706,1,0.922,0.3258,MEDIUM,DEMO
22.1,150.7,61.1,8.6,23.5,50.7,61.1,0.394,0,1,0.261,0,0.342,0.1815,LOW,DEMO
15.4,1662.0,97.7,10.8,44.6,60.5,97.7,0.339,0,0,0.873,2,0.488,0.2314,LOW,DEMO
42.4,582.2,79.8,15.1,37.5,51.5,79.8,0.4,2,0,0.769,0,0.072,0.3253,MEDIUM,DEMO
36.0,895.8,43.7,5.7,22.1,33.8,43.7,0.263,1,0,0.68,3,0.052,0.1882,LOW,DEMO
47.3,164.5,125.5,10.0,46.4,96.7,125.5,0.579,1,0,0.57,3,0.395,0.4953,MEDIUM,DEMO
20.0,450.4,144.4,27.3,60.9,118.9,144.4,0.465,0,3,0.304,2,0.108,0.3249,MEDIUM,DEMO
44.9,164.6,71.7,7.2,24.2,47.8,71.7,0.342,1,2,0.211,0,0.285,0.2631,MEDIUM,DEMO
23.1,3012.4,63.3,6.3,27.0,44.6,63.3,0.394,1,0,0.47,3,0.507,0.1992,LOW,DEMO
21.3,1561.8,53.0,8.4,18.7,36.6,53.0,0.318,1,3,0.426,1,0.162,0.1524,LOW,DEMO
21.3,634.0,128.8,30.1,70.3,106.7,128.8,0.524,1,1,0.633,0,0.217,0.3163,MEDIUM,DEMO
45.8,307.8,62.4,12.1,29.9,48.7,62.4,0.33,3,1,0.249,0,0.191,0.3213,MEDIUM,DEMO
39.3,2518.9,78.1,13.5,28.4,62.4,78.1,0.356,0,0,0.547,0,0.375,0.3167,MEDIUM,DEMO
34.3,460.3,157.9,21.7,62.7,93.1,157.9,0.542,2,2,0.647,0,0.083,0.3884,MEDIUM,DEMO
29.1,238.0,91.8,8.7,36.6,72.3,91.8,0.36,0,0,0.347,0,0.132,0.2401,LOW,DEMO
49.4,825.4,78.1,8.1,37.0,53.1,78.1,0.415,1,0,0.713,3,0.03,0.3519,MEDIUM,DEMO
30.2,2670.5,49.9,4.6,15.5,27.8,49.9,0.387,0,0,0.448,2,0.338,0.2027,LOW,DEMO
45.9,83.5,75.2,5.3,23.6,42.7,75.2,0.417,3,0,0.244,2,0.352,0.3607,MEDIUM,DEMO
31.7,324.8,44.7,5.5,15.3,33.7,44.7,0.365,0,2,0.268,0,0.475,0.1595,LOW,DEMO
29.7,2589.1,88.1,8.9,43.5,58.3,88.1,0.317,1,0,0.332,0,0.158,0.2382,LOW,DEMO
32.4,248.9,54.5,9.3,28.0,44.2,54.5,0.328,0,1,0.24,1,0.573,0.27,MEDIUM,DEMO
27.1,188.2,59.7,6.7,26.5,46.0,59.7,0.349,1,0,0.548,2,0.394,0.2084,LOW,DEMO
42.6,840.0,75.6,6.3,20.2,42.1,75.6,0.463,1,1,0.841,3,0.337,0.2855,MEDIUM,DEMO
33.6,1861.4,202.0,40.6,100.8,152.7,202.0,0.596,0,0,0.801,2,0.131,0.5568,HIGH,DEMO
24.4,663.5,96.7,9.6,31.4,58.7,96.7,0.314,2,1,0.366,3,0.118,0.2325,LOW,DEMO
50.9,4200.0,31.7,4.8,16.0,21.4,31.7,0.259,2,0,0.777,0,0.409,0.2548,MEDIUM,DEMO
29.9,1103.2,62.4,16.8,33.8,46.0,62.4,0.333,1,0,0.845,0,0.376,0.2413,LOW,DEMO
34.9,149.3,50.8,11.5,27.6,41.2,50.8,0.236,2,0,0.344,0,0.125,0.2252,LOW,DEMO
51.4,4200.0,49.1,8.9,25.0,33.7,49.1,0.39,1,1,0.808,0,0.593,0.32,MEDIUM,DEMO
37.7,551.7,50.4,7.2,19.3,40.0,50.4,0.265,2,0,0.878,2,0.149,0.2179,LOW,DEMO
18.8,385.0,63.6,10.3,26.7,49.9,63.6,0.39,2,1,0.726,3,0.243,0.1749,LOW,DEMO
54.1,814.6,45.6,3.4,16.2,30.7,45.6,0.28,0,0,0.417,0,0.065,0.2904,MEDIUM,DEMO
37.8,406.6,45.7,3.4,15.1,32.0,45.7,0.41,2,3,0.582,3,0.444,0.176,LOW,DEMO
28.3,161.4,50.9,11.3,28.7,38.7,50.9,0.331,0,1,0.397,0,0.089,0.1843,LOW,DEMO
20.0,81.3,49.1,4.0,12.9,27.5,49.1,0.317,0,0,0.877,2,0.304,0.1428,LOW,DEMO
44.8,617.4,40.6,5.1,23.5,33.2,40.6,0.352,2,0,0.172,1,0.542,0.3206,MEDIUM,DEMO
37.6,1711.9,110.6,17.0,58.8,86.4,110.6,0.405,0,0,0.799,0,0.125,0.3567,MEDIUM,DEMO
34.6,844.4,57.8,4.9,20.3,36.1,57.8,0.386,0,3,0.177,2,0.418,0.204,LOW,DEMO
50.5,4200.0,65.7,12.0,25.3,55.4,65.7,0.348,1,0,0.152,0,0.276,0.3947,MEDIUM,DEMO
44.5,384.3,62.2,4.4,17.0,37.6,62.2,0.336,2,2,0.834,1,0.102,0.2297,LOW,DEMO
20.7,376.2,47.8,4.9,20.1,39.4,47.8,0.334,0,1,0.779,2,0.383,0.1461,LOW,DEMO
27.5,236.6,39.4,5.9,15.3,25.5,39.4,0.269,1,2,0.395,0,0.35,0.1289,LOW,DEMO
25.1,241.3,117.4,19.2,53.7,91.5,117.4,0.459,1,3,0.848,3,0.027,0.2578,MEDIUM,DEMO
42.5,382.2,41.2,6.6,17.7,28.3,41.2,0.343,1,3,0.775,3,0.157,0.1846,LOW,DEMO
12.4,1496.8,42.7,7.4,22.4,32.9,42.7,0.214,2,0,0.806,0,0.057,0.1164,LOW,DEMO
35.8,2205.7,139.5,15.9,46.9,83.2,139.5,0.564,1,2,0.572,1,0.035,0.4114,MEDIUM,DEMO
43.3,3403.1,51.5,7.0,16.2,32.5,51.5,0.386,2,0,0.848,1,0.476,0.2987,MEDIUM,DEMO
49.4,317.9,75.2,8.0,30.1,43.6,75.2,0.297,2,0,0.735,1,0.093,0.3665,MEDIUM,DEMO
28.5,1998.0,60.1,8.5,26.8,48.7,60.1,0.261,1,1,0.834,1,0.168,0.1975,LOW,DEMO
46.2,438.1,73.3,12.2,25.1,46.8,73.3,0.428,1,1,0.334,0,0.063,0.339,MEDIUM,DEMO
18.4,187.8,179.7,23.8,92.6,136.3,179.7,0.622,2,1,0.524,3,0.382,0.4527,MEDIUM,DEMO
47.6,1916.4,44.8,7.5,26.0,35.6,44.8,0.364,1,3,0.779,0,0.074,0.2034,LOW,DEMO
19.4,989.8,110.8,17.0,65.9,90.9,110.8,0.384,3,2,0.561,0,0.346,0.2336,LOW,DEMO
30.4,242.0,117.1,6.9,33.5,68.2,117.1,0.559,3,0,0.729,2,0.425,0.3231,MEDIUM,DEMO
45.0,585.6,111.8,15.4,54.9,91.4,111.8,0.42,2,1,0.86,2,0.066,0.4209,MEDIUM,DEMO
20.6,384.8,175.0,10.9,50.9,106.6,175.0,0.587,3,0,0.731,3,0.335,0.3851,MEDIUM,DEMO
24.3,1281.3,13.2,1.9,7.5,10.2,13.2,0.287,1,1,0.36,2,0.077,0.115,LOW,DEMO
41.5,623.7,25.7,3.1,10.1,19.7,25.7,0.377,0,1,0.21,0,0.415,0.2019,LOW,DEMO
41.5,4162.1,38.7,2.2,10.9,21.4,38.7,0.328,1,2,0.327,3,0.343,0.1857,LOW,DEMO
38.3,130.7,53.6,10.1,23.7,33.0,53.6,0.37,0,3,0.624,1,0.399,0.2389,LOW,DEMO
40.4,474.7,89.0,20.2,46.0,62.1,89.0,0.411,1,0,0.128,2,0.26,0.442,MEDIUM,DEMO
34.9,671.8,40.3,5.8,18.0,27.3,40.3,0.265,1,3,0.264,0,0.198,0.1491,LOW,DEMO
25.2,709.5,40.1,8.0,16.1,33.1,40.1,0.209,1,1,0.368,0,0.234,0.1488,LOW,DEMO
28.7,421.7,80.2,12.7,31.4,52.8,80.2,0.401,1,0,0.785,2,0.096,0.2544,MEDIUM,DEMO
22.2,1255.9,102.9,25.2,59.4,85.5,102.9,0.371,1,0,0.159,1,0.35,0.3626,MEDIUM,DEMO
51.5,1949.7,74.3,8.2,31.8,51.1,74.3,0.406,1,1,0.158,0,0.411,0.3891,MEDIUM,DEMO
36.3,2593.1,106.2,19.7,43.7,89.1,106.2,0.455,0,0,0.539,2,0.25,0.4167,MEDIUM,DEMO
30.5,1551.7,21.6,4.0,8.4,16.7,21.6,0.296,2,0,0.255,0,0.203,0.146,LOW,DEMO
32.4,1790.9,45.6,7.0,25.9,36.5,45.6,0.282,1,1,0.304,0,0.231,0.181,LOW,DEMO
54.8,799.7,37.4,5.4,13.2,21.8,37.4,0.371,2,0,0.26,1,0.229,0.3787,MEDIUM,DEMO
20.8,1653.3,51.5,10.5,24.8,37.4,51.5,0.369,3,3,0.562,2,0.106,0.1447,LOW,DEMO
36.4,405.5,71.7,7.0,23.9,42.5,71.7,0.324,2,3,0.162,0,0.29,0.2059,LOW,DEMO
33.7,537.5,17.5,2.3,6.8,11.2,17.5,0.386,1,1,0.834,1,0.065,0.1466,LOW,DEMO
37.3,423.0,51.2,6.4,28.0,37.7,51.2,0.334,2,0,0.214,0,0.294,0.2295,LOW,DEMO
10.4,647.0,45.3,4.8,19.1,34.8,45.3,0.267,0,1,0.843,0,0.116,0.1054,LOW,DEMO
49.1,382.7,23.3,1.9,8.5,13.1,23.3,0.255,2,1,0.711,1,0.191,0.2336,LOW,DEMO
53.4,3014.0,107.9,14.1,38.4,76.5,107.9,0.375,1,3,0.749,2,0.763,0.4817,MEDIUM,DEMO
35.7,417.7,74.0,10.0,25.9,53.3,74.0,0.455,2,0,0.251,0,0.214,0.2797,MEDIUM,DEMO
40.5,172.9,51.8,9.7,20.4,29.7,51.8,0.4,2,1,0.629,1,0.242,0.2837,MEDIUM,DEMO
52.6,753.4,194.2,34.7,95.6,136.0,194.2,0.648,1,1,0.741,1,0.071,0.7181,HIGH,DEMO
40.9,132.9,25.1,3.5,12.5,19.2,25.1,0.324,2,0,0.544,2,0.543,0.2229,LOW,DEMO
20.7,185.4,200.7,12.3,56.5,113.6,200.7,0.685,0,0,0.539,2,0.07,0.462,MEDIUM,DEMO
36.0,302.9,63.2,12.0,25.7,49.2,63.2,0.355,1,1,0.241,0,0.427,0.2699,MEDIUM,DEMO
37.1,641.8,42.6,7.7,22.3,30.8,42.6,0.35,1,0,0.435,1,0.4,0.2632,MEDIUM,DEMO
31.2,591.1,52.8,9.5,22.6,42.2,52.8,0.307,1,3,0.234,2,0.633,0.2104,LOW,DEMO
42.2,1527.1,56.7,5.0,24.3,34.9,56.7,0.348,1,3,0.859,3,0.414,0.2007,LOW,DEMO
53.6,1290.5,216.7,32.2,92.9,173.4,216.7,0.675,1,1,0.64,0,0.362,0.7111,HIGH,DEMO
52.9,580.1,89.3,11.3,37.8,51.7,89.3,0.262,1,1,0.157,1,0.176,0.4789,MEDIUM,DEMO
32.0,445.4,33.0,3.4,16.0,22.1,33.0,0.28,2,0,0.482,2,0.065,0.1651,LOW,DEMO
18.5,422.4,117.0,14.3,33.0,71.4,117.0,0.476,1,3,0.605,0,0.046,0.2086,LOW,DEMO
59.5,1418.5,57.1,11.2,31.6,46.4,57.1,0.352,0,1,0.193,0,0.252,0.4419,MEDIUM,DEMO
47.1,128.1,6.3,0.7,2.4,4.8,6.3,0.239,0,1,0.625,1,0.197,0.1973,LOW,DEMO
19.2,91.6,115.2,14.6,33.0,64.2,115.2,0.493,1,3,0.255,3,0.07,0.2486,LOW,DEMO
52.5,1508.7,117.1,12.7,38.1,64.7,117.1,0.432,2,0,0.43,2,0.278,0.5418,HIGH,DEMO
48.9,663.6,59.3,4.7,23.6,37.8,59.3,0.299,0,1,0.595,1,0.193,0.3134,MEDIUM,DEMO
34.1,206.2,47.2,7.4,15.3,28.0,47.2,0.397,1,1,0.397,0,0.435,0.2063,LOW,DEMO
36.6,321.8,124.5,15.9,57.3,92.0,124.5,0.533,3,0,0.409,1,0.175,0.4686,MEDIUM,DEMO
30.4,2506.1,45.4,7.7,17.1,34.0,45.4,0.304,0,0,0.761,0,0.638,0.1861,LOW,DEMO
14.4,1846.3,141.9,24.0,54.0,118.2,141.9,0.51,1,1,0.355,0,0.197,0.3318,MEDIUM,DEMO
28.3,1193.4,46.3,6.0,24.0,38.7,46.3,0.378,3,1,0.618,1,0.112,0.1812,LOW,DEMO
45.2,672.4,68.3,10.6,30.9,51.1,68.3,0.379,0,0,0.765,0,0.16,0.2999,MEDIUM,DEMO
7.7,741.2,95.3,7.3,34.5,52.6,95.3,0.454,2,3,0.236,0,0.427,0.1735,LOW,DEMO
28.2,3408.8,82.9,10.8,35.2,54.5,82.9,0.428,1,0,0.155,2,0.092,0.2808,MEDIUM,DEMO
30.4,3117.2,43.5,9.2,22.0,30.6,43.5,0.315,0,1,0.747,2,0.553,0.2032,LOW,DEMO
34.7,298.2,91.9,10.2,37.8,64.3,91.9,0.446,0,0,0.539,1,0.096,0.3255,MEDIUM,DEMO
52.4,1579.9,113.5,8.8,37.5,83.0,113.5,0.413,1,0,0.749,2,0.194,0.4699,MEDIUM,DEMO
28.7,277.7,34.3,6.5,18.4,28.7,34.3,0.333,2,1,0.282,0,0.067,0.1496,LOW,DEMO
28.7,296.2,97.0,18.6,51.6,79.1,97.0,0.426,0,1,0.753,0,0.578,0.3065,MEDIUM,DEMO
42.2,1094.6,66.8,9.5,23.6,38.9,66.8,0.356,2,2,0.192,1,0.294,0.3023,MEDIUM,DEMO
32.1,547.3,36.1,6.4,14.9,22.7,36.1,0.255,1,1,0.791,0,0.071,0.1413,LOW,DEMO
24.1,2493.4,89.4,16.0,39.1,71.5,89.4,0.423,1,0,0.745,3,0.277,0.2728,MEDIUM,DEMO
32.1,163.9,121.6,21.8,47.9,96.9,121.6,0.478,2,1,0.551,1,0.512,0.4386,MEDIUM,DEMO
20.1,724.8,49.4,5.4,20.3,31.2,49.4,0.3,0,0,0.582,0,0.153,0.1343,LOW,DEMO
21.9,2336.7,92.3,13.8,37.2,71.0,92.3,0.342,1,0,0.383,1,0.568,0.3102,MEDIUM,DEMO
33.5,2190.1,56.8,7.7,25.0,42.7,56.8,0.273,1,3,0.273,0,0.444,0.1789,LOW,DEMO
31.1,233.2,107.0,21.6,44.2,74.1,107.0,0.436,1,1,0.466,0,0.441,0.3463,MEDIUM,DEMO
52.0,491.0,135.6,16.3,49.1,82.8,135.6,0.517,1,0,0.62,1,0.144,0.6089,HIGH,DEMO
29.2,948.7,86.3,21.7,44.4,70.5,86.3,0.503,2,1,0.879,1,0.067,0.3108,MEDIUM,DEMO
36.2,236.3,112.8,16.8,39.0,85.0,112.8,0.457,2,2,0.741,1,0.222,0.36,MEDIUM,DEMO
38.0,3178.4,125.3,23.4,56.2,75.3,125.3,0.401,2,2,0.45,1,0.545,0.4418,MEDIUM,DEMO
9.6,2295.9,49.1,8.6,24.9,37.4,49.1,0.331,3,1,0.685,2,0.256,0.1524,LOW,DEMO
39.2,244.4,56.1,8.3,25.0,43.3,56.1,0.417,3,1,0.202,0,0.506,0.2681,MEDIUM,DEMO
22.0,196.2,93.9,13.9,38.9,76.6,93.9,0.39,1,2,0.435,2,0.344,0.2356,LOW,DEMO
56.2,160.3,154.3,13.0,45.1,95.2,154.3,0.592,1,2,0.443,0,0.431,0.5848,HIGH,DEMO
20.5,2241.6,29.9,7.8,16.5,25.3,29.9,0.314,2,1,0.879,0,0.118,0.1119,LOW,DEMO
30.9,273.7,100.4,14.3,32.6,59.8,100.4,0.469,0,1,0.417,1,0.109,0.3424,MEDIUM,DEMO
16.8,564.5,146.5,24.5,55.5,107.0,146.5,0.615,1,0,0.183,3,0.147,0.408,MEDIUM,DEMO
62.5,616.2,65.4,9.1,27.6,48.9,65.4,0.28,1,0,0.171,0,0.15,0.4523,MEDIUM,DEMO
33.6,902.4,73.0,6.9,31.0,49.3,73.0,0.43,3,3,0.651,2,0.348,0.2067,LOW,DEMO
36.7,147.0,71.9,13.1,32.4,49.8,71.9,0.379,3,3,0.34,2,0.239,0.2657,MEDIUM,DEMO
15.4,311.4,69.2,11.4,36.4,56.5,69.2,0.331,2,2,0.78,1,0.005,0.1553,LOW,DEMO
42.7,2492.7,42.4,10.3,22.4,31.6,42.4,0.324,1,0,0.487,0,0.538,0.276,MEDIUM,DEMO
23.4,2231.4,67.2,10.5,24.2,47.0,67.2,0.459,1,0,0.371,1,0.043,0.2385,LOW,DEMO
50.8,1448.0,43.5,4.0,16.4,25.6,43.5,0.397,1,0,0.697,0,0.094,0.2615,MEDIUM,DEMO
23.2,97.6,108.1,10.9,28.7,59.7,108.1,0.351,2,2,0.437,0,0.363,0.2117,LOW,DEMO
22.6,436.4,19.2,2.8,6.9,11.3,19.2,0.247,2,0,0.68,2,0.316,0.1228,LOW,DEMO
12.7,969.9,122.3,23.7,64.0,102.4,122.3,0.524,2,2,0.663,2,0.443,0.2926,MEDIUM,DEMO
32.7,369.7,134.0,19.0,53.8,104.4,134.0,0.498,0,1,0.67,3,0.638,0.4382,MEDIUM,DEMO
35.6,2243.0,82.4,10.5,39.3,69.2,82.4,0.402,1,1,0.771,0,0.19,0.247,LOW,DEMO
15.3,984.3,191.6,20.3,75.0,107.4,191.6,0.527,1,3,0.765,1,0.239,0.3965,MEDIUM,DEMO
43.9,147.2,96.2,15.4,35.9,72.6,96.2,0.391,0,3,0.625,0,0.251,0.3231,MEDIUM,DEMO
32.1,2237.3,89.2,6.0,29.1,50.2,89.2,0.348,1,2,0.847,1,0.346,0.2162,LOW,DEMO
34.3,2928.1,18.3,4.5,10.5,14.3,18.3,0.201,0,0,0.136,1,0.242,0.1957,LOW,DEMO
31.7,152.8,139.2,19.9,55.6,92.4,139.2,0.446,3,3,0.827,1,0.33,0.3763,MEDIUM,DEMO
30.5,764.1,39.0,7.2,15.1,22.6,39.0,0.276,2,0,0.233,1,0.198,0.214,LOW,DEMO
35.5,405.3,35.6,8.9,17.9,25.6,35.6,0.278,2,0,0.281,2,0.232,0.2313,LOW,DEMO
20.9,529.1,84.6,10.9,27.4,53.6,84.6,0.365,0,2,0.741,1,0.147,0.1901,LOW,DEMO
22.2,258.2,43.6,5.4,16.8,32.6,43.6,0.382,1,0,0.424,1,0.027,0.1687,LOW,DEMO
48.5,856.6,64.8,11.2,32.8,48.5,64.8,0.325,0,1,0.443,2,0.291,0.3695,MEDIUM,DEMO
54.7,2932.6,145.8,19.6,75.1,111.0,145.8,0.592,1,1,0.319,0,0.228,0.6348,HIGH,DEMO
29.6,709.4,178.2,16.3,70.7,151.1,178.2,0.557,2,1,0.291,0,0.225,0.462,MEDIUM,DEMO
25.9,157.9,49.4,6.7,18.0,32.9,49.4,0.364,0,3,0.201,1,0.072,0.1619,LOW,DEMO
38.5,950.8,66.6,11.6,26.2,45.9,66.6,0.397,0,2,0.27,2,0.273,0.2728,MEDIUM,DEMO
30.7,454.3,251.7,38.8,139.2,199.2,251.7,0.673,0,0,0.551,1,0.289,0.6006,HIGH,DEMO
11.4,1823.7,177.2,24.1,73.9,128.2,177.2,0.563,2,0,0.657,0,0.177,0.3939,MEDIUM,DEMO
20.9,593.3,126.9,19.0,51.8,71.2,126.9,0.46,3,3,0.682,3,0.552,0.2959,MEDIUM,DEMO
41.3,272.8,43.6,12.4,26.2,35.0,43.6,0.35,2,1,0.401,2,0.629,0.3135,MEDIUM,DEMO
39.0,270.9,50.0,4.7,19.4,28.3,50.0,0.336,1,0,0.821,2,0.098,0.2144,LOW,DEMO
11.6,1397.9,126.1,13.4,49.3,75.8,126.1,0.447,0,1,0.37,1,0.558,0.3369,MEDIUM,DEMO
24.0,357.8,16.0,2.5,5.3,9.3,16.0,0.286,2,0,0.204,1,0.279,0.1469,LOW,DEMO
24.3,1391.9,140.5,8.0,37.9,80.5,140.5,0.528,0,0,0.838,3,0.447,0.3141,MEDIUM,DEMO
39.5,287.5,162.0,22.3,56.2,90.3,162.0,0.643,1,1,0.531,1,0.168,0.5759,HIGH,DEMO
10.7,429.3,60.2,7.5,19.0,34.1,60.2,0.365,1,1,0.858,0,0.021,0.1262,LOW,DEMO
18.0,643.8,180.0,21.5,68.2,122.9,180.0,0.585,1,0,0.419,3,0.2,0.4534,MEDIUM,DEMO
45.1,2661.3,98.9,13.8,40.6,61.9,98.9,0.455,1,1,0.696,1,0.435,0.4483,MEDIUM,DEMO
22.0,2495.9,31.7,5.0,11.0,18.6,31.7,0.261,2,3,0.204,0,0.131,0.1023,LOW,DEMO
38.8,288.6,79.7,10.0,40.2,59.6,79.7,0.312,0,1,0.769,1,0.263,0.3019,MEDIUM,DEMO
24.6,479.2,46.8,4.4,16.5,28.9,46.8,0.321,2,1,0.25,0,0.084,0.1411,LOW,DEMO
17.7,225.6,86.3,8.4,23.8,48.0,86.3,0.464,3,1,0.172,1,0.193,0.2392,LOW,DEMO
24.8,722.0,29.9,3.8,11.9,20.2,29.9,0.367,1,1,0.194,2,0.24,0.1533,LOW,DEMO
41.5,635.5,188.2,33.1,89.0,121.0,188.2,0.505,0,2,0.544,1,0.167,0.5654,HIGH,DEMO
48.1,2159.2,107.2,22.8,47.8,69.2,107.2,0.482,1,0,0.342,1,0.231,0.5557,HIGH,DEMO
46.7,2473.4,55.8,9.3,19.5,38.1,55.8,0.244,2,0,0.85,3,0.324,0.2986,MEDIUM,DEMO
30.4,515.4,87.8,10.1,37.4,65.9,87.8,0.436,1,1,0.768,3,0.761,0.2788,MEDIUM,DEMO
39.4,689.1,73.6,11.5,39.4,54.1,73.6,0.407,2,0,0.731,0,0.288,0.2849,MEDIUM,DEMO
23.2,2119.1,192.2,19.3,77.8,159.7,192.2,0.521,2,1,0.735,1,0.054,0.4701,MEDIUM,DEMO
26.8,1559.2,72.7,12.9,27.0,51.3,72.7,0.435,3,0,0.797,3,0.17,0.2343,LOW,DEMO
50.7,83.3,84.6,9.9,30.9,58.5,84.6,0.494,2,0,0.778,0,0.355,0.3946,MEDIUM,DEMO
9.6,427.2,26.5,3.4,10.1,16.2,26.5,0.296,0,1,0.825,0,0.277,0.0944,LOW,DEMO
16.8,573.0,85.8,16.8,38.2,66.7,85.8,0.416,1,3,0.83,1,0.14,0.2081,LOW,DEMO
23.4,314.9,96.6,9.6,27.1,57.2,96.6,0.503,0,1,0.347,0,0.288,0.238,LOW,DEMO
11.6,280.3,35.4,3.7,15.8,24.7,35.4,0.259,0,0,0.287,0,0.179,0.118,LOW,DEMO
22.1,114.7,116.4,12.5,37.8,78.8,116.4,0.411,2,3,0.609,1,0.313,0.2575,MEDIUM,DEMO
36.3,1008.0,14.4,2.7,6.8,10.8,14.4,0.235,3,1,0.214,0,0.239,0.1475,LOW,DEMO
31.1,354.1,66.3,13.7,33.0,54.7,66.3,0.375,3,0,0.28,2,0.445,0.302,MEDIUM,DEMO
50.4,128.4,25.6,5.0,12.8,21.4,25.6,0.299,1,1,0.707,0,0.465,0.2419,LOW,DEMO
46.0,316.4,77.5,5.2,21.9,46.5,77.5,0.366,0,0,0.613,0,0.074,0.2834,MEDIUM,DEMO
28.5,1537.1,57.8,6.8,23.3,36.3,57.8,0.342,1,0,0.615,2,0.148,0.1967,LOW,DEMO
25.5,1796.4,100.9,19.5,46.4,80.0,100.9,0.41,0,2,0.842,1,0.413,0.286,MEDIUM,DEMO
29.8,673.9,72.0,13.5,29.1,50.8,72.0,0.359,1,1,0.627,2,0.014,0.2422,LOW,DEMO
36.5,564.2,99.2,9.2,42.8,68.0,99.2,0.396,2,1,0.447,1,0.192,0.3334,MEDIUM,DEMO
25.8,3509.1,78.7,8.1,37.9,60.0,78.7,0.358,2,0,0.333,0,0.076,0.203,LOW,DEMO
37.7,281.5,144.7,18.9,48.0,105.7,144.7,0.419,3,0,0.377,0,0.196,0.4616,MEDIUM,DEMO
30.8,298.3,132.3,19.8,54.2,111.3,132.3,0.484,1,3,0.331,2,0.281,0.3748,MEDIUM,DEMO
35.2,390.6,45.1,4.2,17.1,32.7,45.1,0.236,1,0,0.147,1,0.111,0.2253,LOW,DEMO
31.6,250.7,138.1,22.7,62.2,95.2,138.1,0.544,2,1,0.319,3,0.336,0.4472,MEDIUM,DEMO
26.8,509.3,96.1,21.0,42.7,68.5,96.1,0.4,0,1,0.755,2,0.301,0.3064,MEDIUM,DEMO
54.9,2255.5,152.9,31.9,82.1,121.2,152.9,0.528,2,0,0.673,0,0.34,0.6373,HIGH,DEMO
43.4,939.9,36.4,6.0,17.9,26.7,36.4,0.299,0,3,0.593,3,0.09,0.1829,LOW,DEMO
20.1,557.8,29.8,7.0,15.6,22.2,29.8,0.293,2,0,0.806,0,0.287,0.1216,LOW,DEMO
48.9,2531.9,30.2,3.8,14.3,25.4,30.2,0.369,2,1,0.321,1,0.291,0.2897,MEDIUM,DEMO
33.1,124.7,179.6,23.7,73.1,132.1,179.6,0.516,1,2,0.559,1,0.153,0.4824,MEDIUM,DEMO
50.6,292.5,154.7,25.8,71.9,102.8,154.7,0.456,2,2,0.144,0,0.421,0.5687,HIGH,DEMO
45.1,831.0,132.2,18.3,52.2,100.1,132.2,0.501,0,2,0.798,0,0.226,0.4236,MEDIUM,DEMO
31.2,940.4,27.2,5.7,12.0,20.4,27.2,0.276,1,2,0.46,1,0.106,0.1459,LOW,DEMO
11.0,116.3,133.1,10.8,37.5,73.8,133.1,0.515,2,1,0.255,1,0.318,0.3292,MEDIUM,DEMO
25.9,544.3,28.6,3.1,14.3,19.8,28.6,0.339,2,3,0.302,0,0.061,0.1002,LOW,DEMO
34.9,1022.7,6.4,1.3,2.8,5.0,6.4,0.207,3,3,0.765,1,0.055,0.1078,LOW,DEMO
38.1,1157.8,56.9,5.4,20.5,39.8,56.9,0.386,0,1,0.203,1,0.101,0.2603,MEDIUM,DEMO
25.4,994.8,67.4,10.9,34.8,52.9,67.4,0.324,1,1,0.823,1,0.645,0.2362,LOW,DEMO
20.0,427.8,166.6,21.5,59.8,114.2,166.6,0.563,3,1,0.404,1,0.008,0.4356,MEDIUM,DEMO
46.9,168.4,36.0,11.0,22.3,30.4,36.0,0.255,1,0,0.311,3,0.352,0.317,MEDIUM,DEMO
59.4,581.4,263.1,33.9,94.0,167.8,263.1,0.745,3,0,0.372,3,0.291,0.8071,VERY HIGH,DEMO
34.4,204.0,86.0,10.8,32.2,49.7,86.0,0.409,1,0,0.431,3,0.073,0.291,MEDIUM,DEMO
21.7,2734.4,70.4,9.9,26.5,47.8,70.4,0.326,2,2,0.537,0,0.221,0.1495,LOW,DEMO
26.0,660.2,70.2,17.0,34.6,50.0,70.2,0.312,3,1,0.566,1,0.17,0.2669,MEDIUM,DEMO
10.5,423.5,29.7,6.2,14.0,19.4,29.7,0.343,2,3,0.46,1,0.305,0.1187,LOW,DEMO
52.0,1388.4,60.3,6.5,25.8,37.5,60.3,0.339,3,2,0.459,2,0.307,0.314,MEDIUM,DEMO
18.8,700.1,90.1,21.1,47.7,67.8,90.1,0.468,0,0,0.337,1,0.178,0.3167,MEDIUM,DEMO
36.0,414.0,134.8,19.4,43.0,89.4,134.8,0.473,1,0,0.412,1,0.208,0.4941,MEDIUM,DEMO
26.1,1584.0,58.7,12.8,31.6,43.4,58.7,0.424,0,1,0.475,1,0.073,0.2337,LOW,DEMO
35.3,1896.7,85.4,16.9,42.7,66.9,85.4,0.361,0,3,0.574,0,0.304,0.2614,MEDIUM,DEMO
38.7,1086.0,122.4,22.5,67.7,95.3,122.4,0.551,1,2,0.219,1,0.07,0.4454,MEDIUM,DEMO
46.6,123.3,57.4,9.8,24.9,38.1,57.4,0.365,3,2,0.701,0,0.353,0.252,MEDIUM,DEMO
23.3,831.9,140.2,21.7,51.5,101.0,140.2,0.53,1,2,0.637,0,0.771,0.3393,MEDIUM,DEMO
9.2,1376.8,107.7,11.1,46.7,73.8,107.7,0.4,3,1,0.347,0,0.16,0.2207,LOW,DEMO
19.9,212.1,126.8,13.6,49.1,102.9,126.8,0.522,3,0,0.469,0,0.19,0.297,MEDIUM,DEMO
50.9,313.7,17.1,2.4,9.2,13.9,17.1,0.32,0,0,0.84,0,0.134,0.207,LOW,DEMO
49.2,2007.1,62.3,10.5,23.3,40.7,62.3,0.349,0,1,0.136,1,0.475,0.4208,MEDIUM,DEMO
36.8,98.3,48.3,5.6,13.8,27.9,48.3,0.233,1,0,0.737,3,0.316,0.2061,LOW,DEMO
36.9,1337.5,13.8,2.1,6.2,8.3,13.8,0.22,2,2,0.509,2,0.502,0.1413,LOW,DEMO
39.2,657.8,132.8,28.3,63.1,87.7,132.8,0.441,0,0,0.59,0,0.306,0.449,MEDIUM,DEMO
21.9,612.8,22.9,4.9,11.8,16.5,22.9,0.315,2,0,0.64,0,0.278,0.1178,LOW,DEMO
52.0,86.4,170.2,41.4,87.3,127.1,170.2,0.543,0,2,0.467,1,0.239,0.6425,HIGH,DEMO
31.0,1620.3,73.5,7.0,31.4,47.7,73.5,0.364,0,1,0.266,3,0.388,0.2404,LOW,DEMO
29.9,481.4,101.5,17.4,49.2,76.1,101.5,0.41,1,0,0.811,0,0.075,0.2913,MEDIUM,DEMO
34.1,780.4,49.3,8.1,19.8,41.0,49.3,0.415,1,3,0.683,1,0.23,0.1924,LOW,DEMO
13.7,1097.9,139.6,19.7,74.9,104.1,139.6,0.511,3,1,0.545,1,0.007,0.3548,MEDIUM,DEMO
21.4,1171.5,71.7,9.1,30.6,42.9,71.7,0.393,3,1,0.461,3,0.072,0.1882,LOW,DEMO
42.2,2890.8,105.0,16.7,51.3,76.0,105.0,0.414,3,3,0.499,1,0.473,0.4143,MEDIUM,DEMO
16.6,762.1,148.8,33.8,77.2,106.0,148.8,0.525,0,0,0.746,2,0.595,0.4018,MEDIUM,DEMO
37.0,539.3,113.9,19.8,56.9,92.4,113.9,0.413,2,3,0.13,0,0.087,0.3413,MEDIUM,DEMO
24.9,2845.4,57.8,7.7,22.1,37.8,57.8,0.374,1,2,0.778,0,0.213,0.1316,LOW,DEMO
30.1,1004.8,72.0,11.9,36.1,48.7,72.0,0.326,0,0,0.156,1,0.098,0.2885,MEDIUM,DEMO
26.6,398.6,129.4,14.9,55.6,94.4,129.4,0.527,1,1,0.588,2,0.419,0.372,MEDIUM,DEMO
29.0,201.7,3.9,0.9,1.8,2.8,3.9,0.221,1,3,0.373,3,0.092,0.0895,LOW,DEMO
41.4,1743.8,63.2,8.0,27.2,48.4,63.2,0.415,1,2,0.635,1,0.093,0.2499,LOW,DEMO
26.9,484.7,76.3,10.2,27.5,42.9,76.3,0.487,0,2,0.185,0,0.679,0.2235,LOW,DEMO
35.7,1052.2,92.5,10.8,44.3,66.5,92.5,0.422,3,0,0.543,1,0.415,0.3564,MEDIUM,DEMO
32.8,652.8,49.4,6.1,18.4,28.9,49.4,0.407,2,0,0.77,2,0.041,0.1946,LOW,DEMO
39.2,279.6,71.1,13.0,27.7,45.8,71.1,0.42,1,1,0.496,2,0.053,0.31,MEDIUM,DEMO
53.8,908.5,85.6,17.2,34.6,64.0,85.6,0.337,3,1,0.184,3,0.318,0.5163,HIGH,DEMO
42.0,136.3,84.6,10.0,32.5,50.5,84.6,0.413,3,3,0.148,0,0.194,0.2789,MEDIUM,DEMO
23.7,560.0,82.7,9.5,38.4,53.1,82.7,0.429,2,1,0.592,2,0.178,0.2212,LOW,DEMO
12.1,791.9,59.0,6.0,20.3,44.9,59.0,0.39,2,0,0.173,0,0.221,0.1591,LOW,DEMO
25.6,595.5,88.2,9.6,32.2,65.7,88.2,0.423,1,0,0.174,0,0.026,0.2332,LOW,DEMO
36.7,1322.9,164.2,18.1,46.1,94.8,164.2,0.563,1,0,0.443,0,0.23,0.5104,HIGH,DEMO
14.1,1663.8,71.8,13.2,37.8,51.9,71.8,0.384,1,0,0.279,2,0.686,0.257,MEDIUM,DEMO
33.4,1407.6,87.4,14.5,33.7,51.9,87.4,0.419,3,1,0.275,3,0.021,0.3076,MEDIUM,DEMO
36.7,115.6,71.0,13.4,32.7,44.4,71.0,0.321,2,0,0.486,0,0.244,0.2805,MEDIUM,DEMO
28.3,274.2,159.1,18.8,68.4,109.4,159.1,0.534,1,3,0.333,2,0.673,0.4429,MEDIUM,DEMO
43.7,772.3,63.3,9.5,21.7,36.9,63.3,0.295,2,1,0.287,0,0.276,0.2878,MEDIUM,DEMO
18.1,2537.6,39.6,10.5,23.1,33.6,39.6,0.299,1,3,0.511,1,0.285,0.1429,LOW,DEMO
16.0,1701.4,116.5,13.2,34.8,69.9,116.5,0.437,2,1,0.341,2,0.584,0.3075,MEDIUM,DEMO
41.8,1743.7,61.2,13.0,27.1,48.0,61.2,0.331,0,1,0.181,1,0.371,0.3622,MEDIUM,DEMO
33.4,405.1,112.5,23.1,53.0,89.9,112.5,0.406,2,1,0.639,0,0.12,0.3338,MEDIUM,DEMO
40.2,585.0,54.5,9.5,25.0,46.3,54.5,0.365,1,3,0.565,3,0.321,0.2225,LOW,DEMO
31.5,652.6,33.2,6.0,12.6,22.5,33.2,0.296,0,2,0.281,1,0.351,0.1717,LOW,DEMO
25.0,234.1,73.4,10.7,28.2,59.6,73.4,0.365,2,1,0.563,3,0.186,0.2099,LOW,DEMO
46.1,108.4,25.0,3.8,10.6,20.9,25.0,0.226,1,1,0.846,2,0.168,0.2054,LOW,DEMO
45.1,2722.1,91.2,9.3,30.2,54.9,91.2,0.405,2,0,0.847,3,0.055,0.3383,MEDIUM,DEMO
40.4,327.8,125.6,27.9,60.0,87.2,125.6,0.541,0,2,0.524,1,0.166,0.4493,MEDIUM,DEMO
26.0,326.9,218.7,14.9,62.7,124.2,218.7,0.714,3,3,0.195,3,0.171,0.4665,MEDIUM,DEMO
36.5,158.4,52.9,7.4,21.6,39.0,52.9,0.367,2,0,0.468,3,0.4,0.2475,LOW,DEMO
29.2,2454.3,44.5,5.5,15.1,32.2,44.5,0.318,1,1,0.141,0,0.4,0.1754,LOW,DEMO
17.2,860.2,123.8,17.1,46.7,75.7,123.8,0.508,2,1,0.436,3,0.208,0.3182,MEDIUM,DEMO
52.2,1069.8,118.5,23.4,59.2,93.5,118.5,0.437,0,3,0.811,2,0.122,0.4767,MEDIUM,DEMO
19.9,2263.1,123.2,17.3,49.1,69.2,123.2,0.464,2,0,0.475,2,0.062,0.3344,MEDIUM,DEMO
55.1,461.7,220.7,33.7,121.6,174.8,220.7,0.623,0,0,0.538,0,0.121,0.7173,HIGH,DEMO
31.9,954.4,76.4,10.4,22.8,42.6,76.4,0.437,1,0,0.24,0,0.278,0.2659,MEDIUM,DEMO
22.3,115.6,247.6,36.1,90.8,185.0,247.6,0.749,3,0,0.132,2,0.252,0.5765,HIGH,DEMO
34.9,266.1,59.8,7.8,17.0,34.3,59.8,0.359,0,2,0.875,0,0.385,0.1709,LOW,DEMO
49.1,1681.4,47.2,6.2,21.9,29.5,47.2,0.424,1,0,0.377,0,0.214,0.2977,MEDIUM,DEMO
42.0,1390.2,44.1,8.6,22.1,33.8,44.1,0.353,0,1,0.332,0,0.266,0.2444,LOW,DEMO
45.4,468.6,42.1,5.1,12.4,26.7,42.1,0.346,2,3,0.554,2,0.026,0.206,LOW,DEMO
39.0,505.6,227.1,24.7,78.4,159.7,227.1,0.684,1,0,0.686,1,0.186,0.6462,HIGH,DEMO
40.3,766.4,154.1,33.6,75.7,127.1,154.1,0.473,1,0,0.311,1,0.137,0.5654,HIGH,DEMO
47.7,80.2,215.0,12.5,62.2,121.5,215.0,0.605,1,3,0.518,2,0.112,0.5768,HIGH,DEMO
25.1,328.5,16.3,3.4,8.9,12.9,16.3,0.278,0,1,0.373,0,0.255,0.1138,LOW,DEMO
33.2,290.1,28.5,3.9,10.1,16.2,28.5,0.301,3,0,0.486,0,0.632,0.1715,LOW,DEMO
23.9,339.5,61.4,8.2,22.9,36.1,61.4,0.393,3,0,0.243,0,0.421,0.2003,LOW,DEMO
60.1,1555.5,55.1,7.4,19.0,32.3,55.1,0.319,3,3,0.508,3,0.174,0.3536,MEDIUM,DEMO
54.5,375.2,87.7,9.8,39.2,74.4,87.7,0.416,0,0,0.156,1,0.257,0.518,HIGH,DEMO
13.0,271.3,77.7,11.9,29.4,46.9,77.7,0.399,0,2,0.758,1,0.353,0.1868,LOW,DEMO
40.9,711.5,35.3,5.8,19.2,28.9,35.3,0.322,2,0,0.597,2,0.156,0.2259,LOW,DEMO
52.8,1886.5,50.9,8.1,24.2,43.1,50.9,0.345,3,0,0.836,0,0.644,0.3414,MEDIUM,DEMO
22.1,328.6,63.8,7.7,25.5,42.4,63.8,0.298,2,3,0.576,2,0.098,0.1426,LOW,DEMO
35.8,153.6,31.3,5.5,16.2,23.1,31.3,0.195,1,0,0.258,0,0.067,0.1737,LOW,DEMO
52.1,476.6,69.5,10.4,27.0,54.5,69.5,0.332,2,0,0.488,1,0.278,0.4347,MEDIUM,DEMO
12.4,1319.3,32.9,6.1,13.5,22.0,32.9,0.285,0,1,0.625,0,0.239,0.1109,LOW,DEMO
40.5,800.0,68.2,7.8,22.6,40.8,68.2,0.318,3,1,0.404,0,0.387,0.2636,MEDIUM,DEMO
26.9,1607.4,39.4,5.3,17.7,26.8,39.4,0.32,3,0,0.54,1,0.181,0.1772,LOW,DEMO
52.8,2967.9,132.8,16.4,47.3,103.8,132.8,0.551,3,1,0.244,0,0.076,0.5669,HIGH,DEMO
57.4,1496.1,98.7,20.5,50.4,77.4,98.7,0.47,0,0,0.711,2,0.211,0.5833,HIGH,DEMO
54.5,913.3,97.2,8.8,28.9,60.2,97.2,0.454,1,0,0.811,0,0.507,0.4478,MEDIUM,DEMO
32.7,691.9,117.3,10.8,33.2,70.7,117.3,0.517,1,0,0.359,2,0.054,0.3589,MEDIUM,DEMO
48.5,116.8,102.1,20.8,56.3,84.3,102.1,0.393,0,3,0.723,0,0.317,0.3896,MEDIUM,DEMO
47.5,3819.9,133.3,13.9,48.2,75.1,133.3,0.475,1,0,0.19,0,0.233,0.5147,HIGH,DEMO
27.7,515.3,82.9,12.1,45.9,63.9,82.9,0.435,2,1,0.307,2,0.126,0.2684,MEDIUM,DEMO
46.6,228.6,116.2,9.6,39.7,65.6,116.2,0.442,1,0,0.471,1,0.266,0.4746,MEDIUM,DEMO
12.7,1068.9,95.3,14.2,46.5,76.4,95.3,0.406,1,0,0.414,0,0.093,0.2285,LOW,DEMO
36.7,381.0,94.9,11.1,51.6,77.9,94.9,0.519,0,0,0.591,1,0.228,0.3671,MEDIUM,DEMO
24.3,873.2,23.6,3.1,8.2,15.1,23.6,0.299,3,1,0.548,0,0.327,0.1143,LOW,DEMO
19.0,875.4,35.9,2.4,9.5,20.5,35.9,0.405,2,0,0.186,0,0.049,0.1235,LOW,DEMO
16.2,611.1,88.3,10.0,31.8,61.3,88.3,0.323,2,1,0.22,2,0.344,0.2276,LOW,DEMO
40.5,1707.8,44.3,4.1,14.8,28.3,44.3,0.301,0,3,0.159,1,0.056,0.204,LOW,DEMO
28.5,357.1,71.9,10.4,26.7,48.5,71.9,0.404,2,0,0.844,0,0.457,0.218,LOW,DEMO
41.7,615.8,52.3,13.1,28.7,39.2,52.3,0.352,0,2,0.61,1,0.117,0.266,MEDIUM,DEMO
15.3,774.4,53.7,8.9,22.8,32.9,53.7,0.247,2,0,0.77,1,0.097,0.1632,LOW,DEMO
27.6,1060.6,77.4,13.5,37.2,50.9,77.4,0.382,2,0,0.531,1,0.238,0.2864,MEDIUM,DEMO
34.8,1459.1,62.6,14.8,36.8,49.1,62.6,0.49,3,0,0.267,0,0.042,0.2828,MEDIUM,DEMO
44.6,532.0,168.3,15.2,72.6,125.1,168.3,0.575,1,1,0.596,2,0.454,0.5912,HIGH,DEMO
27.7,1014.7,25.6,2.0,8.6,16.6,25.6,0.328,0,0,0.504,0,0.185,0.1254,LOW,DEMO
37.8,226.9,107.1,11.3,49.6,80.2,107.1,0.417,3,2,0.43,1,0.084,0.3252,MEDIUM,DEMO
50.0,2508.0,120.3,15.4,67.0,93.8,120.3,0.486,3,0,0.403,2,0.237,0.5527,HIGH,DEMO
37.4,514.7,175.3,20.9,75.2,127.5,175.3,0.575,1,1,0.614,0,0.092,0.5001,HIGH,DEMO
24.4,1256.8,78.6,10.6,29.4,48.9,78.6,0.452,0,1,0.589,3,0.473,0.2352,LOW,DEMO
11.3,98.5,113.0,7.1,30.5,62.2,113.0,0.514,1,0,0.235,2,0.174,0.2621,MEDIUM,DEMO
49.0,286.7,167.0,36.6,76.1,132.1,167.0,0.581,1,1,0.74,1,0.293,0.6473,HIGH,DEMO
10.9,680.9,49.3,10.2,22.3,39.3,49.3,0.345,2,0,0.603,0,0.603,0.1656,LOW,DEMO
49.2,1975.2,39.5,8.2,16.7,30.0,39.5,0.239,2,0,0.527,0,0.518,0.2961,MEDIUM,DEMO
34.5,754.3,81.0,7.1,33.2,46.4,81.0,0.315,0,2,0.689,2,0.789,0.2404,LOW,DEMO
54.0,2471.7,64.7,10.0,22.0,47.0,64.7,0.374,2,0,0.237,0,0.097,0.3939,MEDIUM,DEMO
45.0,675.1,114.4,29.8,67.6,91.1,114.4,0.506,0,2,0.819,0,0.238,0.392,MEDIUM,DEMO
63.0,686.8,26.9,3.8,8.1,17.9,26.9,0.367,0,0,0.326,0,0.168,0.3414,MEDIUM,DEMO
28.8,194.8,160.5,25.7,71.8,97.8,160.5,0.504,1,0,0.32,0,0.502,0.4652,MEDIUM,DEMO
43.5,1540.5,88.8,17.3,39.6,64.5,88.8,0.339,0,0,0.739,0,0.569,0.3976,MEDIUM,DEMO
30.5,335.3,63.5,7.2,33.5,50.6,63.5,0.414,2,1,0.374,3,0.745,0.2447,LOW,DEMO
32.9,2148.8,75.4,4.8,21.6,42.6,75.4,0.349,1,0,0.751,2,0.443,0.2371,LOW,DEMO
37.8,2255.4,138.0,15.3,65.0,100.6,138.0,0.427,1,0,0.369,2,0.19,0.4673,MEDIUM,DEMO
49.2,2663.1,103.3,26.0,54.8,76.7,103.3,0.417,1,1,0.539,2,0.213,0.4992,MEDIUM,DEMO
59.4,741.0,74.4,5.8,26.8,54.4,74.4,0.363,3,0,0.295,0,0.255,0.4367,MEDIUM,DEMO
43.6,1097.4,65.8,5.5,23.9,49.1,65.8,0.438,3,2,0.676,3,0.073,0.2274,LOW,DEMO
31.0,1436.7,67.9,13.0,27.2,50.2,67.9,0.419,2,1,0.247,0,0.177,0.2457,LOW,DEMO
31.1,206.4,111.5,7.6,32.7,65.7,111.5,0.42,1,1,0.804,0,0.899,0.2852,MEDIUM,DEMO
42.2,906.8,62.3,8.6,18.7,38.7,62.3,0.436,0,2,0.402,0,0.447,0.2491,LOW,DEMO
24.7,111.4,106.2,22.3,51.1,78.2,106.2,0.454,1,0,0.478,1,0.099,0.3523,MEDIUM,DEMO
18.4,699.5,40.5,2.4,11.6,22.5,40.5,0.378,1,0,0.138,0,0.234,0.1328,LOW,DEMO
29.0,231.4,45.5,4.5,21.9,33.7,45.5,0.401,0,0,0.862,2,0.262,0.1722,LOW,DEMO
26.6,261.8,73.9,14.1,39.2,55.4,73.9,0.374,0,0,0.738,1,0.151,0.2629,MEDIUM,DEMO
26.9,488.8,65.5,13.1,26.3,40.7,65.5,0.4,1,0,0.46,1,0.199,0.2664,MEDIUM,DEMO
24.5,589.8,47.4,7.8,16.8,34.6,47.4,0.318,2,1,0.819,2,0.092,0.1548,LOW,DEMO
13.3,958.4,32.7,4.2,14.4,23.2,32.7,0.357,2,1,0.828,3,0.324,0.1144,LOW,DEMO
10.4,149.6,42.7,4.8,15.2,26.8,42.7,0.334,2,0,0.525,2,0.327,0.1465,LOW,DEMO
60.1,710.5,184.2,22.2,70.2,126.9,184.2,0.64,1,0,0.298,1,0.539,0.8168,VERY HIGH,DEMO
31.3,261.5,47.3,8.9,21.2,38.9,47.3,0.414,1,0,0.49,3,0.165,0.2123,LOW,DEMO
30.0,847.9,77.6,11.6,38.4,52.6,77.6,0.422,1,0,0.367,1,0.318,0.3052,MEDIUM,DEMO
39.8,993.0,47.3,5.7,23.5,35.0,47.3,0.333,3,1,0.46,1,0.137,0.2441,LOW,DEMO
23.8,812.2,61.3,7.1,16.8,34.4,61.3,0.36,0,1,0.813,0,0.484,0.1616,LOW,DEMO
55.0,1286.5,128.0,14.7,43.5,73.4,128.0,0.34,1,0,0.334,0,0.364,0.5676,HIGH,DEMO
44.4,448.0,64.5,4.5,20.2,37.1,64.5,0.334,1,2,0.758,0,0.058,0.1951,LOW,DEMO
17.0,1383.8,59.5,15.2,34.7,46.6,59.5,0.407,0,1,0.831,1,0.265,0.2098,LOW,DEMO
31.0,590.3,49.3,9.0,24.0,32.3,49.3,0.39,1,1,0.732,1,0.234,0.2146,LOW,DEMO
49.5,675.8,62.8,7.4,21.2,38.8,62.8,0.33,2,0,0.521,1,0.458,0.3848,MEDIUM,DEMO
54.5,1020.0,95.2,16.5,40.9,73.7,95.2,0.435,1,0,0.549,0,0.426,0.5193,HIGH,DEMO
32.5,96.7,18.0,2.4,6.8,10.8,18.0,0.274,0,2,0.743,1,0.272,0.1258,LOW,DEMO
37.3,1035.2,29.1,4.2,10.8,18.1,29.1,0.338,1,3,0.154,1,0.446,0.192,LOW,DEMO
21.4,947.5,96.6,15.5,33.7,65.6,96.6,0.54,0,2,0.679,1,0.088,0.2513,MEDIUM,DEMO
60.8,413.8,76.8,12.4,32.3,49.9,76.8,0.428,1,0,0.522,1,0.273,0.5595,HIGH,DEMO
24.4,160.7,51.1,8.1,20.4,37.1,51.1,0.311,1,0,0.422,1,0.057,0.1944,LOW,DEMO
54.4,165.8,100.1,16.2,42.1,65.2,100.1,0.432,3,1,0.703,0,0.18,0.4778,MEDIUM,DEMO
38.7,2390.2,57.5,7.8,21.7,38.4,57.5,0.427,0,2,0.322,0,0.301,0.2121,LOW,DEMO
37.1,1132.0,126.8,17.0,67.7,102.6,126.8,0.415,1,0,0.801,0,0.143,0.3837,MEDIUM,DEMO
33.9,202.3,49.6,7.9,26.3,40.5,49.6,0.311,1,2,0.643,0,0.42,0.165,LOW,DEMO
24.3,477.1,39.7,7.8,19.1,31.7,39.7,0.359,2,1,0.584,0,0.592,0.1581,LOW,DEMO
21.9,887.9,283.9,49.8,152.0,229.8,283.9,0.842,2,2,0.518,0,0.193,0.468,MEDIUM,DEMO
23.9,1704.8,111.8,15.3,47.4,80.6,111.8,0.488,2,1,0.282,0,0.04,0.2859,MEDIUM,DEMO
22.4,120.2,43.7,6.7,15.8,32.5,43.7,0.301,2,1,0.589,2,0.44,0.1624,LOW,DEMO
44.1,323.0,57.8,4.2,20.9,41.5,57.8,0.384,0,0,0.671,0,0.06,0.2343,LOW,DEMO
28.8,2064.5,49.8,8.3,20.5,39.1,49.8,0.363,3,2,0.129,1,0.326,0.2001,LOW,DEMO
14.7,88.3,21.6,2.5,7.2,15.5,21.6,0.308,1,2,0.398,1,0.171,0.1001,LOW,DEMO
57.2,282.4,60.3,7.3,23.3,35.2,60.3,0.357,0,3,0.753,1,0.025,0.3407,MEDIUM,DEMO
49.8,2955.3,81.8,11.0,36.3,64.9,81.8,0.405,2,0,0.6,1,0.347,0.4459,MEDIUM,DEMO
53.0,935.3,163.3,15.3,60.8,127.1,163.3,0.508,2,1,0.588,1,0.268,0.6521,HIGH,DEMO
61.8,353.0,69.6,11.6,38.6,55.4,69.6,0.503,0,3,0.294,0,0.521,0.4565,MEDIUM,DEMO
21.8,142.4,54.3,6.9,21.6,33.0,54.3,0.359,3,1,0.6,0,0.193,0.1444,LOW,DEMO
30.3,105.7,175.4,21.5,64.9,110.8,175.4,0.603,1,0,0.717,1,0.156,0.5242,HIGH,DEMO
43.1,332.6,153.6,20.7,51.4,98.1,153.6,0.524,1,3,0.425,1,0.153,0.5187,HIGH,DEMO
40.5,1999.5,81.5,9.5,28.4,57.3,81.5,0.444,1,0,0.258,1,0.179,0.3678,MEDIUM,DEMO
20.8,563.9,76.6,11.7,26.6,45.2,76.6,0.327,0,0,0.179,3,0.07,0.2248,LOW,DEMO
45.9,1226.7,94.5,17.6,45.0,62.9,94.5,0.338,3,1,0.504,1,0.052,0.4496,MEDIUM,DEMO
24.1,2334.1,49.2,3.9,15.1,29.8,49.2,0.34,2,0,0.64,0,0.374,0.1455,LOW,DEMO
24.0,551.9,74.6,8.3,29.2,47.0,74.6,0.491,1,0,0.244,2,0.141,0.2384,LOW,DEMO
34.7,271.1,47.9,6.0,27.0,36.5,47.9,0.399,2,1,0.44,3,0.311,0.2111,LOW,DEMO
36.6,735.2,156.6,39.2,81.0,126.3,156.6,0.5,2,1,0.552,2,0.007,0.4823,MEDIUM,DEMO
36.2,2228.2,41.2,6.2,13.3,22.9,41.2,0.352,2,3,0.238,3,0.156,0.1746,LOW,DEMO
17.2,1548.4,85.5,9.2,40.9,61.6,85.5,0.377,0,2,0.325,0,0.282,0.1643,LOW,DEMO
49.4,141.3,88.1,12.8,34.5,49.4,88.1,0.435,2,2,0.582,0,0.079,0.3383,MEDIUM,DEMO
25.7,1141.6,164.3,28.9,59.3,94.6,164.3,0.58,1,1,0.671,0,0.718,0.4426,MEDIUM,DEMO
19.5,843.6,53.9,12.4,29.2,41.0,53.9,0.396,3,0,0.603,2,0.019,0.1891,LOW,DEMO
50.2,2222.1,46.5,7.5,21.7,35.8,46.5,0.258,2,1,0.662,1,0.08,0.3093,MEDIUM,DEMO
55.6,197.6,108.1,16.3,60.0,85.8,108.1,0.387,1,1,0.562,1,0.513,0.593,HIGH,DEMO
48.5,767.3,99.6,14.4,50.7,69.0,99.6,0.431,0,1,0.755,0,0.071,0.3939,MEDIUM,DEMO
45.6,1984.2,218.0,44.5,105.7,176.1,218.0,0.603,1,0,0.748,2,0.024,0.6488,HIGH,DEMO
38.9,554.9,82.4,13.6,31.2,49.5,82.4,0.348,2,0,0.725,2,0.398,0.3454,MEDIUM,DEMO
35.2,672.0,154.7,21.9,61.2,96.7,154.7,0.551,0,1,0.557,0,0.38,0.4665,MEDIUM,DEMO
16.9,145.8,144.7,13.8,58.5,85.4,144.7,0.473,2,0,0.876,0,0.114,0.2811,MEDIUM,DEMO
30.7,373.3,46.3,12.2,25.5,36.6,46.3,0.449,2,3,0.15,0,0.097,0.1797,LOW,DEMO
29.6,433.1,24.3,3.1,6.9,15.0,24.3,0.268,0,1,0.269,0,0.643,0.1487,LOW,DEMO
25.5,2692.4,61.0,5.9,24.4,36.4,61.0,0.35,2,2,0.735,1,0.159,0.155,LOW,DEMO
41.6,379.0,123.9,13.6,62.6,91.3,123.9,0.495,0,0,0.748,2,0.134,0.4373,MEDIUM,DEMO
33.4,636.0,165.9,22.6,62.8,95.1,165.9,0.483,0,1,0.742,2,0.219,0.4747,MEDIUM,DEMO
16.5,1081.4,3.0,0.3,1.1,1.7,3.0,0.281,0,3,0.783,0,0.425,0.0631,LOW,DEMO
23.9,239.3,41.0,3.1,11.0,23.8,41.0,0.343,2,0,0.441,0,0.18,0.1345,LOW,DEMO
40.0,679.8,94.5,6.9,30.3,52.0,94.5,0.408,3,0,0.828,1,0.212,0.3263,MEDIUM,DEMO
16.1,1287.3,110.9,28.4,58.5,84.2,110.9,0.47,2,0,0.279,0,0.4,0.3105,MEDIUM,DEMO
47.8,1894.7,36.7,8.6,19.2,26.3,36.7,0.339,1,0,0.832,0,0.129,0.2505,MEDIUM,DEMO
33.4,965.8,47.8,3.6,15.2,29.3,47.8,0.41,0,1,0.543,0,0.197,0.1673,LOW,DEMO
32.9,1075.2,20.3,3.6,7.8,12.6,20.3,0.413,2,0,0.245,1,0.241,0.1941,LOW,DEMO
36.6,201.5,187.7,41.7,102.9,148.9,187.7,0.545,0,1,0.679,1,0.466,0.5913,HIGH,DEMO
46.4,2703.2,85.9,12.1,40.7,60.2,85.9,0.345,2,1,0.345,2,0.098,0.3887,MEDIUM,DEMO
28.7,208.0,47.4,10.5,22.9,36.0,47.4,0.343,0,0,0.288,0,0.191,0.1982,LOW,DEMO
39.8,1421.2,148.7,17.6,46.4,101.9,148.7,0.422,1,3,0.251,2,0.023,0.445,MEDIUM,DEMO
35.7,356.9,85.8,16.2,35.6,53.3,85.8,0.442,1,0,0.142,0,0.126,0.3421,MEDIUM,DEMO
25.8,2520.8,164.1,32.1,94.2,138.1,164.1,0.56,2,1,0.701,1,0.368,0.4673,MEDIUM,DEMO
49.5,1225.5,177.9,29.9,85.4,128.1,177.9,0.599,1,0,0.49,1,0.211,0.6966,HIGH,DEMO
45.0,1341.5,36.7,4.2,14.7,21.7,36.7,0.303,1,3,0.864,0,0.096,0.1581,LOW,DEMO
39.0,302.5,154.0,19.0,59.9,103.5,154.0,0.549,1,3,0.454,2,0.151,0.4673,MEDIUM,DEMO
47.8,606.7,150.6,27.1,73.1,97.7,150.6,0.553,1,0,0.761,3,0.438,0.5979,HIGH,DEMO
48.8,945.7,100.2,20.3,41.9,61.6,100.2,0.446,3,0,0.856,0,0.238,0.4512,MEDIUM,DEMO
41.0,1402.6,105.2,20.7,54.4,87.3,105.2,0.378,1,2,0.137,1,0.033,0.4102,MEDIUM,DEMO
47.0,178.8,82.1,11.9,48.8,66.8,82.1,0.411,0,0,0.2,0,0.054,0.3792,MEDIUM,DEMO
40.5,3031.8,31.6,2.8,13.9,19.3,31.6,0.401,1,2,0.384,0,0.132,0.1554,LOW,DEMO
39.8,2068.4,29.7,6.2,13.5,19.5,29.7,0.317,0,3,0.781,0,0.404,0.1527,LOW,DEMO
37.5,363.7,192.2,28.7,92.7,149.7,192.2,0.614,1,1,0.757,1,0.195,0.5941,HIGH,DEMO
42.9,1637.2,85.8,9.4,31.9,52.5,85.8,0.487,0,3,0.399,0,0.174,0.2759,MEDIUM,DEMO
21.0,737.4,63.8,11.2,25.4,46.4,63.8,0.331,3,0,0.272,0,0.196,0.1929,LOW,DEMO
49.6,637.6,109.1,21.1,43.6,82.9,109.1,0.497,1,3,0.73,0,0.201,0.4181,MEDIUM,DEMO
49.1,419.8,46.1,8.8,20.8,34.4,46.1,0.309,2,0,0.574,0,0.2,0.2906,MEDIUM,DEMO
11.9,862.8,56.2,6.7,26.7,42.8,56.2,0.409,3,0,0.144,0,0.195,0.1611,LOW,DEMO
46.4,1258.0,77.0,9.7,30.7,58.6,77.0,0.433,3,3,0.731,2,0.203,0.2986,MEDIUM,DEMO
19.4,556.3,51.4,13.4,31.3,43.1,51.4,0.325,1,1,0.847,3,0.352,0.1746,LOW,DEMO
28.3,972.9,102.6,19.6,41.4,67.1,102.6,0.427,3,2,0.152,1,0.581,0.3596,MEDIUM,DEMO
42.5,1161.5,69.3,17.1,34.3,56.4,69.3,0.428,2,2,0.337,1,0.072,0.3491,MEDIUM,DEMO
21.1,1197.6,102.2,11.7,33.0,56.9,102.2,0.347,0,1,0.743,2,0.156,0.2348,LOW,DEMO
46.0,128.0,108.2,14.4,32.2,68.9,108.2,0.429,3,0,0.564,1,0.149,0.4777,MEDIUM,DEMO
46.8,1847.9,146.5,12.6,59.1,82.7,146.5,0.553,1,1,0.872,0,0.271,0.4741,MEDIUM,DEMO
33.8,631.7,61.1,7.1,24.8,45.5,61.1,0.348,0,0,0.816,3,0.123,0.2078,LOW,DEMO
8.2,353.9,36.1,4.2,13.5,20.9,36.1,0.324,2,0,0.255,3,0.071,0.1314,LOW,DEMO
26.6,329.1,270.7,67.8,137.6,217.6,270.7,0.651,2,1,0.632,0,0.267,0.4885,MEDIUM,DEMO
37.5,673.8,164.1,15.3,76.4,122.1,164.1,0.512,3,3,0.616,2,0.241,0.4399,MEDIUM,DEMO
58.9,2041.0,18.9,1.9,6.4,10.6,18.9,0.319,2,2,0.204,1,0.109,0.2933,MEDIUM,DEMO
38.0,507.8,294.3,54.4,113.5,225.0,294.3,0.759,1,0,0.188,1,0.209,0.6885,HIGH,DEMO
25.5,1326.7,49.3,6.2,21.3,39.9,49.3,0.276,1,2,0.553,2,0.763,0.1627,LOW,DEMO
38.1,171.6,69.8,8.5,31.7,52.2,69.8,0.433,2,3,0.426,2,0.436,0.2533,MEDIUM,DEMO
34.8,661.7,31.9,5.1,12.3,17.9,31.9,0.335,1,0,0.535,1,0.162,0.2022,LOW,DEMO
44.1,4200.0,81.2,16.1,38.0,65.6,81.2,0.346,0,0,0.302,2,0.412,0.4357,MEDIUM,DEMO
18.2,1404.4,51.1,6.9,20.1,39.3,51.1,0.352,0,0,0.543,0,0.091,0.1394,LOW,DEMO
43.2,292.8,32.8,5.0,10.4,21.7,32.8,0.258,0,1,0.411,2,0.032,0.22,LOW,DEMO
34.9,706.4,27.1,3.0,11.4,17.6,27.1,0.293,1,0,0.795,2,0.201,0.1633,LOW,DEMO
56.4,319.5,43.4,8.2,17.4,30.1,43.4,0.339,0,1,0.353,3,0.488,0.3922,MEDIUM,DEMO
28.5,554.2,115.4,19.4,45.6,93.5,115.4,0.424,0,2,0.782,3,0.198,0.2885,MEDIUM,DEMO
38.0,1443.1,103.2,13.1,42.1,64.6,103.2,0.479,1,1,0.416,1,0.333,0.4054,MEDIUM,DEMO
53.4,1407.5,37.7,5.0,11.2,21.9,37.7,0.365,0,3,0.559,1,0.171,0.2778,MEDIUM,DEMO
17.9,313.0,59.2,6.9,28.9,47.9,59.2,0.373,0,1,0.338,1,0.139,0.1803,LOW,DEMO
53.9,2378.5,132.5,9.6,40.1,73.9,132.5,0.517,3,0,0.735,2,0.29,0.5495,HIGH,DEMO
40.1,888.1,60.8,17.5,36.5,50.0,60.8,0.29,2,1,0.761,2,0.235,0.3168,MEDIUM,DEMO
15.5,510.1,166.7,12.7,55.5,107.0,166.7,0.628,1,3,0.735,0,0.193,0.2809,MEDIUM,DEMO
27.1,707.3,252.4,20.5,102.1,177.3,252.4,0.714,3,0,0.606,1,0.147,0.5726,HIGH,DEMO
41.0,916.1,43.8,6.0,19.1,25.8,43.8,0.285,1,0,0.352,1,0.297,0.2725,MEDIUM,DEMO
15.4,818.7,47.9,5.0,21.4,39.3,47.9,0.346,1,2,0.604,0,0.715,0.1167,LOW,DEMO
36.2,679.7,181.8,41.6,90.6,140.9,181.8,0.625,1,0,0.849,1,0.574,0.6053,HIGH,DEMO
28.7,712.8,60.0,12.9,27.1,49.7,60.0,0.387,2,2,0.613,3,0.273,0.1938,LOW,DEMO
37.6,254.7,138.1,17.4,50.4,104.3,138.1,0.452,1,1,0.847,3,0.585,0.4546,MEDIUM,DEMO
13.6,1587.7,85.5,10.8,33.0,51.7,85.5,0.447,0,2,0.351,1,0.198,0.2045,LOW,DEMO
49.1,782.3,65.5,11.0,30.5,42.1,65.5,0.369,2,1,0.763,2,0.682,0.3858,MEDIUM,DEMO
57.8,206.5,111.7,12.2,45.5,77.7,111.7,0.483,2,0,0.666,2,0.716,0.6041,HIGH,DEMO
57.2,1387.8,183.2,24.8,85.6,134.1,183.2,0.55,1,0,0.743,0,0.114,0.691,HIGH,DEMO
42.7,2505.3,151.6,18.3,79.4,125.5,151.6,0.584,2,0,0.66,0,0.696,0.5621,HIGH,DEMO
19.5,2728.9,72.5,9.3,27.7,48.3,72.5,0.394,1,2,0.485,2,0.124,0.1656,LOW,DEMO
43.1,494.4,87.1,16.1,42.0,66.2,87.1,0.471,2,1,0.642,0,0.106,0.356,MEDIUM,DEMO
11.3,211.1,138.8,29.4,61.4,116.4,138.8,0.431,1,2,0.828,1,0.3,0.3026,MEDIUM,DEMO
11.0,737.6,90.4,12.8,30.4,53.9,90.4,0.348,0,0,0.437,1,0.406,0.2673,MEDIUM,DEMO
27.9,187.5,199.3,39.2,94.0,161.2,199.3,0.608,3,1,0.843,2,0.308,0.5143,HIGH,DEMO
33.2,2526.1,10.6,1.5,5.1,7.2,10.6,0.343,2,0,0.158,1,0.262,0.1733,LOW,DEMO
43.7,262.5,45.6,9.1,19.4,35.1,45.6,0.433,3,0,0.131,2,0.628,0.3502,MEDIUM,DEMO
40.0,342.2,106.1,21.0,43.3,67.7,106.1,0.403,1,0,0.495,2,0.483,0.4595,MEDIUM,DEMO
31.9,549.8,55.0,8.8,18.4,35.8,55.0,0.355,2,2,0.765,3,0.372,0.1763,LOW,DEMO
26.1,514.8,186.8,11.6,54.8,104.3,186.8,0.605,3,1,0.308,3,0.145,0.4432,MEDIUM,DEMO
62.6,1504.8,47.8,9.9,25.9,40.3,47.8,0.375,0,1,0.647,0,0.301,0.3998,MEDIUM,DEMO
31.3,628.4,81.2,17.2,43.7,64.5,81.2,0.445,3,3,0.536,3,0.115,0.2531,MEDIUM,DEMO
32.0,248.5,43.3,4.2,14.7,25.0,43.3,0.275,1,1,0.341,0,0.12,0.1575,LOW,DEMO
21.3,359.8,70.9,16.5,33.2,60.3,70.9,0.385,0,1,0.337,1,0.228,0.2667,MEDIUM,DEMO
44.8,720.4,18.0,2.7,9.5,13.1,18.0,0.183,0,3,0.176,3,0.275,0.1754,LOW,DEMO
40.4,223.6,26.0,2.7,10.3,21.0,26.0,0.339,1,1,0.528,0,0.161,0.1665,LOW,DEMO
23.9,931.3,244.2,32.0,92.7,139.2,244.2,0.687,0,2,0.462,3,0.411,0.4819,MEDIUM,DEMO
16.6,830.7,76.7,10.0,33.6,51.1,76.7,0.332,0,1,0.34,3,0.324,0.1995,LOW,DEMO
39.8,1208.8,58.5,13.8,28.9,44.0,58.5,0.375,2,0,0.858,3,0.234,0.2889,MEDIUM,DEMO
38.8,2578.3,32.0,4.5,13.6,18.6,32.0,0.291,1,2,0.742,2,0.08,0.1547,LOW,DEMO
26.0,2270.0,36.4,5.5,17.0,25.4,36.4,0.381,2,3,0.519,0,0.524,0.1243,LOW,DEMO
55.1,2708.2,227.4,32.5,83.9,155.3,227.4,0.628,1,1,0.516,1,0.524,0.7746,VERY HIGH,DEMO
20.6,332.6,79.9,6.1,27.3,49.1,79.9,0.51,1,1,0.267,2,0.507,0.2295,LOW,DEMO
31.5,207.0,148.9,23.1,54.1,95.3,148.9,0.569,0,1,0.613,0,0.228,0.4169,MEDIUM,DEMO
54.4,403.9,3.7,0.6,1.4,3.1,3.7,0.321,1,3,0.845,3,0.377,0.1863,LOW,DEMO
31.1,2109.1,50.0,7.9,23.1,31.8,50.0,0.291,1,3,0.803,0,0.695,0.1541,LOW,DEMO
38.2,3299.7,207.7,29.3,60.2,127.5,207.7,0.725,1,0,0.184,1,0.094,0.675,HIGH,DEMO
30.4,1845.2,52.8,9.3,24.7,37.5,52.8,0.287,1,2,0.16,0,0.399,0.1772,LOW,DEMO
26.1,184.9,34.7,7.1,17.4,26.1,34.7,0.304,2,1,0.851,0,0.068,0.1245,LOW,DEMO
59.4,2731.0,100.1,25.8,54.0,76.9,100.1,0.501,0,0,0.272,1,0.348,0.6661,HIGH,DEMO
30.8,575.5,22.8,4.4,10.9,17.7,22.8,0.318,1,1,0.538,1,0.17,0.1606,LOW,DEMO
50.5,88.4,18.4,2.3,6.9,10.3,18.4,0.222,0,0,0.177,0,0.059,0.2278,LOW,DEMO
24.3,605.7,187.0,14.0,67.6,124.9,187.0,0.654,0,3,0.761,0,0.156,0.356,MEDIUM,DEMO
23.6,122.4,43.1,9.5,22.7,33.7,43.1,0.347,1,0,0.21,1,0.321,0.2149,LOW,DEMO
12.1,786.5,112.6,25.0,51.2,92.5,112.6,0.438,1,3,0.609,2,0.484,0.2664,MEDIUM,DEMO
38.7,452.0,232.8,41.8,122.6,170.1,232.8,0.605,1,3,0.163,0,0.265,0.5437,HIGH,DEMO
29.4,657.2,78.1,6.7,22.1,44.2,78.1,0.417,3,0,0.239,2,0.311,0.2597,MEDIUM,DEMO
48.6,934.8,110.2,14.3,40.1,73.7,110.2,0.446,3,2,0.509,1,0.493,0.4735,MEDIUM,DEMO
32.7,1907.9,18.2,2.6,6.2,10.4,18.2,0.292,1,1,0.155,3,0.198,0.1528,LOW,DEMO
57.1,1056.0,40.1,4.2,21.2,31.0,40.1,0.245,1,3,0.269,0,0.715,0.3016,MEDIUM,DEMO
22.3,592.3,205.8,36.8,79.0,117.1,205.8,0.611,2,2,0.223,0,0.413,0.448,MEDIUM,DEMO
48.9,1620.5,58.8,8.5,18.3,35.6,58.8,0.383,2,1,0.151,0,0.297,0.3318,MEDIUM,DEMO
44.0,2204.0,26.6,3.2,8.9,18.0,26.6,0.393,2,3,0.858,2,0.149,0.167,LOW,DEMO
43.7,194.8,106.5,9.4,39.7,73.4,106.5,0.438,0,0,0.462,3,0.157,0.3901,MEDIUM,DEMO
47.5,763.2,169.3,27.2,67.7,113.8,169.3,0.637,2,0,0.773,2,0.142,0.6333,HIGH,DEMO
43.2,381.3,52.9,5.4,22.3,36.4,52.9,0.388,3,2,0.392,2,0.055,0.2253,LOW,DEMO
37.8,123.4,106.7,16.6,47.2,81.5,106.7,0.46,2,0,0.152,0,0.409,0.4196,MEDIUM,DEMO
19.6,1073.8,135.0,13.2,57.9,89.2,135.0,0.45,2,3,0.649,0,0.142,0.228,LOW,DEMO
12.3,1867.5,66.3,10.3,27.4,47.4,66.3,0.325,2,2,0.149,3,0.423,0.1713,LOW,DEMO
52.5,240.0,59.6,8.3,28.1,38.2,59.6,0.392,1,1,0.54,1,0.141,0.381,MEDIUM,DEMO
37.4,1586.2,227.5,35.4,78.9,149.3,227.5,0.646,2,0,0.226,1,0.547,0.6806,HIGH,DEMO
44.9,1808.0,28.6,5.9,13.4,21.0,28.6,0.272,2,0,0.63,2,0.363,0.2502,MEDIUM,DEMO
33.0,2291.6,83.0,18.3,36.6,57.9,83.0,0.395,3,0,0.798,0,0.032,0.2823,MEDIUM,DEMO
18.8,357.4,70.4,8.0,28.8,54.0,70.4,0.373,3,1,0.846,3,0.331,0.1686,LOW,DEMO
19.2,2188.6,70.0,6.3,28.8,50.3,70.0,0.425,1,2,0.521,2,0.154,0.1511,LOW,DEMO
40.0,428.0,130.3,19.2,57.7,103.1,130.3,0.467,0,1,0.525,1,0.148,0.4888,MEDIUM,DEMO
31.4,803.3,111.7,8.6,38.3,76.3,111.7,0.498,0,1,0.149,1,0.102,0.3411,MEDIUM,DEMO
23.0,126.6,92.4,9.7,38.2,64.4,92.4,0.443,3,0,0.705,2,0.524,0.2598,MEDIUM,DEMO
33.3,120.4,18.5,3.0,7.9,13.9,18.5,0.201,1,0,0.847,0,0.324,0.13,LOW,DEMO
15.2,1226.9,37.4,4.4,11.6,23.1,37.4,0.334,1,3,0.453,0,0.655,0.1058,LOW,DEMO
36.2,609.1,63.1,5.2,24.6,42.0,63.1,0.234,1,0,0.723,0,0.132,0.1941,LOW,DEMO
25.9,346.5,80.8,11.4,34.4,59.6,80.8,0.355,1,0,0.726,0,0.26,0.2156,LOW,DEMO
45.0,270.1,204.3,20.1,55.9,114.1,204.3,0.653,1,2,0.717,1,0.541,0.651,HIGH,DEMO
27.4,1077.7,79.4,7.4,26.5,54.1,79.4,0.397,2,1,0.697,2,0.066,0.207,LOW,DEMO
32.2,80.4,126.3,27.4,59.4,92.1,126.3,0.396,1,0,0.283,3,0.464,0.4355,MEDIUM,DEMO
9.3,1555.4,72.3,10.0,40.2,60.7,72.3,0.328,2,3,0.691,2,0.414,0.1572,LOW,DEMO
15.8,154.3,119.7,19.7,71.3,97.3,119.7,0.342,2,1,0.23,1,0.471,0.3544,MEDIUM,DEMO
30.2,271.3,76.2,5.7,23.0,48.3,76.2,0.324,1,0,0.662,3,0.021,0.2018,LOW,DEMO
32.9,519.3,32.6,2.6,11.1,22.9,32.6,0.34,1,2,0.123,3,0.578,0.1612,LOW,DEMO
36.9,677.0,109.7,13.4,29.0,62.2,109.7,0.426,3,0,0.818,2,0.374,0.3764,MEDIUM,DEMO
26.7,474.6,102.5,11.0,38.9,63.8,102.5,0.449,1,1,0.749,0,0.273,0.2414,LOW,DEMO
40.4,428.0,23.4,4.9,11.7,18.3,23.4,0.294,1,2,0.639,0,0.718,0.1647,LOW,DEMO
48.4,3069.7,72.3,8.0,24.2,42.4,72.3,0.386,2,3,0.192,0,0.053,0.279,MEDIUM,DEMO
44.1,1003.4,71.8,12.1,31.0,45.0,71.8,0.434,3,0,0.747,3,0.314,0.3484,MEDIUM,DEMO
13.0,101.3,48.5,12.7,26.5,40.4,48.5,0.33,1,0,0.785,1,0.279,0.1879,LOW,DEMO
32.9,586.2,31.1,8.4,18.5,24.8,31.1,0.353,2,1,0.643,2,0.295,0.1903,LOW,DEMO
18.0,1951.6,88.4,7.5,34.1,69.4,88.4,0.29,1,3,0.862,2,0.006,0.1417,LOW,DEMO
24.8,402.9,192.1,33.0,72.7,155.5,192.1,0.662,0,1,0.191,2,0.7,0.5757,HIGH,DEMO
59.9,169.4,116.5,16.1,48.1,90.3,116.5,0.402,0,1,0.659,0,0.089,0.5563,HIGH,DEMO
20.2,1358.4,20.7,1.7,5.5,12.1,20.7,0.235,0,0,0.519,0,0.122,0.0988,LOW,DEMO
33.5,918.3,182.8,37.8,94.1,128.9,182.8,0.554,0,1,0.231,2,0.431,0.5705,HIGH,DEMO
37.5,840.2,166.4,29.9,61.5,113.7,166.4,0.613,1,3,0.62,2,0.279,0.4888,MEDIUM,DEMO
40.7,129.6,50.8,4.6,20.1,32.7,50.8,0.3,0,0,0.728,1,0.161,0.2442,LOW,DEMO
35.5,216.3,22.0,4.1,9.6,17.6,22.0,0.258,3,0,0.245,0,0.061,0.159,LOW,DEMO
9.0,956.9,52.4,4.9,18.9,36.1,52.4,0.299,3,1,0.723,0,0.209,0.1182,LOW,DEMO
28.0,289.7,55.2,4.9,15.5,31.4,55.2,0.365,1,0,0.191,0,0.42,0.1907,LOW,DEMO
34.1,711.2,23.6,3.8,8.2,14.9,23.6,0.331,1,1,0.569,1,0.294,0.177,LOW,DEMO
16.9,788.5,87.5,12.5,34.3,54.1,87.5,0.498,1,0,0.727,1,0.449,0.2667,MEDIUM,DEMO
28.8,380.0,41.3,5.5,25.0,33.7,41.3,0.447,2,0,0.231,3,0.199,0.1917,LOW,DEMO
12.3,2748.2,27.9,4.5,12.8,20.8,27.9,0.334,2,2,0.554,3,0.19,0.0964,LOW,DEMO
16.3,1743.3,62.1,11.9,27.2,44.6,62.1,0.384,1,1,0.443,1,0.515,0.2222,LOW,DEMO
30.4,1233.3,188.7,21.9,61.0,132.4,188.7,0.54,1,3,0.582,2,0.205,0.4585,MEDIUM,DEMO
19.7,153.1,131.5,17.2,68.8,98.0,131.5,0.59,2,2,0.442,2,0.036,0.3101,MEDIUM,DEMO
35.7,181.0,99.6,12.0,35.9,77.4,99.6,0.446,1,0,0.311,2,0.328,0.3718,MEDIUM,DEMO
40.2,690.9,51.0,12.6,26.4,36.6,51.0,0.33,2,0,0.313,1,0.202,0.3247,MEDIUM,DEMO
45.1,237.7,23.8,4.8,12.1,19.8,23.8,0.314,3,1,0.777,1,0.362,0.2356,LOW,DEMO
23.0,3526.0,31.6,5.6,13.3,26.6,31.6,0.277,2,0,0.239,0,0.136,0.1361,LOW,DEMO
21.5,235.3,126.5,27.4,62.9,107.4,126.5,0.368,1,3,0.214,3,0.584,0.3174,MEDIUM,DEMO
18.0,681.6,41.0,5.2,23.1,30.8,41.0,0.355,2,0,0.194,2,0.243,0.1608,LOW,DEMO
38.2,487.5,82.3,13.9,37.0,68.3,82.3,0.47,1,0,0.176,0,0.146,0.3395,MEDIUM,DEMO
40.9,998.0,100.4,11.2,35.8,67.4,100.4,0.464,2,0,0.131,0,0.158,0.3726,MEDIUM,DEMO
12.2,204.3,19.6,1.9,7.7,15.8,19.6,0.286,3,1,0.242,1,0.215,0.1201,LOW,DEMO
53.8,586.4,74.7,10.1,38.7,61.5,74.7,0.389,0,2,0.266,1,0.196,0.4105,MEDIUM,DEMO
14.2,369.1,94.9,16.1,37.2,78.0,94.9,0.435,0,0,0.325,0,0.38,0.2641,MEDIUM,DEMO
34.9,2048.3,219.3,29.6,119.1,175.3,219.3,0.664,1,1,0.214,2,0.205,0.6105,HIGH,DEMO
41.0,117.3,81.3,11.7,39.7,54.7,81.3,0.398,0,0,0.192,0,0.103,0.3292,MEDIUM,DEMO
49.0,2285.2,122.7,15.3,53.5,73.3,122.7,0.479,2,1,0.532,0,0.492,0.5022,HIGH,DEMO
41.2,1690.8,51.8,3.5,16.3,33.7,51.8,0.424,2,0,0.666,3,0.108,0.2288,LOW,DEMO
45.2,397.9,142.5,23.2,68.6,111.2,142.5,0.538,1,1,0.599,2,0.103,0.5399,HIGH,DEMO
28.5,1481.5,26.4,3.4,7.8,16.4,26.4,0.304,1,1,0.543,1,0.017,0.1446,LOW,DEMO
45.9,108.5,102.6,9.1,44.2,71.2,102.6,0.474,1,0,0.455,3,0.722,0.4478,MEDIUM,DEMO
16.4,3146.5,84.0,9.8,42.0,60.4,84.0,0.439,0,1,0.602,3,0.229,0.1986,LOW,DEMO
50.6,753.0,158.7,29.5,70.9,116.0,158.7,0.592,2,1,0.805,0,0.214,0.5851,HIGH,DEMO
35.1,405.2,100.7,22.5,59.5,83.6,100.7,0.399,1,1,0.597,0,0.357,0.3439,MEDIUM,DEMO
46.0,485.3,64.3,13.8,33.2,48.1,64.3,0.345,2,1,0.166,1,0.046,0.3877,MEDIUM,DEMO
32.1,141.8,142.1,16.0,59.5,111.7,142.1,0.473,2,2,0.554,3,0.268,0.3628,MEDIUM,DEMO
38.4,4167.9,99.7,20.4,46.2,72.2,99.7,0.473,2,1,0.518,2,0.152,0.4033,MEDIUM,DEMO
34.4,116.1,34.6,4.3,12.5,27.7,34.6,0.35,0,3,0.464,0,0.16,0.1316,LOW,DEMO
41.9,1037.5,67.3,9.2,24.1,42.3,67.3,0.311,2,3,0.552,1,0.507,0.2813,MEDIUM,DEMO
16.5,606.2,31.3,2.3,10.0,19.2,31.3,0.328,2,2,0.631,2,0.338,0.0993,LOW,DEMO
14.9,2756.9,94.5,15.0,57.2,78.3,94.5,0.494,2,3,0.148,0,0.649,0.2337,LOW,DEMO
25.0,334.1,101.6,19.0,44.0,77.0,101.6,0.427,1,3,0.485,2,0.459,0.2878,MEDIUM,DEMO
21.1,763.5,199.1,25.8,96.7,149.6,199.1,0.635,0,0,0.741,1,0.031,0.5026,HIGH,DEMO
49.1,672.6,66.3,7.0,30.6,45.7,66.3,0.41,2,3,0.523,0,0.006,0.2505,MEDIUM,DEMO
23.8,1172.2,58.9,10.1,26.6,39.1,58.9,0.293,1,0,0.172,1,0.073,0.2245,LOW,DEMO
58.1,143.4,21.3,3.7,10.2,15.2,21.3,0.297,1,0,0.709,3,0.301,0.3108,MEDIUM,DEMO
28.4,273.9,66.2,8.0,20.8,38.8,66.2,0.437,1,3,0.835,3,0.176,0.1603,LOW,DEMO
22.2,297.4,61.2,10.6,27.5,42.0,61.2,0.334,1,0,0.767,3,0.541,0.2014,LOW,DEMO
44.6,1286.0,80.2,11.9,33.9,55.1,80.2,0.441,0,1,0.396,3,0.704,0.4015,MEDIUM,DEMO
39.0,268.7,59.9,9.3,26.8,42.6,59.9,0.363,1,3,0.526,0,0.281,0.2044,LOW,DEMO
33.5,846.9,60.0,9.5,20.0,44.4,60.0,0.328,0,0,0.569,3,0.348,0.2422,LOW,DEMO
35.3,298.1,80.0,12.7,35.3,67.0,80.0,0.394,1,0,0.664,0,0.358,0.2838,MEDIUM,DEMO
41.4,1860.0,69.8,14.6,37.9,52.0,69.8,0.353,3,1,0.626,2,0.142,0.3268,MEDIUM,DEMO
24.2,2645.5,59.2,7.3,25.9,48.3,59.2,0.316,1,2,0.271,1,0.097,0.1687,LOW,DEMO
62.3,737.8,58.8,11.3,24.5,42.1,58.8,0.346,2,2,0.761,0,0.037,0.3551,MEDIUM,DEMO
57.9,470.9,236.0,18.3,88.1,174.2,236.0,0.692,1,3,0.765,1,0.277,0.7386,HIGH,DEMO
38.7,320.0,57.6,5.9,16.2,32.9,57.6,0.349,3,0,0.427,1,0.323,0.2789,MEDIUM,DEMO
23.0,126.0,63.8,6.1,19.3,37.6,63.8,0.355,1,0,0.219,2,0.156,0.1977,LOW,DEMO
39.8,361.4,17.4,3.0,7.8,12.6,17.4,0.294,1,2,0.583,1,0.321,0.1641,LOW,DEMO
15.8,1035.8,142.8,21.3,69.3,95.5,142.8,0.542,2,2,0.392,2,0.455,0.3462,MEDIUM,DEMO
12.0,766.5,8.7,1.6,3.8,6.9,8.7,0.209,1,0,0.683,1,0.152,0.1013,LOW,DEMO
25.4,2674.8,35.8,2.9,14.0,25.5,35.8,0.304,1,0,0.36,2,0.377,0.1609,LOW,DEMO
32.4,534.2,107.4,17.4,54.2,87.5,107.4,0.351,0,0,0.32,2,0.122,0.3786,MEDIUM,DEMO
48.9,1145.4,15.6,3.3,7.3,13.2,15.6,0.271,0,3,0.779,0,0.253,0.1605,LOW,DEMO
41.8,684.8,45.6,5.4,19.6,27.1,45.6,0.342,2,3,0.588,1,0.3,0.2149,LOW,DEMO
42.4,726.8,73.1,5.9,27.5,48.9,73.1,0.414,3,0,0.185,3,0.085,0.3078,MEDIUM,DEMO
31.3,360.5,69.1,10.8,30.9,51.8,69.1,0.386,0,0,0.644,2,0.267,0.2563,MEDIUM,DEMO
28.7,626.2,44.5,8.6,17.4,28.6,44.5,0.36,1,0,0.692,1,0.012,0.1951,LOW,DEMO
29.5,652.7,123.1,11.6,53.1,77.6,123.1,0.482,0,3,0.299,0,0.695,0.2998,MEDIUM,DEMO
60.1,1183.7,127.9,13.9,62.9,101.6,127.9,0.454,1,3,0.855,0,0.221,0.5079,HIGH,DEMO
13.1,2621.7,109.4,18.2,48.2,92.4,109.4,0.397,1,1,0.403,0,0.414,0.2786,MEDIUM,DEMO
48.8,439.5,53.0,5.6,20.2,41.4,53.0,0.335,2,0,0.835,0,0.315,0.2705,MEDIUM,DEMO
36.1,118.8,82.9,13.9,42.9,58.7,82.9,0.366,0,0,0.343,1,0.414,0.3736,MEDIUM,DEMO
31.7,697.2,48.5,10.3,22.9,33.1,48.5,0.334,2,1,0.583,0,0.19,0.187,LOW,DEMO
41.7,787.6,283.8,24.0,92.3,202.0,283.8,0.752,0,3,0.513,0,0.208,0.5742,HIGH,DEMO
33.1,246.0,92.4,18.4,44.3,63.7,92.4,0.443,2,0,0.874,2,0.41,0.3577,MEDIUM,DEMO
49.2,1366.1,53.2,8.2,23.4,37.3,53.2,0.351,2,2,0.43,0,0.284,0.2633,MEDIUM,DEMO
51.0,3855.5,252.4,44.0,93.4,154.2,252.4,0.741,1,0,0.256,1,0.53,0.7889,VERY HIGH,DEMO
31.1,2703.1,58.1,10.6,21.6,47.7,58.1,0.38,2,1,0.753,0,0.277,0.1974,LOW,DEMO
26.2,277.6,90.1,16.5,47.9,70.0,90.1,0.408,0,2,0.152,1,0.138,0.2853,MEDIUM,DEMO
36.6,1954.1,124.4,17.9,47.8,93.8,124.4,0.475,0,1,0.793,0,0.189,0.3797,MEDIUM,DEMO
51.8,1177.2,50.0,11.8,27.9,41.8,50.0,0.368,0,2,0.204,0,0.145,0.3104,MEDIUM,DEMO
23.5,624.4,47.4,4.0,13.7,30.1,47.4,0.46,1,2,0.555,3,0.529,0.1404,LOW,DEMO
37.7,780.1,138.7,14.7,54.9,79.7,138.7,0.458,0,0,0.662,1,0.096,0.4578,MEDIUM,DEMO
38.0,1785.0,124.3,22.2,45.3,99.2,124.3,0.483,1,0,0.376,1,0.102,0.4864,MEDIUM,DEMO
42.0,668.8,124.1,18.1,54.9,105.4,124.1,0.421,0,2,0.762,0,0.289,0.3786,MEDIUM,DEMO
19.6,500.4,102.1,7.9,39.2,73.8,102.1,0.438,0,0,0.571,1,0.053,0.2428,LOW,DEMO
41.3,691.8,234.5,29.9,66.2,133.1,234.5,0.652,3,1,0.42,1,0.708,0.6941,HIGH,DEMO
51.6,858.9,78.1,13.8,36.4,61.3,78.1,0.389,2,3,0.367,0,0.147,0.3541,MEDIUM,DEMO
22.1,268.6,40.8,3.1,12.5,23.3,40.8,0.333,0,3,0.205,1,0.306,0.1348,LOW,DEMO
24.6,2160.5,29.3,3.3,15.6,20.8,29.3,0.28,2,2,0.607,0,0.232,0.0964,LOW,DEMO
57.5,1089.3,56.9,6.5,22.5,36.1,56.9,0.267,2,0,0.397,1,0.343,0.4382,MEDIUM,DEMO
22.1,982.8,2.5,0.6,1.3,2.1,2.5,0.326,0,3,0.364,2,0.08,0.0819,LOW,DEMO
48.0,174.3,171.9,29.2,60.8,117.8,171.9,0.611,1,3,0.842,0,0.244,0.5335,HIGH,DEMO
33.3,914.1,98.2,13.5,46.1,80.4,98.2,0.426,3,1,0.327,1,0.544,0.3791,MEDIUM,DEMO
25.0,196.0,40.5,5.7,12.6,25.9,40.5,0.28,2,0,0.786,1,0.391,0.171,LOW,DEMO
49.0,153.8,145.1,21.8,65.6,96.6,145.1,0.524,2,1,0.861,0,0.082,0.5191,HIGH,DEMO
31.9,754.4,29.2,5.3,13.4,24.4,29.2,0.322,1,2,0.745,3,0.399,0.1359,LOW,DEMO
34.0,543.9,35.4,4.4,14.6,21.6,35.4,0.354,2,2,0.135,0,0.193,0.1476,LOW,DEMO
29.1,879.8,79.9,11.5,32.5,57.8,79.9,0.442,1,0,0.78,1,0.186,0.2735,MEDIUM,DEMO
36.6,164.1,186.4,26.7,92.8,124.3,186.4,0.649,2,0,0.282,1,0.468,0.6507,HIGH,DEMO
21.3,587.5,97.5,8.3,38.2,76.2,97.5,0.344,2,2,0.388,0,0.073,0.1681,LOW,DEMO
30.2,252.9,4.4,0.3,1.2,2.6,4.4,0.243,0,1,0.874,1,0.212,0.114,LOW,DEMO
57.2,3995.5,36.2,4.4,15.5,24.6,36.2,0.367,2,1,0.428,2,0.231,0.3485,MEDIUM,DEMO
25.4,821.2,41.2,11.4,23.0,31.3,41.2,0.28,2,1,0.618,2,0.13,0.1761,LOW,DEMO
38.9,1126.7,86.8,18.4,37.6,58.3,86.8,0.472,0,1,0.356,1,0.213,0.4184,MEDIUM,DEMO
28.0,434.3,23.9,2.9,6.5,13.6,23.9,0.385,1,0,0.401,1,0.243,0.1656,LOW,DEMO
43.8,169.6,25.9,3.3,12.1,19.7,25.9,0.358,3,0,0.574,2,0.169,0.2212,LOW,DEMO
19.6,3431.9,62.1,10.5,31.5,43.5,62.1,0.398,3,1,0.841,1,0.361,0.1966,LOW,DEMO
57.3,383.5,114.0,9.5,28.5,63.1,114.0,0.439,2,0,0.335,3,0.693,0.5829,HIGH,DEMO
32.1,576.2,119.3,13.8,43.8,87.6,119.3,0.486,0,2,0.308,1,0.358,0.3613,MEDIUM,DEMO
24.6,1024.5,79.9,9.8,45.8,66.0,79.9,0.331,1,2,0.14,0,0.359,0.189,LOW,DEMO
15.9,102.5,131.5,19.8,55.1,76.7,131.5,0.455,0,2,0.274,1,0.613,0.3506,MEDIUM,DEMO
21.6,1575.9,297.2,31.7,143.1,216.1,297.2,0.766,2,3,0.319,1,0.227,0.5103,HIGH,DEMO
34.2,772.2,202.7,51.3,116.4,155.8,202.7,0.629,2,0,0.168,0,0.291,0.5858,HIGH,DEMO
28.4,373.4,52.0,5.8,14.2,29.7,52.0,0.327,3,0,0.548,0,0.064,0.1604,LOW,DEMO
46.6,137.2,23.0,2.4,7.8,12.8,23.0,0.306,3,0,0.216,1,0.532,0.2807,MEDIUM,DEMO
31.4,239.6,56.8,10.1,25.7,39.1,56.8,0.399,0,2,0.508,3,0.145,0.1864,LOW,DEMO
25.1,2108.7,36.8,5.2,19.1,28.9,36.8,0.283,0,1,0.264,0,0.082,0.1343,LOW,DEMO
37.5,1122.6,101.5,11.7,41.8,60.7,101.5,0.446,3,0,0.831,1,0.467,0.3794,MEDIUM,DEMO
40.9,338.8,29.8,5.1,17.3,23.9,29.8,0.285,2,0,0.353,2,0.339,0.2346,LOW,DEMO
21.5,141.1,70.8,13.0,29.5,52.9,70.8,0.391,1,3,0.191,0,0.71,0.199,LOW,DEMO
21.5,1135.9,36.8,2.9,11.1,23.9,36.8,0.353,1,1,0.755,2,0.245,0.1272,LOW,DEMO
12.7,844.6,60.2,8.7,23.7,42.4,60.2,0.408,1,1,0.426,2,0.265,0.1794,LOW,DEMO
42.2,546.5,73.7,10.5,40.3,61.9,73.7,0.42,1,3,0.743,1,0.45,0.2969,MEDIUM,DEMO
39.2,486.8,111.8,10.1,35.3,68.8,111.8,0.478,1,2,0.357,0,0.613,0.3311,MEDIUM,DEMO
32.7,299.9,74.0,9.7,35.9,51.8,74.0,0.316,1,0,0.5,0,0.303,0.2396,LOW,DEMO
47.4,1076.7,48.5,7.3,18.4,35.8,48.5,0.286,2,1,0.458,0,0.305,0.2697,MEDIUM,DEMO
45.4,3256.2,124.1,11.9,33.2,73.4,124.1,0.439,0,1,0.544,2,0.295,0.4588,MEDIUM,DEMO
36.3,253.9,76.8,10.8,26.1,43.3,76.8,0.411,3,2,0.425,3,0.037,0.239,LOW,DEMO
48.8,898.2,52.0,5.1,19.3,28.8,52.0,0.282,1,0,0.498,2,0.166,0.3041,MEDIUM,DEMO
23.3,576.8,113.7,8.3,40.8,73.6,113.7,0.478,1,1,0.636,1,0.344,0.2818,MEDIUM,DEMO
18.5,612.7,87.3,13.6,33.7,50.0,87.3,0.425,1,1,0.435,3,0.273,0.2387,LOW,DEMO
25.9,343.9,107.6,11.6,49.5,85.1,107.6,0.353,1,3,0.64,2,0.056,0.2205,LOW,DEMO
14.6,1649.4,152.5,17.8,64.9,129.5,152.5,0.479,0,3,0.663,2,0.054,0.299,MEDIUM,DEMO
34.5,677.7,31.3,2.5,8.5,17.8,31.3,0.36,1,1,0.689,0,0.396,0.1504,LOW,DEMO
53.8,785.6,284.9,54.5,128.4,193.7,284.9,0.814,0,1,0.478,0,0.371,0.7513,VERY HIGH,DEMO
13.0,407.1,100.3,12.3,31.6,55.9,100.3,0.394,1,3,0.123,0,0.311,0.1991,LOW,DEMO
19.1,260.6,30.0,3.3,12.8,17.7,30.0,0.254,0,2,0.693,0,0.14,0.083,LOW,DEMO
32.1,160.8,164.9,24.8,65.3,106.7,164.9,0.434,0,3,0.811,1,0.193,0.4131,MEDIUM,DEMO
53.6,1207.0,44.7,6.8,16.6,29.9,44.7,0.407,3,3,0.616,3,0.063,0.2706,MEDIUM,DEMO
27.6,276.6,204.9,29.9,94.6,170.5,204.9,0.633,2,2,0.519,2,0.169,0.482,MEDIUM,DEMO
33.8,1134.3,33.0,3.0,10.8,22.1,33.0,0.405,0,0,0.545,2,0.07,0.1755,LOW,DEMO
13.2,525.4,70.9,12.6,31.1,49.5,70.9,0.372,3,0,0.607,1,0.449,0.2345,LOW,DEMO
20.5,563.7,125.7,18.8,49.0,78.4,125.7,0.498,0,1,0.879,0,0.129,0.2842,MEDIUM,DEMO
59.9,650.0,114.8,9.7,43.6,63.2,114.8,0.508,0,1,0.167,0,0.047,0.5457,HIGH,DEMO
56.7,492.6,94.1,15.7,39.4,77.1,94.1,0.507,0,0,0.136,1,0.303,0.619,HIGH,DEMO
7.8,175.4,141.3,15.1,43.6,81.2,141.3,0.537,2,0,0.853,0,0.794,0.3369,MEDIUM,DEMO
55.2,413.5,54.4,9.3,21.9,45.7,54.4,0.351,1,1,0.455,1,0.248,0.4158,MEDIUM,DEMO
38.3,1060.9,146.4,12.0,46.5,86.3,146.4,0.523,0,3,0.585,0,0.35,0.3625,MEDIUM,DEMO
48.8,1066.4,46.7,5.5,19.7,34.1,46.7,0.284,0,1,0.693,0,0.221,0.2477,LOW,DEMO
32.1,383.5,191.3,43.6,120.1,162.5,191.3,0.586,1,0,0.684,0,0.165,0.508,HIGH,DEMO
34.0,634.7,49.8,6.6,19.0,29.5,49.8,0.345,2,0,0.612,0,0.077,0.1837,LOW,DEMO
33.2,273.5,26.0,3.8,12.0,17.6,26.0,0.367,2,0,0.479,3,0.461,0.1799,LOW,DEMO
39.3,292.6,116.1,21.1,49.9,91.0,116.1,0.444,1,3,0.558,1,0.197,0.4002,MEDIUM,DEMO
20.0,101.0,84.5,8.6,23.3,47.3,84.5,0.46,2,3,0.675,1,0.24,0.1855,LOW,DEMO
12.0,2123.5,95.1,15.7,38.0,72.0,95.1,0.423,2,1,0.767,1,0.063,0.2494,LOW,DEMO
27.3,293.0,59.8,4.4,18.1,34.3,59.8,0.423,2,1,0.217,2,0.056,0.1908,LOW,DEMO
40.8,312.4,104.4,17.0,40.5,64.8,104.4,0.478,1,2,0.331,2,0.118,0.3869,MEDIUM,DEMO
23.1,375.2,180.8,20.2,59.7,108.1,180.8,0.616,0,0,0.422,3,0.437,0.5023,HIGH,DEMO
39.6,202.7,92.0,11.2,53.5,75.7,92.0,0.47,2,0,0.626,0,0.036,0.3103,MEDIUM,DEMO
57.3,997.6,21.8,2.7,9.8,13.1,21.8,0.332,2,1,0.421,2,0.115,0.3019,MEDIUM,DEMO
17.3,150.3,75.3,4.9,23.4,42.3,75.3,0.443,0,3,0.302,3,0.154,0.1448,LOW,DEMO
39.5,209.7,100.8,16.3,48.4,73.2,100.8,0.544,1,2,0.145,0,0.187,0.3575,MEDIUM,DEMO
31.8,1011.5,199.1,25.1,84.3,130.2,199.1,0.701,1,0,0.76,1,0.301,0.6011,HIGH,DEMO
48.8,453.5,119.7,20.3,40.9,80.4,119.7,0.496,0,3,0.438,1,0.21,0.5076,HIGH,DEMO
21.9,1187.7,41.4,8.1,17.6,24.2,41.4,0.305,0,1,0.37,2,0.182,0.1631,LOW,DEMO
40.3,813.6,72.9,12.9,28.8,56.5,72.9,0.404,0,2,0.523,0,0.526,0.2747,MEDIUM,DEMO
47.1,346.2,124.3,21.3,60.9,90.8,124.3,0.384,1,0,0.213,1,0.392,0.5848,HIGH,DEMO
54.5,1027.0,105.9,17.1,38.7,69.8,105.9,0.488,1,0,0.422,3,0.069,0.5593,HIGH,DEMO
40.0,191.2,110.3,10.4,37.2,66.4,110.3,0.402,1,0,0.691,0,0.563,0.3602,MEDIUM,DEMO
33.4,771.9,26.4,4.1,11.3,19.2,26.4,0.355,0,3,0.679,0,0.213,0.1168,LOW,DEMO
37.5,597.3,115.3,20.4,64.1,90.3,115.3,0.563,1,0,0.707,3,0.433,0.4502,MEDIUM,DEMO
48.9,360.6,88.2,7.0,27.9,56.8,88.2,0.341,0,1,0.475,2,0.335,0.3822,MEDIUM,DEMO
35.8,913.7,118.5,6.8,30.8,66.1,118.5,0.468,1,1,0.4,2,0.189,0.337,MEDIUM,DEMO
12.0,1925.5,84.5,10.9,29.6,51.9,84.5,0.354,1,1,0.752,1,0.356,0.2171,LOW,DEMO
53.3,4200.0,68.4,5.5,24.1,51.6,68.4,0.291,2,1,0.252,3,0.51,0.3873,MEDIUM,DEMO
40.2,922.3,148.8,34.3,82.7,126.0,148.8,0.521,2,0,0.671,3,0.588,0.5402,HIGH,DEMO
39.7,546.8,102.3,18.3,38.4,56.7,102.3,0.472,0,0,0.795,2,0.332,0.4279,MEDIUM,DEMO
23.7,309.6,30.2,3.4,13.7,19.4,30.2,0.344,1,0,0.337,1,0.269,0.1612,LOW,DEMO
39.0,347.5,81.7,10.7,31.3,46.5,81.7,0.409,1,0,0.27,1,0.706,0.3989,MEDIUM,DEMO
30.3,667.6,60.2,11.9,28.1,38.8,60.2,0.279,2,0,0.51,0,0.223,0.2151,LOW,DEMO
38.7,492.0,54.7,7.1,24.8,36.7,54.7,0.358,1,1,0.284,0,0.17,0.2266,LOW,DEMO
18.1,2286.1,104.8,30.1,63.3,86.6,104.8,0.37,2,0,0.782,2,0.296,0.2909,MEDIUM,DEMO
39.0,493.4,84.9,11.6,24.8,48.8,84.9,0.336,2,0,0.306,0,0.497,0.3326,MEDIUM,DEMO
63.9,500.8,103.5,11.2,48.6,81.0,103.5,0.392,2,1,0.359,0,0.514,0.5501,HIGH,DEMO
13.8,515.4,135.7,14.1,67.9,90.7,135.7,0.555,3,0,0.795,1,0.154,0.3344,MEDIUM,DEMO
58.3,1710.5,71.8,18.4,37.3,57.0,71.8,0.411,3,3,0.276,0,0.508,0.4784,MEDIUM,DEMO
30.7,1026.9,132.2,32.3,66.4,93.1,132.2,0.512,1,1,0.792,0,0.48,0.3788,MEDIUM,DEMO
49.0,937.1,48.6,4.1,12.5,27.3,48.6,0.297,3,3,0.279,1,0.239,0.2682,MEDIUM,DEMO
44.2,446.0,153.7,19.6,91.2,128.2,153.7,0.516,0,0,0.813,1,0.599,0.6049,HIGH,DEMO
35.7,1612.9,51.9,7.6,19.7,29.8,51.9,0.278,0,0,0.361,0,0.486,0.2283,LOW,DEMO
42.2,115.2,33.8,3.6,12.4,24.6,33.8,0.381,1,1,0.307,1,0.322,0.2497,LOW,DEMO
49.5,1921.7,96.5,17.3,35.9,78.5,96.5,0.539,3,0,0.483,1,0.254,0.5447,HIGH,DEMO
30.6,727.1,73.6,9.8,22.3,42.3,73.6,0.415,2,1,0.401,0,0.328,0.2313,LOW,DEMO
28.0,537.1,79.7,16.3,41.4,57.1,79.7,0.435,1,1,0.273,3,0.098,0.2843,MEDIUM,DEMO
39.3,698.7,30.5,4.5,15.8,24.3,30.5,0.299,2,1,0.377,0,0.172,0.1794,LOW,DEMO
45.5,1070.8,31.9,8.0,19.6,26.9,31.9,0.228,0,3,0.662,1,0.042,0.2121,LOW,DEMO
43.3,91.6,59.1,7.6,26.5,45.3,59.1,0.318,1,0,0.752,1,0.291,0.3018,MEDIUM,DEMO
45.0,1927.0,118.0,11.5,54.6,74.7,118.0,0.446,0,1,0.744,0,0.194,0.3839,MEDIUM,DEMO
31.6,612.7,60.9,9.6,27.3,46.3,60.9,0.344,0,1,0.695,0,0.067,0.187,LOW,DEMO
46.0,458.0,32.4,4.4,12.6,24.7,32.4,0.279,0,1,0.124,3,0.252,0.2521,MEDIUM,DEMO
19.0,213.9,154.2,24.9,58.0,117.2,154.2,0.539,2,0,0.444,1,0.504,0.4547,MEDIUM,DEMO
35.0,601.0,31.4,8.7,18.9,25.3,31.4,0.266,1,1,0.248,1,0.109,0.2185,LOW,DEMO
8.1,697.2,81.4,7.9,25.8,46.9,81.4,0.51,0,1,0.176,2,0.285,0.2216,LOW,DEMO
27.9,545.2,118.5,11.5,34.4,69.0,118.5,0.402,1,3,0.679,0,0.193,0.2251,LOW,DEMO
29.4,1101.7,56.4,6.5,18.9,41.9,56.4,0.399,2,2,0.723,2,0.024,0.1539,LOW,DEMO
30.3,571.6,118.3,15.7,53.0,98.9,118.3,0.457,3,0,0.739,1,0.512,0.4016,MEDIUM,DEMO
40.4,3009.5,187.8,39.3,92.8,129.5,187.8,0.622,3,1,0.797,1,0.117,0.6028,HIGH,DEMO
30.1,903.0,115.3,21.0,59.0,96.7,115.3,0.49,0,2,0.568,2,0.515,0.3513,MEDIUM,DEMO
32.0,1562.8,72.0,18.2,38.3,59.9,72.0,0.392,0,1,0.879,1,0.083,0.2921,MEDIUM,DEMO
24.6,184.2,80.0,18.9,47.8,65.7,80.0,0.342,0,0,0.488,0,0.237,0.2595,MEDIUM,DEMO
29.6,535.7,11.9,1.6,5.9,9.8,11.9,0.255,1,0,0.791,2,0.37,0.1294,LOW,DEMO
24.2,449.7,51.2,7.3,29.4,41.9,51.2,0.353,2,0,0.206,2,0.145,0.194,LOW,DEMO
15.9,838.5,12.6,1.7,5.5,10.0,12.6,0.279,0,0,0.233,1,0.237,0.1223,LOW,DEMO
37.0,1856.7,39.2,6.7,22.1,29.7,39.2,0.272,3,2,0.569,1,0.318,0.1918,LOW,DEMO
39.4,153.4,75.9,6.5,20.0,42.3,75.9,0.455,2,1,0.214,0,0.481,0.2876,MEDIUM,DEMO
37.6,147.8,92.5,9.3,36.4,54.6,92.5,0.297,1,0,0.177,1,0.329,0.3626,MEDIUM,DEMO
32.4,1789.3,105.5,19.9,40.4,62.3,105.5,0.433,1,1,0.269,3,0.442,0.3891,MEDIUM,DEMO
29.8,295.4,224.2,15.4,63.4,124.9,224.2,0.62,1,0,0.719,2,0.312,0.5328,HIGH,DEMO
48.6,1074.4,23.5,3.1,7.8,13.7,23.5,0.303,1,0,0.825,2,0.201,0.233,LOW,DEMO
34.1,784.5,38.0,3.5,17.1,31.4,38.0,0.371,3,2,0.373,2,0.484,0.1711,LOW,DEMO
32.9,1690.2,90.1,10.4,32.3,67.5,90.1,0.347,0,2,0.861,0,0.35,0.2073,LOW,DEMO
11.4,200.3,125.0,14.7,50.3,80.4,125.0,0.6,2,1,0.735,1,0.482,0.3412,MEDIUM,DEMO
28.5,205.1,46.7,8.7,27.5,36.8,46.7,0.347,0,2,0.292,1,0.032,0.1756,LOW,DEMO
29.8,812.4,85.2,12.8,36.6,59.3,85.2,0.427,1,0,0.565,1,0.011,0.2937,MEDIUM,DEMO
30.4,2713.2,94.2,13.0,34.2,55.8,94.2,0.353,2,0,0.866,0,0.433,0.2671,MEDIUM,DEMO
36.2,562.5,199.4,28.2,75.1,162.6,199.4,0.618,0,1,0.765,1,0.712,0.6285,HIGH,DEMO
34.6,436.3,26.4,3.3,8.5,17.2,26.4,0.348,0,0,0.396,0,0.706,0.1822,LOW,DEMO
37.1,919.8,103.4,21.5,47.5,78.6,103.4,0.453,0,2,0.353,2,0.115,0.36,MEDIUM,DEMO
43.4,2479.1,127.3,28.2,60.5,81.1,127.3,0.494,1,0,0.743,3,0.323,0.4989,MEDIUM,DEMO
45.8,1712.2,110.3,23.2,55.1,77.2,110.3,0.452,2,1,0.537,0,0.117,0.4396,MEDIUM,DEMO
41.4,4200.0,164.3,16.1,72.1,130.6,164.3,0.486,3,1,0.244,1,0.503,0.5953,HIGH,DEMO
55.6,100.5,32.5,5.8,11.9,19.4,32.5,0.241,1,2,0.369,2,0.203,0.2886,MEDIUM,DEMO
10.4,187.8,10.1,2.5,5.2,8.5,10.1,0.327,0,2,0.623,0,0.574,0.08,LOW,DEMO
22.8,926.2,158.5,24.5,59.4,90.5,158.5,0.589,1,0,0.236,0,0.177,0.4227,MEDIUM,DEMO
8.5,1626.2,58.3,9.7,27.2,41.4,58.3,0.41,0,0,0.651,2,0.373,0.1871,LOW,DEMO
38.6,382.2,72.2,11.3,40.9,59.5,72.2,0.343,0,3,0.66,2,0.178,0.242,LOW,DEMO
50.8,326.1,78.5,12.8,30.0,65.5,78.5,0.388,1,1,0.326,1,0.157,0.4512,MEDIUM,DEMO
24.9,1471.7,82.6,17.4,37.5,51.2,82.6,0.465,3,1,0.423,3,0.352,0.291,MEDIUM,DEMO
53.0,132.2,135.5,15.1,37.9,80.4,135.5,0.44,3,0,0.831,3,0.6,0.5852,HIGH,DEMO
14.9,495.0,101.2,17.9,46.0,77.7,101.2,0.494,0,1,0.689,3,0.167,0.2664,MEDIUM,DEMO
53.6,714.4,25.2,2.7,10.3,14.2,25.2,0.267,0,0,0.719,0,0.194,0.2432,LOW,DEMO
28.9,819.6,71.2,9.1,29.5,49.5,71.2,0.339,1,2,0.512,0,0.237,0.1713,LOW,DEMO
17.8,1253.8,92.9,14.3,34.4,73.3,92.9,0.421,1,0,0.282,2,0.419,0.2884,MEDIUM,DEMO
33.1,474.4,107.4,8.2,40.0,77.1,107.4,0.394,2,0,0.569,2,0.157,0.3038,MEDIUM,DEMO
25.4,933.7,68.1,10.1,25.7,41.3,68.1,0.282,1,0,0.707,1,0.218,0.2231,LOW,DEMO
26.5,872.3,50.8,7.2,16.8,35.4,50.8,0.348,0,1,0.123,1,0.245,0.2123,LOW,DEMO
27.3,793.9,140.3,20.1,66.9,115.9,140.3,0.537,1,3,0.206,3,0.151,0.3625,MEDIUM,DEMO
45.3,1000.7,57.3,5.2,23.1,42.2,57.3,0.417,3,0,0.48,0,0.327,0.2764,MEDIUM,DEMO
34.8,350.3,114.4,27.2,60.9,87.7,114.4,0.493,1,0,0.452,3,0.411,0.4315,MEDIUM,DEMO
27.5,159.6,133.8,10.2,42.1,87.1,133.8,0.597,2,1,0.867,1,0.231,0.3457,MEDIUM,DEMO
37.2,194.3,89.5,11.1,35.5,54.3,89.5,0.484,1,2,0.19,2,0.323,0.3138,MEDIUM,DEMO
41.3,308.9,46.5,6.9,16.7,29.2,46.5,0.373,2,3,0.366,1,0.35,0.2383,LOW,DEMO
26.0,704.2,101.6,20.1,45.2,72.2,101.6,0.462,0,0,0.739,1,0.282,0.3491,MEDIUM,DEMO
30.9,1731.8,62.9,9.4,20.4,39.9,62.9,0.428,2,2,0.585,2,0.683,0.2211,LOW,DEMO
19.1,1167.5,275.0,44.5,124.0,196.0,275.0,0.65,2,0,0.547,1,0.293,0.5307,HIGH,DEMO
22.1,1480.5,129.0,22.0,64.2,98.4,129.0,0.466,0,0,0.683,1,0.265,0.3783,MEDIUM,DEMO
39.9,469.1,126.1,20.8,45.8,97.2,126.1,0.391,0,0,0.15,1,0.467,0.5362,HIGH,DEMO
22.1,546.8,154.0,23.7,64.4,92.3,154.0,0.569,1,3,0.84,0,0.053,0.2953,MEDIUM,DEMO
34.3,530.3,13.2,2.7,7.3,10.3,13.2,0.237,2,2,0.265,3,0.269,0.1284,LOW,DEMO
41.0,271.7,71.3,8.3,25.2,53.6,71.3,0.533,2,0,0.182,3,0.132,0.3311,MEDIUM,DEMO
18.2,136.9,148.8,16.2,52.0,82.4,148.8,0.5,2,3,0.378,0,0.123,0.2813,MEDIUM,DEMO
35.7,884.5,50.8,6.2,18.1,28.8,50.8,0.35,2,0,0.654,3,0.345,0.2196,LOW,DEMO
25.4,4156.8,21.7,2.3,7.3,16.1,21.7,0.27,1,0,0.296,2,0.283,0.142,LOW,DEMO
56.4,244.3,83.6,9.3,30.7,55.6,83.6,0.381,1,1,0.158,1,0.786,0.5461,HIGH,DEMO
33.0,123.0,38.8,8.5,17.0,23.0,38.8,0.26,0,3,0.164,0,0.207,0.1559,LOW,DEMO
45.4,1440.8,42.6,4.5,14.8,24.0,42.6,0.265,0,1,0.315,1,0.317,0.2804,MEDIUM,DEMO
35.2,342.0,67.8,8.2,29.6,40.6,67.8,0.267,1,2,0.223,1,0.088,0.2296,LOW,DEMO
13.4,1672.9,29.6,5.0,16.2,24.8,29.6,0.332,2,3,0.403,1,0.062,0.108,LOW,DEMO
38.0,1175.5,65.3,8.7,23.0,50.1,65.3,0.35,2,0,0.252,1,0.056,0.2989,MEDIUM,DEMO
55.2,2701.5,90.5,14.4,30.3,64.1,90.5,0.515,2,0,0.382,0,0.264,0.5112,HIGH,DEMO
36.9,553.2,238.8,57.8,132.5,198.8,238.8,0.631,1,0,0.458,2,0.211,0.6179,HIGH,DEMO
46.1,1056.2,54.1,11.1,24.5,39.8,54.1,0.424,1,2,0.684,1,0.083,0.2876,MEDIUM,DEMO
49.9,642.7,68.9,11.8,25.8,52.9,68.9,0.457,1,1,0.293,3,0.273,0.4057,MEDIUM,DEMO
24.2,976.3,111.6,21.4,44.9,70.8,111.6,0.521,0,0,0.481,0,0.224,0.3253,MEDIUM,DEMO
23.5,617.4,60.0,8.2,30.2,43.6,60.0,0.373,1,1,0.74,0,0.374,0.1633,LOW,DEMO
37.2,268.1,48.5,6.6,19.4,28.7,48.5,0.323,0,1,0.87,1,0.216,0.2186,LOW,DEMO
30.8,718.2,149.9,16.6,52.7,100.7,149.9,0.592,0,1,0.544,0,0.217,0.4113,MEDIUM,DEMO
47.2,756.8,191.9,17.8,56.7,107.5,191.9,0.567,2,2,0.449,1,0.261,0.6426,HIGH,DEMO
50.9,1577.5,59.4,10.7,27.1,36.5,59.4,0.374,0,0,0.6,0,0.419,0.3609,MEDIUM,DEMO
28.9,1277.0,47.6,6.2,19.5,27.2,47.6,0.336,1,1,0.49,1,0.421,0.2042,LOW,DEMO
24.6,1061.0,42.4,5.9,15.4,28.2,42.4,0.284,2,0,0.245,1,0.18,0.1858,LOW,DEMO
44.2,188.3,114.1,20.1,63.9,91.6,114.1,0.476,2,2,0.469,1,0.256,0.4604,MEDIUM,DEMO
26.1,1227.7,164.0,15.9,54.2,108.8,164.0,0.592,0,1,0.864,0,0.255,0.3817,MEDIUM,DEMO
46.3,704.4,98.7,12.3,40.2,78.9,98.7,0.387,0,2,0.607,2,0.213,0.3616,MEDIUM,DEMO
31.2,2100.7,116.7,19.4,44.0,87.1,116.7,0.49,2,0,0.335,3,0.102,0.3944,MEDIUM,DEMO
39.3,2351.7,143.2,18.2,47.9,100.6,143.2,0.404,1,1,0.84,0,0.06,0.4121,MEDIUM,DEMO
17.4,131.1,195.1,42.1,85.6,121.2,195.1,0.56,3,2,0.415,2,0.087,0.4154,MEDIUM,DEMO
37.7,1626.5,100.9,23.4,52.0,83.4,100.9,0.415,0,2,0.416,1,0.216,0.3759,MEDIUM,DEMO
32.1,114.6,57.6,5.9,17.2,32.6,57.6,0.375,1,3,0.589,1,0.383,0.1889,LOW,DEMO
36.4,491.8,121.6,17.7,64.8,92.0,121.6,0.519,0,0,0.552,0,0.326,0.4199,MEDIUM,DEMO
21.5,783.4,153.4,31.4,78.0,112.9,153.4,0.539,1,0,0.341,1,0.388,0.4631,MEDIUM,DEMO
42.2,224.3,63.9,8.8,20.9,43.6,63.9,0.397,3,1,0.475,0,0.223,0.2679,MEDIUM,DEMO
48.5,1314.5,12.7,1.7,5.1,7.9,12.7,0.266,2,1,0.373,1,0.449,0.2471,LOW,DEMO
23.7,87.6,56.5,6.9,25.6,38.4,56.5,0.375,2,0,0.681,3,0.259,0.175,LOW,DEMO
17.5,246.2,29.4,5.8,15.9,23.9,29.4,0.322,0,0,0.213,2,0.292,0.1507,LOW,DEMO
11.2,862.5,6.9,1.0,3.7,5.5,6.9,0.237,3,1,0.69,3,0.293,0.0864,LOW,DEMO
38.4,1207.8,58.5,11.8,24.4,48.7,58.5,0.341,2,1,0.242,1,0.065,0.2997,MEDIUM,DEMO
37.1,2316.2,72.2,9.8,25.3,46.4,72.2,0.414,0,0,0.353,0,0.592,0.298,MEDIUM,DEMO
35.0,1180.2,105.0,14.1,49.2,70.0,105.0,0.536,0,3,0.373,0,0.223,0.2963,MEDIUM,DEMO
24.4,1082.7,115.9,12.3,46.3,64.4,115.9,0.526,0,1,0.873,0,0.274,0.2601,MEDIUM,DEMO
30.2,531.3,61.2,11.3,27.2,51.0,61.2,0.307,0,1,0.568,1,0.574,0.2609,MEDIUM,DEMO
36.7,81.2,109.3,13.4,32.4,70.9,109.3,0.397,3,3,0.711,1,0.48,0.3361,MEDIUM,DEMO
33.4,195.2,103.9,18.7,49.4,69.8,103.9,0.416,1,0,0.542,1,0.593,0.4304,MEDIUM,DEMO
60.1,768.3,102.8,18.3,47.6,84.6,102.8,0.446,1,1,0.867,1,0.444,0.6234,HIGH,DEMO
19.9,1091.9,44.2,6.5,17.2,31.3,44.2,0.334,1,2,0.255,0,0.315,0.1225,LOW,DEMO
40.4,566.3,122.7,15.1,48.9,88.3,122.7,0.54,1,0,0.58,0,0.01,0.4103,MEDIUM,DEMO
30.6,1260.7,87.1,14.5,30.2,52.5,87.1,0.476,0,2,0.726,1,0.413,0.2824,MEDIUM,DEMO
31.3,744.1,73.5,10.0,29.0,51.4,73.5,0.387,0,3,0.598,1,0.606,0.2401,LOW,DEMO
41.4,149.4,47.1,5.0,24.1,38.9,47.1,0.326,0,0,0.802,3,0.141,0.2196,LOW,DEMO
40.3,271.9,60.1,6.2,20.4,43.1,60.1,0.387,1,0,0.577,0,0.265,0.2424,LOW,DEMO
60.8,1729.3,134.1,14.9,62.3,84.0,134.1,0.552,1,0,0.748,2,0.116,0.6536,HIGH,DEMO
19.4,1241.6,109.0,13.8,44.6,61.0,109.0,0.48,3,1,0.254,2,0.185,0.2945,MEDIUM,DEMO
18.0,2106.4,50.6,9.2,24.1,33.0,50.6,0.322,1,0,0.319,0,0.065,0.154,LOW,DEMO
41.6,192.6,83.8,8.9,43.2,60.5,83.8,0.375,1,0,0.457,3,0.147,0.324,MEDIUM,DEMO
36.1,4200.0,106.0,17.8,38.6,59.6,106.0,0.391,3,3,0.767,0,0.112,0.2825,MEDIUM,DEMO
26.1,291.5,53.2,7.7,20.1,39.0,53.2,0.358,1,1,0.444,3,0.364,0.1877,LOW,DEMO
16.3,90.7,121.4,11.5,39.9,85.8,121.4,0.507,1,0,0.597,0,0.013,0.2452,LOW,DEMO
16.8,4200.0,17.9,2.0,6.7,14.1,17.9,0.32,1,3,0.421,1,0.476,0.1028,LOW,DEMO
50.5,377.0,120.7,12.5,36.9,67.4,120.7,0.532,2,2,0.732,2,0.212,0.4535,MEDIUM,DEMO
22.6,1072.4,115.8,15.0,54.6,90.9,115.8,0.539,1,0,0.272,0,0.546,0.3396,MEDIUM,DEMO
27.9,255.0,92.1,9.8,48.6,65.0,92.1,0.352,1,2,0.571,0,0.256,0.193,LOW,DEMO
24.2,861.2,66.2,5.3,25.4,43.8,66.2,0.393,1,1,0.559,0,0.412,0.1678,LOW,DEMO
29.0,2189.4,40.1,6.3,20.5,33.7,40.1,0.346,1,1,0.426,0,0.207,0.1563,LOW,DEMO
15.6,427.3,79.1,7.4,31.1,47.3,79.1,0.393,2,0,0.656,1,0.657,0.225,LOW,DEMO
34.1,1078.5,101.8,7.6,36.6,72.5,101.8,0.398,1,0,0.142,2,0.412,0.3407,MEDIUM,DEMO
15.5,267.3,123.0,26.6,58.0,79.5,123.0,0.551,0,0,0.76,0,0.179,0.2967,MEDIUM,DEMO
45.1,962.3,45.8,5.6,19.7,32.4,45.8,0.306,1,0,0.384,0,0.207,0.2503,MEDIUM,DEMO
24.5,449.1,58.7,7.9,22.4,42.0,58.7,0.249,3,1,0.723,0,0.273,0.1537,LOW,DEMO
34.8,293.5,60.1,6.4,25.3,34.7,60.1,0.363,2,1,0.352,0,0.266,0.2106,LOW,DEMO
49.6,418.1,24.0,2.5,11.4,18.0,24.0,0.283,1,0,0.263,3,0.437,0.2695,MEDIUM,DEMO
38.7,257.3,158.4,29.5,69.8,117.2,158.4,0.637,3,3,0.416,0,0.29,0.4658,MEDIUM,DEMO
34.6,2169.7,167.5,19.4,81.6,130.8,167.5,0.586,1,1,0.726,1,0.194,0.5235,HIGH,DEMO
27.9,535.5,42.5,3.4,16.5,24.5,42.5,0.314,3,1,0.655,0,0.323,0.1376,LOW,DEMO
28.2,333.3,209.9,25.1,66.6,134.2,209.9,0.63,0,3,0.425,0,0.368,0.4608,MEDIUM,DEMO
39.4,615.5,67.6,7.3,35.7,50.4,67.6,0.365,3,3,0.833,0,0.146,0.1846,LOW,DEMO
61.6,427.8,121.9,17.6,53.2,72.0,121.9,0.587,0,0,0.431,0,0.298,0.6585,HIGH,DEMO
39.1,1307.8,117.2,15.7,54.8,88.3,117.2,0.501,2,1,0.387,0,0.093,0.3927,MEDIUM,DEMO
35.4,3273.3,8.7,1.0,3.2,4.9,8.7,0.196,2,2,0.23,2,0.559,0.1376,LOW,DEMO
41.9,598.7,81.3,7.5,37.4,52.9,81.3,0.389,2,0,0.173,1,0.257,0.3674,MEDIUM,DEMO
32.5,1856.2,40.4,8.9,18.3,32.5,40.4,0.324,2,0,0.386,1,0.259,0.2343,LOW,DEMO
14.9,831.0,14.6,3.0,8.5,11.4,14.6,0.222,1,0,0.19,1,0.017,0.1204,LOW,DEMO
35.6,234.0,88.9,16.1,43.3,66.1,88.9,0.326,0,0,0.472,0,0.132,0.3133,MEDIUM,DEMO
55.8,1135.9,111.4,20.9,52.2,90.4,111.4,0.487,1,3,0.774,0,0.174,0.4759,MEDIUM,DEMO
21.9,728.3,51.3,11.2,25.6,39.1,51.3,0.305,2,2,0.482,0,0.14,0.1361,LOW,DEMO
40.2,1026.4,85.1,13.9,36.4,60.1,85.1,0.47,2,0,0.485,0,0.648,0.3758,MEDIUM,DEMO
23.0,2064.0,163.1,28.5,66.5,137.6,163.1,0.553,0,2,0.313,3,0.306,0.3926,MEDIUM,DEMO
34.7,602.5,67.4,11.8,35.2,51.1,67.4,0.351,1,0,0.246,0,0.193,0.2644,MEDIUM,DEMO
17.5,2163.0,28.7,4.0,13.0,21.0,28.7,0.182,1,0,0.289,1,0.196,0.1408,LOW,DEMO
32.0,1330.1,129.7,26.8,60.1,87.2,129.7,0.552,2,0,0.552,1,0.226,0.4594,MEDIUM,DEMO
43.0,683.6,60.5,11.3,24.6,49.6,60.5,0.377,3,0,0.57,1,0.118,0.3347,MEDIUM,DEMO
28.7,911.9,48.6,4.6,19.0,31.1,48.6,0.318,0,0,0.287,2,0.091,0.1856,LOW,DEMO
39.2,434.5,64.2,8.7,24.1,35.5,64.2,0.325,3,2,0.423,0,0.079,0.2047,LOW,DEMO
44.9,3779.3,62.6,11.5,28.5,38.1,62.6,0.446,3,0,0.552,1,0.59,0.3984,MEDIUM,DEMO
53.0,1070.6,19.5,1.8,8.1,11.3,19.5,0.233,0,2,0.698,2,0.111,0.204,LOW,DEMO
24.5,120.4,94.0,20.6,43.0,60.7,94.0,0.406,1,0,0.363,1,0.429,0.3556,MEDIUM,DEMO
30.4,435.9,92.9,13.8,38.9,74.1,92.9,0.451,1,1,0.326,3,0.223,0.3069,MEDIUM,DEMO
20.7,958.7,65.4,13.5,34.2,48.7,65.4,0.444,1,3,0.675,1,0.305,0.1929,LOW,DEMO
61.1,132.2,88.3,6.7,26.6,53.1,88.3,0.403,2,0,0.51,2,0.198,0.505,HIGH,DEMO
53.0,101.8,116.1,13.0,46.5,91.3,116.1,0.429,1,1,0.771,1,0.265,0.525,HIGH,DEMO
34.8,618.1,92.0,7.4,31.2,64.5,92.0,0.416,1,1,0.28,3,0.455,0.2996,MEDIUM,DEMO
47.3,444.1,47.2,6.6,23.5,33.2,47.2,0.383,0,0,0.706,1,0.043,0.2993,MEDIUM,DEMO
34.2,599.1,39.8,4.4,12.6,26.2,39.8,0.38,0,0,0.243,3,0.294,0.2068,LOW,DEMO
37.7,354.3,228.5,40.9,90.9,184.9,228.5,0.606,2,1,0.564,0,0.793,0.6024,HIGH,DEMO
17.0,242.0,93.5,11.4,31.6,60.4,93.5,0.429,0,0,0.336,3,0.153,0.2399,LOW,DEMO
43.0,1131.6,70.3,6.9,25.3,40.6,70.3,0.309,2,0,0.197,1,0.583,0.3662,MEDIUM,DEMO
19.4,730.5,107.8,10.5,49.3,69.1,107.8,0.494,1,2,0.589,2,0.091,0.2142,LOW,DEMO
46.4,281.0,51.7,8.8,22.7,39.5,51.7,0.367,1,3,0.505,0,0.066,0.2252,LOW,DEMO
44.2,426.6,130.4,19.5,59.8,97.5,130.4,0.446,3,0,0.489,0,0.465,0.5074,HIGH,DEMO
41.0,886.4,61.0,9.2,18.5,37.0,61.0,0.44,0,2,0.57,2,0.232,0.2511,MEDIUM,DEMO
12.7,147.5,15.9,2.1,4.9,9.3,15.9,0.296,0,3,0.403,0,0.188,0.0749,LOW,DEMO
27.2,223.6,73.4,11.9,26.9,54.9,73.4,0.398,3,0,0.629,2,0.13,0.2428,LOW,DEMO
25.6,148.5,36.2,3.2,15.6,27.2,36.2,0.308,1,1,0.219,3,0.222,0.1474,LOW,DEMO
29.2,1585.7,67.8,12.2,28.1,44.7,67.8,0.376,0,0,0.663,0,0.464,0.2334,LOW,DEMO
16.9,1336.4,61.9,6.9,26.6,49.7,61.9,0.346,0,2,0.561,1,0.566,0.1617,LOW,DEMO
53.8,1339.7,99.7,22.2,59.2,84.1,99.7,0.398,3,0,0.49,0,0.176,0.5136,HIGH,DEMO
35.3,1213.9,184.8,28.1,84.1,113.0,184.8,0.655,1,0,0.217,0,0.143,0.565,HIGH,DEMO
27.2,1076.1,122.6,16.0,43.1,88.7,122.6,0.453,0,1,0.331,1,0.163,0.378,MEDIUM,DEMO
30.4,663.3,93.4,5.6,23.5,51.5,93.4,0.397,3,2,0.344,0,0.16,0.1913,LOW,DEMO
31.9,1005.2,84.1,14.9,44.1,64.3,84.1,0.4,1,0,0.298,1,0.157,0.343,MEDIUM,DEMO
36.9,115.2,95.4,6.9,32.6,64.3,95.4,0.498,3,1,0.845,3,0.092,0.2693,MEDIUM,DEMO
34.0,954.3,171.1,12.3,57.8,104.0,171.1,0.624,1,3,0.816,0,0.393,0.3827,MEDIUM,DEMO
52.4,1434.1,106.8,18.7,47.1,82.8,106.8,0.429,1,3,0.535,3,0.37,0.4815,MEDIUM,DEMO
33.4,704.5,16.2,4.5,9.3,12.8,16.2,0.341,0,2,0.276,1,0.217,0.1526,LOW,DEMO
61.1,478.2,37.6,6.2,14.2,21.9,37.6,0.325,1,3,0.812,0,0.289,0.2881,MEDIUM,DEMO
47.8,372.4,144.4,12.8,37.5,81.2,144.4,0.476,0,3,0.69,0,0.19,0.4196,MEDIUM,DEMO
23.4,1006.5,92.0,5.9,27.2,59.8,92.0,0.397,1,2,0.149,0,0.459,0.187,LOW,DEMO
53.3,1142.2,169.1,13.6,63.6,124.8,169.1,0.633,1,3,0.493,2,0.36,0.6159,HIGH,DEMO
18.7,1922.9,118.0,12.5,50.7,93.0,118.0,0.573,1,2,0.58,1,0.428,0.2834,MEDIUM,DEMO
46.0,457.2,82.4,17.2,35.0,58.8,82.4,0.419,3,1,0.171,1,0.058,0.4582,MEDIUM,DEMO
29.8,1401.8,81.5,13.2,41.4,59.0,81.5,0.373,0,1,0.158,0,0.098,0.2554,MEDIUM,DEMO
49.5,821.7,51.2,10.0,22.0,40.4,51.2,0.339,1,0,0.472,2,0.217,0.354,MEDIUM,DEMO
48.8,2009.8,66.7,11.0,26.6,47.3,66.7,0.336,2,0,0.121,0,0.554,0.3941,MEDIUM,DEMO
45.4,755.3,30.5,4.7,12.3,22.3,30.5,0.276,2,2,0.156,2,0.07,0.2108,LOW,DEMO
44.6,736.1,43.1,6.7,13.7,30.4,43.1,0.294,2,1,0.246,0,0.32,0.2512,MEDIUM,DEMO
27.2,856.2,35.7,5.8,21.4,29.1,35.7,0.312,2,2,0.812,1,0.463,0.1435,LOW,DEMO
16.4,1325.2,75.6,7.8,23.1,46.9,75.6,0.396,3,3,0.702,1,0.549,0.1716,LOW,DEMO
30.6,3089.2,55.2,8.6,18.6,34.7,55.2,0.345,2,1,0.462,3,0.005,0.1938,LOW,DEMO
21.8,148.8,21.3,2.2,6.1,12.5,21.3,0.278,2,0,0.484,2,0.328,0.128,LOW,DEMO
40.4,129.4,108.0,14.1,51.3,85.9,108.0,0.489,1,1,0.641,1,0.189,0.4167,MEDIUM,DEMO
28.7,2576.1,59.0,7.6,29.0,39.7,59.0,0.348,2,0,0.481,3,0.51,0.22,LOW,DEMO
58.1,759.3,127.7,17.1,40.1,83.6,127.7,0.479,1,1,0.169,1,0.178,0.6692,HIGH,DEMO
38.3,938.8,103.7,10.4,51.0,87.6,103.7,0.434,1,1,0.681,1,0.036,0.3423,MEDIUM,DEMO
46.3,672.7,244.4,43.8,92.4,202.4,244.4,0.781,1,2,0.164,2,0.448,0.7008,HIGH,DEMO
19.7,168.5,76.0,9.0,43.6,64.0,76.0,0.367,1,0,0.489,3,0.027,0.1917,LOW,DEMO
48.5,1395.3,51.9,7.7,19.8,30.7,51.9,0.376,1,0,0.775,1,0.361,0.341,MEDIUM,DEMO
52.6,1317.7,42.6,8.8,23.0,34.8,42.6,0.292,1,0,0.209,3,0.093,0.3509,MEDIUM,DEMO
33.1,416.2,114.7,16.4,44.0,74.4,114.7,0.481,0,1,0.657,0,0.438,0.3543,MEDIUM,DEMO
37.1,409.1,121.6,16.6,48.6,67.3,121.6,0.503,1,1,0.155,3,0.505,0.4642,MEDIUM,DEMO
43.4,1717.3,76.9,13.4,29.4,51.3,76.9,0.447,3,1,0.875,0,0.302,0.3166,MEDIUM,DEMO
21.8,147.6,90.6,15.3,38.5,63.7,90.6,0.399,1,0,0.638,1,0.449,0.3008,MEDIUM,DEMO
33.6,1996.6,146.8,24.5,56.3,85.5,146.8,0.467,0,2,0.856,2,0.299,0.3909,MEDIUM,DEMO
30.4,346.9,118.1,12.0,50.9,84.0,118.1,0.43,1,3,0.628,2,0.516,0.2943,MEDIUM,DEMO
20.4,889.0,93.8,8.1,37.8,74.7,93.8,0.472,3,0,0.304,0,0.278,0.2244,LOW,DEMO
29.4,2553.9,31.5,2.4,11.4,20.9,31.5,0.413,3,2,0.824,3,0.674,0.1304,LOW,DEMO
15.5,1100.2,44.0,3.4,13.8,28.8,44.0,0.373,3,0,0.596,0,0.08,0.1159,LOW,DEMO
11.5,561.7,60.4,9.1,22.8,39.3,60.4,0.299,1,2,0.558,0,0.221,0.1245,LOW,DEMO
19.8,1132.7,62.9,11.5,32.9,52.0,62.9,0.407,1,1,0.446,2,0.25,0.2044,LOW,DEMO
56.5,459.4,47.0,5.5,12.9,26.5,47.0,0.29,3,1,0.336,2,0.016,0.3513,MEDIUM,DEMO
35.1,372.2,43.1,4.8,18.8,29.5,43.1,0.313,1,0,0.523,2,0.194,0.2037,LOW,DEMO
56.8,4200.0,64.6,9.1,29.2,40.7,64.6,0.379,0,3,0.398,3,0.292,0.3727,MEDIUM,DEMO
31.5,1330.5,84.8,17.8,38.3,69.4,84.8,0.425,1,0,0.769,0,0.214,0.2915,MEDIUM,DEMO
27.5,1011.4,105.1,15.1,31.4,60.9,105.1,0.449,3,3,0.142,0,0.631,0.2868,MEDIUM,DEMO
33.7,475.1,19.9,4.6,9.6,13.4,19.9,0.257,1,0,0.523,3,0.08,0.1557,LOW,DEMO
31.7,125.4,55.6,10.9,24.6,37.3,55.6,0.406,3,0,0.756,1,0.324,0.2547,MEDIUM,DEMO
18.1,108.4,21.9,3.5,8.6,17.9,21.9,0.264,0,1,0.141,3,0.065,0.1152,LOW,DEMO
38.3,807.1,76.2,12.7,26.8,46.9,76.2,0.454,2,3,0.335,3,0.502,0.2944,MEDIUM,DEMO
23.7,1372.1,75.4,15.2,36.6,56.1,75.4,0.322,0,1,0.159,2,0.139,0.2581,MEDIUM,DEMO
37.6,773.8,71.4,12.8,26.2,42.2,71.4,0.393,0,0,0.572,1,0.405,0.3436,MEDIUM,DEMO
38.7,1733.8,64.4,7.1,34.3,53.9,64.4,0.308,2,3,0.361,1,0.304,0.2403,LOW,DEMO
20.7,110.6,56.3,12.1,25.4,41.0,56.3,0.313,1,1,0.849,0,0.122,0.1521,LOW,DEMO
15.0,491.2,71.6,13.4,36.4,52.8,71.6,0.357,2,0,0.588,2,0.13,0.2097,LOW,DEMO
44.2,323.5,106.8,9.3,39.7,72.6,106.8,0.524,3,1,0.547,2,0.075,0.3917,MEDIUM,DEMO
32.3,613.6,59.2,6.8,25.6,38.6,59.2,0.425,0,1,0.817,1,0.062,0.2102,LOW,DEMO
14.7,147.6,33.0,6.9,15.1,20.2,33.0,0.355,0,1,0.29,0,0.26,0.1273,LOW,DEMO
61.8,2853.8,90.4,13.2,37.5,66.1,90.4,0.42,2,2,0.547,0,0.259,0.4659,MEDIUM,DEMO
14.7,307.4,122.0,34.7,70.2,102.1,122.0,0.486,3,3,0.533,0,0.141,0.24,LOW,DEMO
40.4,2379.5,31.8,2.6,10.9,20.9,31.8,0.372,2,2,0.182,2,0.308,0.1895,LOW,DEMO
59.3,579.4,28.0,4.0,12.2,22.9,28.0,0.337,1,1,0.828,1,0.147,0.3343,MEDIUM,DEMO
24.7,3891.7,30.9,4.0,13.4,18.4,30.9,0.308,2,0,0.652,1,0.349,0.1573,LOW,DEMO
20.2,806.8,71.0,9.6,27.0,59.0,71.0,0.456,0,2,0.795,1,0.257,0.1763,LOW,DEMO
19.0,2484.1,193.0,25.4,65.1,126.4,193.0,0.649,0,3,0.867,0,0.033,0.3569,MEDIUM,DEMO
27.2,84.8,175.0,27.5,69.1,116.2,175.0,0.587,1,0,0.485,2,0.393,0.5147,HIGH,DEMO
17.8,1321.3,90.6,7.1,35.6,62.4,90.6,0.395,2,1,0.731,0,0.256,0.1718,LOW,DEMO
40.3,2180.2,30.3,3.4,14.8,23.2,30.3,0.279,1,2,0.559,1,0.369,0.1842,LOW,DEMO
15.0,215.4,173.9,14.2,67.6,133.2,173.9,0.556,1,1,0.863,1,0.239,0.3865,MEDIUM,DEMO
33.8,171.0,179.3,26.9,58.6,124.4,179.3,0.606,1,3,0.308,0,0.292,0.4669,MEDIUM,DEMO
62.4,577.4,41.8,4.9,16.6,29.5,41.8,0.369,1,1,0.131,0,0.399,0.3894,MEDIUM,DEMO
45.8,2521.9,76.9,8.1,26.1,43.0,76.9,0.321,3,1,0.261,3,0.239,0.3385,MEDIUM,DEMO
37.4,783.6,121.7,16.2,48.3,78.0,121.7,0.379,1,0,0.217,0,0.124,0.4032,MEDIUM,DEMO
27.3,754.7,160.4,30.1,66.1,104.8,160.4,0.5,0,3,0.452,0,0.363,0.3657,MEDIUM,DEMO
37.7,216.9,69.7,6.3,30.7,50.0,69.7,0.359,2,0,0.179,0,0.168,0.2526,MEDIUM,DEMO
34.4,80.7,129.2,11.4,48.6,92.7,129.2,0.55,2,3,0.287,3,0.091,0.331,MEDIUM,DEMO
31.3,1575.3,96.2,20.2,49.9,73.4,96.2,0.415,2,0,0.193,0,0.074,0.3337,MEDIUM,DEMO
19.6,162.5,93.0,16.6,33.9,71.1,93.0,0.435,3,0,0.49,1,0.412,0.3153,MEDIUM,DEMO
50.0,984.2,87.7,10.9,27.7,54.4,87.7,0.434,1,1,0.323,0,0.01,0.3835,MEDIUM,DEMO
32.0,2294.5,198.4,29.0,104.1,155.0,198.4,0.567,1,1,0.478,3,0.447,0.5573,HIGH,DEMO
22.8,290.6,79.8,8.4,23.7,44.4,79.8,0.471,2,1,0.188,3,0.18,0.2234,LOW,DEMO
29.4,1065.0,103.9,23.4,47.5,79.5,103.9,0.41,1,0,0.513,1,0.134,0.3704,MEDIUM,DEMO
30.9,153.8,199.1,22.7,63.4,115.6,199.1,0.698,2,1,0.219,2,0.403,0.6046,HIGH,DEMO
46.5,913.2,108.5,15.7,50.3,83.5,108.5,0.445,2,3,0.196,0,0.262,0.4027,MEDIUM,DEMO
42.0,241.1,53.6,6.6,21.0,37.9,53.6,0.333,2,3,0.356,1,0.38,0.2498,LOW,DEMO
43.6,1278.5,74.4,18.6,37.9,50.7,74.4,0.333,2,0,0.785,2,0.288,0.3915,MEDIUM,DEMO
9.2,402.6,44.6,7.8,18.8,33.8,44.6,0.343,1,1,0.719,0,0.582,0.1376,LOW,DEMO
31.0,640.2,73.6,10.7,26.3,41.3,73.6,0.499,2,2,0.849,0,0.284,0.1914,LOW,DEMO
33.0,903.4,69.7,8.3,30.8,43.0,69.7,0.4,2,1,0.47,3,0.321,0.2425,LOW,DEMO
10.6,249.1,59.8,10.4,28.2,43.9,59.8,0.375,2,0,0.357,0,0.062,0.1656,LOW,DEMO
25.5,1298.1,87.7,13.4,43.7,70.5,87.7,0.38,1,1,0.858,0,0.228,0.2173,LOW,DEMO
43.2,404.4,23.4,2.6,9.6,15.5,23.4,0.323,1,2,0.41,2,0.251,0.1796,LOW,DEMO
19.9,1057.2,225.0,39.6,84.6,141.2,225.0,0.676,0,0,0.127,0,0.458,0.5249,HIGH,DEMO
34.7,235.1,70.7,10.9,34.5,49.9,70.7,0.378,3,0,0.743,1,0.014,0.2722,MEDIUM,DEMO
23.7,1128.6,77.1,7.5,26.4,56.8,77.1,0.418,1,0,0.249,0,0.357,0.2127,LOW,DEMO
9.4,203.5,172.1,39.9,83.2,116.3,172.1,0.479,1,3,0.666,0,0.156,0.3049,MEDIUM,DEMO
24.8,578.6,107.6,14.2,54.8,87.5,107.6,0.445,0,3,0.131,1,0.425,0.3054,MEDIUM,DEMO
58.1,335.6,58.8,12.4,29.3,41.6,58.8,0.299,2,0,0.204,0,0.16,0.4433,MEDIUM,DEMO
45.2,1321.8,64.3,6.5,16.3,36.1,64.3,0.371,0,2,0.488,1,0.184,0.2762,MEDIUM,DEMO
56.1,353.5,143.7,30.0,63.0,88.7,143.7,0.481,3,0,0.172,3,0.15,0.6677,HIGH,DEMO
33.2,2001.2,155.8,23.3,51.9,106.7,155.8,0.506,3,1,0.795,1,0.242,0.4755,MEDIUM,DEMO
18.3,2081.6,54.7,11.4,27.7,41.5,54.7,0.285,0,1,0.69,1,0.181,0.1808,LOW,DEMO
35.1,276.8,169.6,17.7,60.1,104.5,169.6,0.621,1,1,0.369,0,0.421,0.5206,HIGH,DEMO
32.1,936.4,25.0,4.8,13.8,21.1,25.0,0.263,2,3,0.574,3,0.183,0.1233,LOW,DEMO
47.4,162.6,183.2,36.5,75.5,118.3,183.2,0.559,2,1,0.664,2,0.122,0.6327,HIGH,DEMO
17.6,527.1,97.3,7.1,34.5,69.0,97.3,0.507,2,0,0.694,1,0.408,0.2477,LOW,DEMO
33.2,1204.5,168.3,24.8,56.5,93.5,168.3,0.591,3,0,0.421,0,0.033,0.4829,MEDIUM,DEMO
20.6,1049.4,114.6,13.7,49.8,93.4,114.6,0.361,1,3,0.803,1,0.492,0.2525,MEDIUM,DEMO
27.9,962.0,57.0,7.1,27.7,44.9,57.0,0.425,0,0,0.836,0,0.18,0.1702,LOW,DEMO
42.2,378.8,73.0,8.0,29.8,44.4,73.0,0.468,1,2,0.269,3,0.374,0.2875,MEDIUM,DEMO
32.8,507.4,58.5,5.0,23.0,48.5,58.5,0.436,2,1,0.813,1,0.176,0.2088,LOW,DEMO
29.7,177.8,47.6,9.2,18.6,30.7,47.6,0.372,1,0,0.662,1,0.105,0.2135,LOW,DEMO
30.3,1222.5,104.8,23.2,50.4,79.4,104.8,0.389,0,2,0.795,0,0.058,0.2497,LOW,DEMO
32.3,710.9,19.2,2.9,8.2,15.3,19.2,0.283,2,3,0.443,0,0.041,0.1029,LOW,DEMO
44.4,1190.3,70.1,16.5,39.9,54.2,70.1,0.308,2,0,0.623,2,0.185,0.3795,MEDIUM,DEMO
50.4,337.6,82.8,15.2,41.4,68.3,82.8,0.36,0,0,0.299,1,0.135,0.4885,MEDIUM,DEMO
55.6,433.0,20.0,3.6,8.2,16.2,20.0,0.232,3,2,0.691,1,0.017,0.2419,LOW,DEMO
44.5,446.1,95.7,17.8,39.2,81.2,95.7,0.396,0,1,0.562,0,0.186,0.3963,MEDIUM,DEMO
27.6,103.5,114.3,11.4,42.4,69.1,114.3,0.471,0,1,0.486,0,0.29,0.2828,MEDIUM,DEMO
40.2,455.4,104.2,12.7,37.6,66.8,104.2,0.421,1,1,0.646,0,0.343,0.3445,MEDIUM,DEMO
31.6,1543.5,103.3,15.2,38.8,76.5,103.3,0.417,3,1,0.54,3,0.04,0.3111,MEDIUM,DEMO
25.3,2128.3,84.2,14.7,29.8,64.8,84.2,0.392,2,0,0.702,2,0.674,0.2963,MEDIUM,DEMO
47.2,737.2,38.5,6.9,16.9,27.3,38.5,0.396,1,1,0.772,3,0.23,0.2587,MEDIUM,DEMO
12.9,627.1,6.6,1.1,2.4,3.8,6.6,0.37,0,0,0.728,1,0.033,0.0991,LOW,DEMO
51.1,108.2,68.8,12.3,27.2,55.2,68.8,0.355,2,2,0.354,3,0.406,0.3686,MEDIUM,DEMO
32.3,1982.3,56.8,11.3,30.0,47.6,56.8,0.372,1,1,0.862,0,0.362,0.2035,LOW,DEMO
38.2,91.8,82.7,19.1,40.9,55.5,82.7,0.362,3,2,0.614,1,0.035,0.3183,MEDIUM,DEMO
39.0,2686.3,45.8,6.6,21.0,28.3,45.8,0.373,2,3,0.366,0,0.094,0.1733,LOW,DEMO
50.6,684.6,148.5,18.6,59.1,82.5,148.5,0.502,0,3,0.152,2,0.652,0.611,HIGH,DEMO
38.2,456.6,24.5,4.6,10.5,15.2,24.5,0.26,2,1,0.871,1,0.377,0.1886,LOW,DEMO
37.4,2401.9,51.9,4.9,20.2,39.5,51.9,0.447,1,0,0.575,1,0.301,0.2554,MEDIUM,DEMO
15.4,102.2,66.7,8.0,27.3,55.0,66.7,0.306,3,0,0.293,3,0.461,0.1928,LOW,DEMO
34.1,863.8,105.0,13.5,35.4,60.7,105.0,0.322,0,1,0.493,2,0.287,0.3389,MEDIUM,DEMO
20.6,796.5,105.3,15.6,47.9,75.4,105.3,0.482,0,2,0.422,3,0.421,0.2625,MEDIUM,DEMO
42.2,302.8,135.2,34.9,72.3,102.6,135.2,0.483,1,0,0.843,1,0.139,0.5116,HIGH,DEMO
33.9,584.2,123.8,19.8,40.7,78.3,123.8,0.448,0,3,0.494,1,0.064,0.3681,MEDIUM,DEMO
39.8,1030.7,69.6,10.5,29.8,50.2,69.6,0.516,1,0,0.488,1,0.048,0.3367,MEDIUM,DEMO
13.2,1248.9,129.9,23.1,64.0,99.3,129.9,0.528,1,1,0.724,1,0.041,0.3323,MEDIUM,DEMO
16.7,80.6,70.1,13.7,32.8,56.2,70.1,0.377,1,1,0.417,1,0.199,0.2277,LOW,DEMO
41.3,2566.1,23.0,3.1,9.3,15.8,23.0,0.257,1,1,0.269,0,0.238,0.1795,LOW,DEMO
15.8,241.8,25.1,2.6,10.1,19.5,25.1,0.319,3,1,0.704,2,0.159,0.1059,LOW,DEMO
15.7,319.4,65.4,13.3,31.2,41.9,65.4,0.285,1,0,0.812,1,0.183,0.2027,LOW,DEMO
9.4,355.2,36.3,5.6,13.2,22.3,36.3,0.292,3,3,0.155,1,0.249,0.1268,LOW,DEMO
55.7,114.7,73.2,7.4,27.1,44.4,73.2,0.384,0,3,0.774,0,0.2,0.3118,MEDIUM,DEMO
42.2,198.2,126.0,19.2,42.7,82.9,126.0,0.495,1,1,0.453,0,0.134,0.4504,MEDIUM,DEMO
28.9,3944.6,61.2,8.0,20.7,34.3,61.2,0.356,2,0,0.34,0,0.04,0.1923,LOW,DEMO
26.9,420.8,16.5,1.5,5.5,10.5,16.5,0.246,1,0,0.15,1,0.034,0.1429,LOW,DEMO
28.8,190.3,109.2,16.5,41.6,81.4,109.2,0.499,1,0,0.276,0,0.042,0.3317,MEDIUM,DEMO
43.9,181.8,56.8,6.1,22.5,42.3,56.8,0.273,3,1,0.373,3,0.151,0.2631,MEDIUM,DEMO
39.1,1223.9,66.7,4.8,17.2,38.2,66.7,0.36,1,1,0.174,3,0.273,0.2615,MEDIUM,DEMO
22.3,1815.2,263.7,47.3,104.2,167.8,263.7,0.714,1,1,0.263,2,0.199,0.5386,HIGH,DEMO
21.8,347.3,135.3,26.5,55.2,97.6,135.3,0.552,2,1,0.68,0,0.46,0.3469,MEDIUM,DEMO
17.6,99.0,155.4,20.0,72.2,100.3,155.4,0.516,0,3,0.642,1,0.159,0.3412,MEDIUM,DEMO
39.1,307.2,62.2,9.3,19.4,42.0,62.2,0.387,1,0,0.705,2,0.128,0.2719,MEDIUM,DEMO
43.4,132.4,229.6,22.1,81.2,175.4,229.6,0.693,0,1,0.246,0,0.047,0.6337,HIGH,DEMO
25.7,178.2,41.8,3.9,16.5,23.1,41.8,0.236,0,2,0.153,1,0.293,0.1499,LOW,DEMO
10.8,588.3,23.4,1.6,7.2,14.8,23.4,0.29,0,3,0.476,3,0.331,0.0867,LOW,DEMO
16.5,315.1,254.1,18.5,67.9,150.6,254.1,0.635,3,2,0.381,1,0.286,0.4658,MEDIUM,DEMO
57.0,733.0,16.9,1.6,5.0,9.9,16.9,0.299,0,1,0.71,1,0.202,0.2866,MEDIUM,DEMO
26.9,343.1,57.1,15.9,33.3,47.8,57.1,0.319,1,2,0.53,3,0.389,0.2042,LOW,DEMO
43.6,2620.2,110.3,13.8,50.5,73.1,110.3,0.514,0,3,0.828,0,0.486,0.3504,MEDIUM,DEMO
37.7,2207.5,62.8,7.6,24.5,44.5,62.8,0.358,1,3,0.167,2,0.311,0.2357,LOW,DEMO
29.9,832.9,49.4,10.4,24.8,38.1,49.4,0.303,1,0,0.396,2,0.251,0.2261,LOW,DEMO
23.3,473.9,79.9,7.9,27.1,45.1,79.9,0.458,1,1,0.428,3,0.005,0.2006,LOW,DEMO
19.0,511.9,76.6,13.9,34.4,47.7,76.6,0.349,2,2,0.216,3,0.377,0.2051,LOW,DEMO
37.4,557.7,86.1,10.6,32.1,68.8,86.1,0.455,3,1,0.563,2,0.365,0.3237,MEDIUM,DEMO
43.9,1250.4,164.3,23.9,92.2,132.8,164.3,0.578,1,1,0.151,1,0.004,0.6167,HIGH,DEMO
38.4,620.7,114.2,15.9,37.9,75.6,114.2,0.444,0,0,0.662,0,0.03,0.368,MEDIUM,DEMO
34.5,1828.7,68.2,5.3,25.6,45.2,68.2,0.31,3,1,0.148,2,0.219,0.2433,LOW,DEMO
13.2,2675.7,93.5,10.6,36.9,72.6,93.5,0.486,3,1,0.784,0,0.112,0.187,LOW,DEMO
57.1,448.5,3.8,0.5,1.6,2.4,3.8,0.282,1,0,0.169,1,0.272,0.3081,MEDIUM,DEMO
45.0,820.3,71.4,9.2,27.3,41.8,71.4,0.344,1,2,0.467,2,0.486,0.3073,MEDIUM,DEMO
26.8,169.9,98.4,15.3,37.9,61.7,98.4,0.445,0,0,0.238,2,0.366,0.3453,MEDIUM,DEMO
58.7,281.4,45.9,6.8,20.2,30.6,45.9,0.386,1,1,0.221,1,0.032,0.4184,MEDIUM,DEMO
36.9,560.2,58.4,8.0,21.2,33.0,58.4,0.364,1,3,0.668,0,0.412,0.1851,LOW,DEMO
36.2,287.8,135.8,24.4,64.3,94.2,135.8,0.514,3,1,0.708,1,0.103,0.4592,MEDIUM,DEMO
42.7,1962.8,35.8,4.5,14.4,27.7,35.8,0.368,0,1,0.682,0,0.307,0.2002,LOW,DEMO
45.7,235.1,138.0,27.0,56.2,97.2,138.0,0.583,1,0,0.427,0,0.119,0.5358,HIGH,DEMO
38.9,627.4,199.7,27.5,56.6,114.2,199.7,0.615,2,1,0.873,0,0.046,0.5365,HIGH,DEMO
19.4,917.6,59.5,8.8,23.5,40.6,59.5,0.294,1,3,0.378,2,0.526,0.1611,LOW,DEMO
28.4,1139.5,36.3,4.0,18.3,27.7,36.3,0.252,1,2,0.306,1,0.438,0.1549,LOW,DEMO
53.1,514.7,47.6,6.2,17.8,27.0,47.6,0.304,3,1,0.877,1,0.059,0.3144,MEDIUM,DEMO
24.1,1910.0,191.2,18.4,72.0,108.6,191.2,0.558,1,1,0.863,3,0.185,0.4492,MEDIUM,DEMO
29.6,836.1,34.6,4.3,12.4,22.9,34.6,0.23,3,0,0.57,2,0.085,0.1572,LOW,DEMO
31.5,601.0,36.3,3.7,14.3,22.1,36.3,0.41,0,1,0.279,1,0.337,0.199,LOW,DEMO
31.7,142.6,16.6,3.2,7.7,13.8,16.6,0.307,0,0,0.301,1,0.128,0.1679,LOW,DEMO
37.3,642.4,57.5,6.9,30.6,41.7,57.5,0.331,3,3,0.516,2,0.239,0.2,LOW,DEMO
54.4,1627.0,87.9,15.0,30.9,55.9,87.9,0.412,0,0,0.71,0,0.685,0.4976,MEDIUM,DEMO
24.7,938.0,175.9,21.9,84.5,133.9,175.9,0.487,2,0,0.179,2,0.041,0.4782,MEDIUM,DEMO
19.0,1686.3,61.3,10.9,27.4,40.6,61.3,0.422,1,0,0.643,0,0.405,0.1836,LOW,DEMO
22.9,693.1,108.1,21.9,46.0,63.7,108.1,0.353,1,1,0.198,0,0.17,0.2933,MEDIUM,DEMO
50.0,193.5,48.4,4.8,17.5,30.1,48.4,0.365,2,1,0.762,3,0.183,0.2745,MEDIUM,DEMO
38.5,92.4,31.3,6.2,13.0,23.2,31.3,0.216,2,0,0.524,1,0.25,0.2259,LOW,DEMO
26.5,405.2,161.3,16.7,52.8,91.2,161.3,0.529,3,2,0.872,0,0.19,0.3261,MEDIUM,DEMO
45.9,1157.6,86.3,14.6,29.8,54.5,86.3,0.472,1,1,0.692,2,0.177,0.4037,MEDIUM,DEMO
48.4,1485.7,114.0,22.2,45.1,69.8,114.0,0.38,2,0,0.498,3,0.305,0.52,HIGH,DEMO
47.6,395.6,84.6,9.7,37.7,51.6,84.6,0.4,1,0,0.227,0,0.457,0.396,MEDIUM,DEMO
52.3,696.0,22.6,3.7,8.3,17.0,22.6,0.323,2,3,0.532,0,0.161,0.1988,LOW,DEMO
25.2,572.0,135.2,17.2,66.7,107.9,135.2,0.524,0,0,0.207,3,0.469,0.4247,MEDIUM,DEMO
43.0,555.7,46.2,6.8,25.4,35.4,46.2,0.339,1,2,0.808,1,0.313,0.2268,LOW,DEMO
32.3,316.8,104.4,8.4,37.3,77.6,104.4,0.469,0,1,0.295,3,0.159,0.2967,MEDIUM,DEMO
47.3,212.0,32.7,4.0,16.1,27.0,32.7,0.28,1,2,0.778,2,0.126,0.1957,LOW,DEMO
41.8,277.1,34.6,5.4,14.0,19.7,34.6,0.411,2,1,0.351,1,0.078,0.2465,LOW,DEMO
44.0,131.2,49.0,7.1,21.2,29.4,49.0,0.26,0,0,0.289,0,0.176,0.257,MEDIUM,DEMO
38.9,278.7,40.2,7.2,16.4,27.1,40.2,0.383,2,3,0.351,1,0.116,0.2071,LOW,DEMO
22.0,88.3,30.2,2.7,9.1,20.0,30.2,0.316,1,0,0.658,2,0.386,0.1358,LOW,DEMO
35.0,968.2,250.1,39.9,81.4,168.9,250.1,0.745,0,0,0.519,0,0.573,0.6157,HIGH,DEMO
59.5,422.3,77.7,6.4,29.8,47.6,77.7,0.434,1,1,0.202,2,0.41,0.4982,MEDIUM,DEMO
53.9,3335.6,20.2,1.3,5.9,12.0,20.2,0.315,3,3,0.224,0,0.133,0.2045,LOW,DEMO
13.4,273.8,31.5,4.5,11.0,22.2,31.5,0.268,3,0,0.408,1,0.387,0.1481,LOW,DEMO
21.3,461.9,42.3,11.1,23.9,35.0,42.3,0.314,1,1,0.377,0,0.143,0.1542,LOW,DEMO
19.6,478.6,54.5,10.8,24.6,36.4,54.5,0.279,0,1,0.767,1,0.1,0.1735,LOW,DEMO
41.7,87.6,119.2,16.4,47.2,67.1,119.2,0.456,0,0,0.555,1,0.098,0.4772,MEDIUM,DEMO
46.0,1724.9,87.9,9.1,32.3,67.0,87.9,0.429,2,1,0.262,1,0.539,0.431,MEDIUM,DEMO
23.6,109.3,76.4,5.1,24.8,48.7,76.4,0.422,2,1,0.142,1,0.187,0.2222,LOW,DEMO
33.7,2614.8,24.2,3.7,10.5,15.1,24.2,0.314,1,1,0.198,1,0.194,0.1857,LOW,DEMO
47.2,2083.7,106.8,15.8,46.1,69.1,106.8,0.361,1,0,0.652,0,0.146,0.4264,MEDIUM,DEMO
42.0,770.2,22.9,3.7,12.1,17.5,22.9,0.264,2,3,0.764,2,0.609,0.172,LOW,DEMO
34.9,785.9,66.4,14.7,39.5,52.9,66.4,0.34,1,0,0.715,2,0.107,0.2825,MEDIUM,DEMO
36.5,1034.6,91.9,19.8,47.3,66.7,91.9,0.355,2,1,0.72,1,0.753,0.4089,MEDIUM,DEMO
33.8,520.5,94.0,15.1,36.8,60.8,94.0,0.383,1,3,0.318,1,0.264,0.3135,MEDIUM,DEMO
27.0,1017.7,84.1,8.2,29.4,54.1,84.1,0.406,2,0,0.872,1,0.187,0.2385,LOW,DEMO
35.7,121.2,86.5,11.8,31.5,50.8,86.5,0.481,1,0,0.186,1,0.204,0.37,MEDIUM,DEMO
40.2,130.0,81.8,10.7,43.6,67.9,81.8,0.354,1,0,0.744,2,0.004,0.3052,MEDIUM,DEMO
49.2,630.0,27.3,2.6,11.2,20.3,27.3,0.244,1,2,0.194,0,0.258,0.1996,LOW,DEMO
38.2,797.9,26.2,4.3,10.0,14.6,26.2,0.269,1,2,0.323,2,0.258,0.1674,LOW,DEMO
43.3,2048.9,127.0,18.5,45.4,95.1,127.0,0.503,1,2,0.497,0,0.116,0.411,MEDIUM,DEMO
21.1,179.5,128.1,25.8,59.9,87.7,128.1,0.549,1,0,0.161,1,0.817,0.4624,MEDIUM,DEMO
32.3,1636.7,34.3,3.3,13.3,28.9,34.3,0.309,3,3,0.42,0,0.444,0.1298,LOW,DEMO
8.9,292.2,85.0,19.2,40.5,67.6,85.0,0.335,3,0,0.386,3,0.097,0.2527,MEDIUM,DEMO
25.0,530.9,96.5,9.9,41.1,58.0,96.5,0.368,1,2,0.612,1,0.138,0.218,LOW,DEMO
41.7,422.6,76.4,12.8,27.9,58.6,76.4,0.401,0,0,0.666,0,0.425,0.3285,MEDIUM,DEMO
61.0,540.0,138.5,17.8,58.3,96.4,138.5,0.557,0,0,0.189,3,0.391,0.7234,HIGH,DEMO
17.7,226.8,55.7,3.9,16.8,33.8,55.7,0.444,3,0,0.149,2,0.111,0.1711,LOW,DEMO
30.5,710.3,59.3,9.3,32.3,45.0,59.3,0.301,3,0,0.71,1,0.183,0.2289,LOW,DEMO
45.1,1535.9,139.4,17.7,69.7,99.6,139.4,0.516,0,0,0.521,3,0.179,0.5418,HIGH,DEMO
23.2,604.3,28.0,4.0,11.4,15.6,28.0,0.25,2,0,0.526,0,0.384,0.1258,LOW,DEMO
35.3,687.1,123.9,31.9,65.7,92.2,123.9,0.435,2,0,0.865,0,0.074,0.3665,MEDIUM,DEMO
42.0,1780.0,180.5,26.8,89.7,133.7,180.5,0.536,1,1,0.453,2,0.289,0.6041,HIGH,DEMO
37.4,1181.9,105.2,12.1,31.5,62.4,105.2,0.429,1,0,0.269,2,0.531,0.4107,MEDIUM,DEMO
22.5,686.8,72.6,12.0,25.7,47.5,72.6,0.341,2,1,0.637,0,0.166,0.1849,LOW,DEMO
29.0,348.2,28.9,4.9,12.6,21.0,28.9,0.428,0,3,0.74,2,0.193,0.1258,LOW,DEMO
44.3,2026.0,84.7,9.7,31.4,50.1,84.7,0.384,0,0,0.502,2,0.428,0.3824,MEDIUM,DEMO
35.3,854.4,44.9,12.3,24.8,36.2,44.9,0.383,0,0,0.646,3,0.296,0.2471,LOW,DEMO
7.9,304.9,62.4,4.6,18.0,34.8,62.4,0.333,3,0,0.511,0,0.403,0.1479,LOW,DEMO
43.2,362.2,95.5,9.7,27.1,55.5,95.5,0.539,1,2,0.43,1,0.037,0.3488,MEDIUM,DEMO
12.6,1542.7,40.5,6.2,14.1,23.7,40.5,0.342,1,0,0.146,0,0.36,0.1463,LOW,DEMO
42.6,120.6,32.5,2.3,11.5,23.1,32.5,0.352,2,0,0.252,1,0.31,0.2538,MEDIUM,DEMO
23.1,4200.0,52.1,10.4,25.2,38.3,52.1,0.317,3,2,0.485,0,0.119,0.1361,LOW,DEMO
55.9,205.7,168.5,19.7,70.4,113.1,168.5,0.612,0,0,0.421,1,0.022,0.7285,HIGH,DEMO
29.4,1511.0,96.7,10.4,41.4,61.6,96.7,0.446,0,1,0.761,0,0.372,0.2472,LOW,DEMO
28.0,531.9,44.5,4.7,16.5,35.3,44.5,0.314,1,0,0.202,0,0.461,0.1761,LOW,DEMO
20.5,689.9,48.0,9.9,20.2,27.4,48.0,0.285,3,0,0.158,0,0.387,0.1785,LOW,DEMO
27.3,1993.1,150.5,20.1,42.9,95.4,150.5,0.518,1,0,0.186,1,0.107,0.4757,MEDIUM,DEMO
49.4,559.3,26.0,2.1,8.0,14.6,26.0,0.282,2,1,0.635,0,0.337,0.2134,LOW,DEMO
62.3,774.0,166.4,14.2,60.3,92.2,166.4,0.603,0,2,0.572,1,0.313,0.6936,HIGH,DEMO
29.4,125.5,39.4,3.7,12.0,25.9,39.4,0.312,1,0,0.6,1,0.134,0.1739,LOW,DEMO
32.0,82.1,162.3,17.7,46.9,98.8,162.3,0.455,0,0,0.239,0,0.39,0.4772,MEDIUM,DEMO
41.5,332.7,126.5,17.4,37.7,79.7,126.5,0.517,1,0,0.512,0,0.132,0.4553,MEDIUM,DEMO
50.0,1107.1,35.9,8.7,17.9,28.6,35.9,0.381,1,0,0.703,2,0.182,0.3119,MEDIUM,DEMO
36.6,196.3,114.8,21.0,49.4,68.7,114.8,0.38,1,1,0.64,1,0.049,0.406,MEDIUM,DEMO
30.2,188.7,21.2,3.9,10.3,16.6,21.2,0.38,2,3,0.453,0,0.568,0.1214,LOW,DEMO
30.9,556.3,141.8,16.3,67.4,106.7,141.8,0.583,3,0,0.199,3,0.62,0.4884,MEDIUM,DEMO
40.5,1019.3,35.3,2.8,12.7,22.8,35.3,0.284,1,1,0.782,1,0.216,0.2007,LOW,DEMO
7.3,1200.5,142.0,17.5,46.2,101.4,142.0,0.458,2,3,0.52,0,0.369,0.2755,MEDIUM,DEMO
37.6,256.9,27.4,3.1,8.5,18.7,27.4,0.354,3,1,0.796,2,0.139,0.1675,LOW,DEMO
29.0,154.6,37.0,7.1,15.6,21.8,37.0,0.25,0,1,0.453,3,0.289,0.1687,LOW,DEMO
44.8,2618.0,191.6,22.5,75.7,157.5,191.6,0.572,1,1,0.3,1,0.631,0.7016,HIGH,DEMO
17.3,351.8,103.3,11.8,55.8,74.5,103.3,0.376,2,0,0.354,3,0.475,0.2695,MEDIUM,DEMO
36.4,1807.7,39.8,5.3,16.2,32.4,39.8,0.324,1,0,0.438,0,0.213,0.1899,LOW,DEMO
32.9,1872.2,90.3,23.0,46.9,71.9,90.3,0.491,0,0,0.587,3,0.107,0.3451,MEDIUM,DEMO
38.4,1412.6,88.9,16.5,37.5,51.0,88.9,0.434,1,0,0.704,0,0.226,0.3392,MEDIUM,DEMO
15.3,246.4,64.7,4.6,22.1,39.6,64.7,0.421,1,2,0.304,1,0.043,0.1457,LOW,DEMO
36.2,1632.4,88.4,16.3,35.2,52.5,88.4,0.397,0,1,0.263,0,0.156,0.3252,MEDIUM,DEMO
35.5,1399.8,151.6,23.0,67.3,121.1,151.6,0.536,1,2,0.274,0,0.415,0.4357,MEDIUM,DEMO
35.5,897.3,124.3,16.8,54.4,100.5,124.3,0.42,2,0,0.83,3,0.495,0.4146,MEDIUM,DEMO
37.0,450.2,106.2,11.7,38.4,75.2,106.2,0.442,1,2,0.245,0,0.091,0.2865,MEDIUM,DEMO
39.7,354.1,39.0,6.0,15.8,22.7,39.0,0.285,0,0,0.383,3,0.244,0.2288,LOW,DEMO
45.4,197.0,27.1,3.0,8.4,16.0,27.1,0.292,1,0,0.489,0,0.228,0.2076,LOW,DEMO
25.9,721.6,72.2,12.2,30.7,57.3,72.2,0.373,3,1,0.543,2,0.358,0.2406,LOW,DEMO
46.4,872.1,126.0,29.1,78.3,104.4,126.0,0.468,1,3,0.772,0,0.217,0.4123,MEDIUM,DEMO
33.5,480.7,14.0,1.1,4.7,8.5,14.0,0.381,1,1,0.206,1,0.683,0.1867,LOW,DEMO
16.2,660.5,54.4,4.8,17.4,30.1,54.4,0.439,0,1,0.202,2,0.032,0.1571,LOW,DEMO
14.7,486.6,101.8,22.3,49.4,66.1,101.8,0.51,1,1,0.36,1,0.597,0.3448,MEDIUM,DEMO
28.3,1002.0,164.5,20.6,51.6,92.0,164.5,0.645,1,1,0.434,0,0.206,0.4498,MEDIUM,DEMO
44.4,2163.7,8.3,1.2,3.7,6.6,8.3,0.336,3,0,0.404,0,0.037,0.1691,LOW,DEMO
40.9,241.1,71.9,8.9,35.0,50.1,71.9,0.382,2,1,0.418,0,0.187,0.2717,MEDIUM,DEMO
44.5,512.3,51.8,4.2,20.9,38.4,51.8,0.34,1,1,0.767,2,0.02,0.2347,LOW,DEMO
34.1,216.7,76.4,7.9,26.8,51.5,76.4,0.404,1,2,0.756,1,0.07,0.2156,LOW,DEMO
31.7,962.6,106.4,8.7,40.1,69.5,106.4,0.437,0,0,0.732,1,0.342,0.3208,MEDIUM,DEMO
20.5,1254.6,19.4,2.7,7.9,12.0,19.4,0.234,0,1,0.694,0,0.399,0.099,LOW,DEMO
28.1,2498.3,37.6,6.1,13.6,29.4,37.6,0.335,2,1,0.151,1,0.035,0.1846,LOW,DEMO
31.5,374.2,41.1,5.0,17.5,31.2,41.1,0.248,1,0,0.234,1,0.499,0.2228,LOW,DEMO
17.0,2780.0,59.2,9.8,21.6,39.0,59.2,0.367,0,1,0.676,0,0.329,0.1546,LOW,DEMO
23.9,138.8,146.1,20.3,49.4,94.4,146.1,0.472,1,2,0.572,1,0.583,0.3875,MEDIUM,DEMO
36.8,911.5,35.2,3.0,12.5,19.4,35.2,0.311,1,1,0.632,0,0.037,0.1505,LOW,DEMO
42.1,132.9,46.7,5.6,14.3,26.6,46.7,0.346,2,0,0.665,1,0.013,0.2522,MEDIUM,DEMO
63.2,2098.0,26.4,3.0,12.3,19.4,26.4,0.281,1,2,0.813,1,0.184,0.2932,MEDIUM,DEMO
53.5,759.2,59.6,10.0,25.2,42.0,59.6,0.279,2,3,0.603,0,0.228,0.2935,MEDIUM,DEMO
38.4,1076.0,63.5,5.4,22.3,43.2,63.5,0.309,2,0,0.329,0,0.594,0.2555,MEDIUM,DEMO
31.1,1683.1,67.0,9.0,28.3,53.4,67.0,0.397,0,3,0.183,0,0.147,0.1841,LOW,DEMO
38.2,226.6,272.0,35.4,95.6,190.7,272.0,0.727,3,1,0.448,0,0.354,0.6086,HIGH,DEMO
44.4,115.4,125.3,8.4,38.9,83.4,125.3,0.511,0,1,0.659,1,0.433,0.4551,MEDIUM,DEMO
18.8,1979.9,74.0,6.9,28.1,44.3,74.0,0.388,1,3,0.334,0,0.083,0.1352,LOW,DEMO
30.8,420.4,105.3,16.2,54.6,83.8,105.3,0.436,2,3,0.211,1,0.255,0.3324,MEDIUM,DEMO
47.2,204.3,50.0,6.1,18.1,36.1,50.0,0.36,0,0,0.879,1,0.339,0.3062,MEDIUM,DEMO
29.9,648.8,240.3,40.3,88.1,138.8,240.3,0.662,1,0,0.438,3,0.15,0.5591,HIGH,DEMO
35.9,900.9,128.9,18.3,71.5,96.0,128.9,0.509,3,3,0.284,0,0.409,0.3849,MEDIUM,DEMO
36.4,108.3,118.0,11.5,37.8,80.0,118.0,0.448,2,1,0.245,0,0.426,0.3655,MEDIUM,DEMO
22.3,369.3,167.8,27.2,79.5,133.1,167.8,0.688,1,0,0.776,0,0.077,0.4137,MEDIUM,DEMO
29.2,110.0,205.2,32.8,113.5,169.5,205.2,0.574,2,3,0.743,1,0.383,0.4922,MEDIUM,DEMO
28.3,570.8,35.9,4.7,12.1,26.2,35.9,0.299,2,0,0.586,1,0.428,0.1838,LOW,DEMO
11.5,2109.3,155.7,22.7,81.9,119.8,155.7,0.523,1,1,0.536,2,0.126,0.3753,MEDIUM,DEMO
11.3,3728.9,100.3,18.3,42.3,56.9,100.3,0.369,1,1,0.843,0,0.145,0.2248,LOW,DEMO
46.7,992.1,91.3,11.0,31.2,65.6,91.3,0.456,3,1,0.293,0,0.185,0.3791,MEDIUM,DEMO
26.0,238.7,189.8,23.2,102.7,147.4,189.8,0.581,3,0,0.436,1,0.361,0.5536,HIGH,DEMO
34.1,2206.6,38.3,5.9,15.1,26.8,38.3,0.202,1,0,0.139,0,0.688,0.2106,LOW,DEMO
27.0,733.6,74.8,10.0,26.9,54.5,74.8,0.424,0,0,0.438,2,0.475,0.2643,MEDIUM,DEMO
54.2,230.2,68.2,10.1,33.4,55.9,68.2,0.345,2,2,0.412,0,0.589,0.3625,MEDIUM,DEMO
25.5,2372.8,99.4,5.8,28.6,60.6,99.4,0.429,1,1,0.842,2,0.322,0.2238,LOW,DEMO
31.4,1355.0,102.4,9.4,36.0,59.3,102.4,0.474,2,2,0.392,0,0.38,0.2456,LOW,DEMO
49.1,1264.1,151.9,16.9,52.4,115.0,151.9,0.514,1,1,0.754,2,0.258,0.58,HIGH,DEMO
47.3,1191.5,79.3,11.0,42.2,63.2,79.3,0.379,2,0,0.703,1,0.655,0.4309,MEDIUM,DEMO
22.4,281.2,199.3,35.7,95.7,160.5,199.3,0.743,1,3,0.232,0,0.434,0.4725,MEDIUM,DEMO
45.2,293.3,106.6,19.2,46.5,79.2,106.6,0.34,3,0,0.852,1,0.292,0.4786,MEDIUM,DEMO
32.2,1129.1,35.3,6.6,14.4,28.3,35.3,0.251,0,0,0.6,2,0.041,0.177,LOW,DEMO
33.0,303.3,50.9,8.5,21.6,38.7,50.9,0.29,0,2,0.573,0,0.369,0.1647,LOW,DEMO
19.7,599.7,117.8,13.9,34.3,67.9,117.8,0.558,2,0,0.129,3,0.067,0.3245,MEDIUM,DEMO
16.4,1450.9,102.1,20.4,53.3,79.5,102.1,0.407,1,0,0.651,1,0.28,0.3088,MEDIUM,DEMO
41.8,1459.0,98.4,15.0,30.3,59.4,98.4,0.445,1,3,0.162,2,0.118,0.3679,MEDIUM,DEMO
33.4,623.4,217.2,23.8,85.6,134.9,217.2,0.63,3,0,0.261,1,0.131,0.6176,HIGH,DEMO
31.6,1494.0,142.2,14.2,50.7,95.0,142.2,0.544,1,1,0.195,1,0.161,0.4498,MEDIUM,DEMO
41.9,1721.6,58.3,5.8,24.3,37.6,58.3,0.358,2,3,0.407,1,0.196,0.2386,LOW,DEMO
43.5,1037.2,69.6,9.5,27.5,45.0,69.6,0.392,0,3,0.725,1,0.022,0.2648,MEDIUM,DEMO
21.0,313.4,56.1,4.5,19.4,33.7,56.1,0.419,2,0,0.658,2,0.436,0.1739,LOW,DEMO
37.2,368.2,41.5,4.9,17.3,26.5,41.5,0.349,1,0,0.201,2,0.436,0.2443,LOW,DEMO
19.8,420.3,226.4,24.9,72.3,125.9,226.4,0.634,1,2,0.727,3,0.277,0.421,MEDIUM,DEMO
42.8,191.8,101.5,23.8,48.9,70.3,101.5,0.454,2,0,0.47,0,0.349,0.4361,MEDIUM,DEMO
38.9,367.1,31.1,7.9,16.2,24.2,31.1,0.429,1,1,0.145,2,0.29,0.2498,LOW,DEMO
55.7,291.6,187.8,39.3,93.0,151.9,187.8,0.627,3,1,0.29,0,0.019,0.7061,HIGH,DEMO
15.6,626.8,45.9,8.3,26.1,36.6,45.9,0.343,2,1,0.717,0,0.317,0.1315,LOW,DEMO
14.6,2231.7,90.3,19.6,42.6,60.9,90.3,0.349,2,1,0.677,0,0.063,0.2143,LOW,DEMO
26.4,179.3,81.7,17.7,38.3,62.8,81.7,0.438,1,3,0.263,0,0.183,0.2317,LOW,DEMO
25.6,1226.5,23.5,3.3,7.0,15.0,23.5,0.337,1,0,0.149,2,0.284,0.1573,LOW,DEMO
25.0,1126.2,14.8,2.0,5.2,8.4,14.8,0.293,0,1,0.344,2,0.698,0.1408,LOW,DEMO
51.4,170.6,126.3,13.8,52.9,95.1,126.3,0.49,0,0,0.724,0,0.197,0.5005,HIGH,DEMO
25.1,2382.6,162.0,16.8,73.8,120.6,162.0,0.692,0,0,0.833,0,0.115,0.4081,MEDIUM,DEMO
26.0,836.4,94.0,22.7,47.9,74.3,94.0,0.467,3,0,0.555,0,0.215,0.2941,MEDIUM,DEMO
43.2,486.9,314.6,32.2,148.8,231.2,314.6,0.896,1,1,0.189,1,0.2,0.7442,HIGH,DEMO
32.0,1351.5,48.8,5.5,19.0,29.1,48.8,0.344,2,3,0.502,1,0.005,0.1618,LOW,DEMO
44.0,347.8,18.5,3.4,9.8,14.9,18.5,0.278,1,2,0.879,2,0.398,0.1673,LOW,DEMO
15.3,1144.3,103.5,7.6,36.9,76.4,103.5,0.474,1,0,0.833,3,0.411,0.2209,LOW,DEMO
33.1,116.5,37.6,7.1,15.1,29.8,37.6,0.313,1,2,0.875,1,0.021,0.1522,LOW,DEMO
12.4,1726.0,74.6,10.7,37.3,58.3,74.6,0.386,1,0,0.652,2,0.378,0.2099,LOW,DEMO
15.1,615.1,144.1,11.0,52.7,92.1,144.1,0.541,3,2,0.444,3,0.167,0.2639,MEDIUM,DEMO
51.4,991.3,53.1,10.3,20.6,30.4,53.1,0.323,3,3,0.799,1,0.501,0.3264,MEDIUM,DEMO
20.0,305.0,74.6,6.4,21.9,45.0,74.6,0.4,2,0,0.8,0,0.603,0.1786,LOW,DEMO
34.6,1097.3,157.3,21.4,46.1,90.9,157.3,0.546,3,0,0.23,1,0.436,0.5663,HIGH,DEMO
30.8,1411.5,68.2,8.8,26.3,42.5,68.2,0.425,0,0,0.709,2,0.406,0.2485,LOW,DEMO
28.7,656.9,103.5,17.1,42.7,71.2,103.5,0.412,0,0,0.819,2,0.21,0.3268,MEDIUM,DEMO
50.9,945.5,111.8,13.3,48.7,91.9,111.8,0.358,1,1,0.803,2,0.227,0.4662,MEDIUM,DEMO
10.9,628.5,68.6,11.2,31.9,55.7,68.6,0.362,2,0,0.657,2,0.285,0.199,LOW,DEMO
39.2,2100.7,70.1,6.9,24.7,53.7,70.1,0.4,1,0,0.528,3,0.069,0.265,MEDIUM,DEMO
56.5,700.0,76.6,9.6,19.7,42.7,76.6,0.44,1,1,0.71,2,0.08,0.4319,MEDIUM,DEMO
35.5,1739.6,48.9,3.3,15.3,31.9,48.9,0.306,0,3,0.512,3,0.329,0.16,LOW,DEMO
53.8,1534.6,100.3,13.3,47.1,75.7,100.3,0.463,3,1,0.364,1,0.138,0.531,HIGH,DEMO
14.2,555.6,49.7,9.7,20.8,29.3,49.7,0.399,2,0,0.317,1,0.075,0.1892,LOW,DEMO
31.0,315.3,54.6,7.8,22.8,43.2,54.6,0.389,1,0,0.531,3,0.229,0.213,LOW,DEMO
25.5,548.9,38.1,5.5,14.4,31.4,38.1,0.281,3,0,0.467,3,0.456,0.1668,LOW,DEMO
41.9,1655.0,165.0,28.4,71.8,108.3,165.0,0.522,0,0,0.519,2,0.329,0.5876,HIGH,DEMO
58.9,312.5,27.5,3.3,14.8,21.0,27.5,0.323,1,3,0.318,2,0.143,0.2897,MEDIUM,DEMO
25.4,748.9,220.4,13.2,64.4,131.0,220.4,0.741,0,0,0.569,1,0.156,0.5322,HIGH,DEMO
38.8,1556.4,71.7,14.8,30.7,54.3,71.7,0.384,1,0,0.623,1,0.355,0.3616,MEDIUM,DEMO
22.9,472.5,58.5,4.6,16.2,32.5,58.5,0.35,0,0,0.733,0,0.246,0.1461,LOW,DEMO
35.7,1005.0,38.1,3.4,10.9,22.7,38.1,0.252,1,3,0.568,1,0.209,0.1583,LOW,DEMO
32.4,333.7,41.1,8.2,20.2,31.4,41.1,0.308,3,1,0.695,0,0.509,0.18,LOW,DEMO
57.6,184.2,49.5,7.6,28.0,37.8,49.5,0.306,1,2,0.249,2,0.454,0.3764,MEDIUM,DEMO
37.2,1503.6,350.0,71.3,169.8,259.8,350.0,0.901,1,1,0.212,3,0.157,0.6737,HIGH,DEMO
28.8,173.8,49.5,8.6,25.6,34.3,49.5,0.266,2,3,0.257,0,0.541,0.1617,LOW,DEMO
18.6,364.9,105.2,21.0,45.9,79.2,105.2,0.429,2,0,0.763,0,0.543,0.2842,MEDIUM,DEMO
20.7,1818.6,66.0,10.5,37.1,51.6,66.0,0.322,3,0,0.543,3,0.616,0.2152,LOW,DEMO
24.1,462.8,231.4,26.0,99.4,194.3,231.4,0.727,1,2,0.466,1,0.245,0.5121,HIGH,DEMO
25.2,3332.2,89.2,15.9,35.3,72.8,89.2,0.373,2,1,0.699,1,0.537,0.304,MEDIUM,DEMO
47.8,3588.9,31.5,4.9,16.4,24.8,31.5,0.28,1,1,0.214,1,0.262,0.2882,MEDIUM,DEMO
35.5,361.1,55.7,7.7,23.7,42.2,55.7,0.368,0,1,0.125,0,0.216,0.2246,LOW,DEMO
34.3,117.7,283.9,49.0,111.8,205.0,283.9,0.755,1,1,0.356,0,0.589,0.6099,HIGH,DEMO
18.6,1178.9,129.1,19.3,49.3,75.7,129.1,0.608,1,3,0.309,3,0.113,0.3069,MEDIUM,DEMO
48.4,619.7,75.1,8.2,24.8,45.0,75.1,0.436,1,3,0.354,2,0.265,0.3275,MEDIUM,DEMO
41.6,175.6,39.4,5.4,19.5,31.4,39.4,0.324,2,0,0.86,0,0.096,0.1921,LOW,DEMO
15.5,1186.4,42.7,7.8,18.3,33.8,42.7,0.348,1,1,0.551,0,0.465,0.1379,LOW,DEMO
40.9,108.5,35.0,4.5,17.6,25.7,35.0,0.197,3,1,0.568,1,0.332,0.2247,LOW,DEMO
34.9,1917.6,22.2,3.9,8.2,15.2,22.2,0.353,3,0,0.618,0,0.477,0.1638,LOW,DEMO
16.5,214.3,124.0,10.3,42.2,69.1,124.0,0.506,1,0,0.422,0,0.656,0.2895,MEDIUM,DEMO
32.2,202.6,110.4,14.4,32.7,71.6,110.4,0.451,1,1,0.864,0,0.097,0.2876,MEDIUM,DEMO
33.1,253.9,84.8,12.9,39.4,57.3,84.8,0.436,1,3,0.86,0,0.263,0.2135,LOW,DEMO
21.4,2983.0,178.7,20.2,79.1,124.3,178.7,0.616,1,0,0.705,1,0.293,0.491,MEDIUM,DEMO
54.6,1143.3,121.2,16.4,51.0,100.4,121.2,0.454,3,2,0.281,3,0.069,0.5228,HIGH,DEMO
47.8,1534.7,26.1,2.1,7.8,15.2,26.1,0.317,0,0,0.789,1,0.184,0.2407,LOW,DEMO
39.4,536.2,77.3,6.9,28.8,54.6,77.3,0.446,1,1,0.197,0,0.12,0.2709,MEDIUM,DEMO
32.4,448.9,133.4,14.9,54.9,88.1,133.4,0.521,0,0,0.599,0,0.56,0.4029,MEDIUM,DEMO
30.8,320.5,77.8,18.6,40.5,65.9,77.8,0.382,2,0,0.467,3,0.464,0.3295,MEDIUM,DEMO
38.7,669.7,82.7,8.3,35.6,66.9,82.7,0.418,0,3,0.15,1,0.167,0.287,MEDIUM,DEMO
35.0,802.3,21.7,4.8,9.8,14.8,21.7,0.359,3,3,0.807,1,0.202,0.1424,LOW,DEMO
15.0,979.2,50.6,6.2,30.8,43.0,50.6,0.383,1,0,0.85,3,0.115,0.1368,LOW,DEMO
33.9,347.5,105.7,13.7,34.5,74.5,105.7,0.388,3,1,0.81,1,0.497,0.3585,MEDIUM,DEMO
45.4,2752.3,69.8,11.0,24.1,41.9,69.8,0.409,3,1,0.266,1,0.211,0.3827,MEDIUM,DEMO
32.3,247.4,24.5,5.3,11.0,17.5,24.5,0.318,2,0,0.373,3,0.347,0.178,LOW,DEMO
14.2,3114.1,132.2,12.4,51.1,81.7,132.2,0.554,2,0,0.846,1,0.433,0.3314,MEDIUM,DEMO
44.4,93.5,67.7,9.4,22.9,50.2,67.7,0.377,0,2,0.201,1,0.505,0.3353,MEDIUM,DEMO
23.1,670.5,81.9,8.1,34.9,68.1,81.9,0.384,3,0,0.563,1,0.173,0.2318,LOW,DEMO
25.5,445.0,26.3,3.0,9.7,20.7,26.3,0.231,2,0,0.489,3,0.234,0.1334,LOW,DEMO
21.3,616.6,19.6,3.2,7.7,12.4,19.6,0.252,1,3,0.235,3,0.14,0.0961,LOW,DEMO
28.1,841.0,84.9,10.6,34.9,54.3,84.9,0.468,1,0,0.794,2,0.285,0.2626,MEDIUM,DEMO
43.1,594.8,165.3,13.8,47.0,94.4,165.3,0.567,0,0,0.222,1,0.321,0.6091,HIGH,DEMO
34.2,562.3,129.7,10.6,45.3,82.4,129.7,0.486,2,3,0.57,3,0.237,0.307,MEDIUM,DEMO
23.2,1267.5,118.3,8.3,37.5,68.4,118.3,0.534,0,1,0.362,1,0.21,0.3036,MEDIUM,DEMO
49.4,1122.2,89.8,10.3,43.7,62.8,89.8,0.471,2,1,0.438,1,0.099,0.4366,MEDIUM,DEMO
49.6,1692.2,30.2,5.4,11.7,23.0,30.2,0.269,2,0,0.281,0,0.223,0.2632,MEDIUM,DEMO
49.0,338.9,12.2,1.2,5.8,9.4,12.2,0.333,1,3,0.595,2,0.208,0.1777,LOW,DEMO
24.7,926.4,307.4,48.8,119.6,174.6,307.4,0.738,3,0,0.871,0,0.096,0.4846,MEDIUM,DEMO
32.0,872.0,67.5,13.2,30.7,44.0,67.5,0.398,2,0,0.753,2,0.422,0.2792,MEDIUM,DEMO
59.5,495.5,51.7,7.9,21.4,32.9,51.7,0.363,1,0,0.639,1,0.203,0.4439,MEDIUM,DEMO
43.8,679.1,80.9,10.6,25.4,47.0,80.9,0.458,3,1,0.695,1,0.287,0.3684,MEDIUM,DEMO
11.6,418.9,38.0,6.9,17.4,25.0,38.0,0.34,3,2,0.758,2,0.091,0.1075,LOW,DEMO
15.3,217.7,56.1,8.1,24.1,35.9,56.1,0.342,2,0,0.479,1,0.224,0.1842,LOW,DEMO
32.4,296.5,217.2,33.5,106.3,160.8,217.2,0.645,0,0,0.551,2,0.092,0.5728,HIGH,DEMO
51.6,180.4,97.0,17.9,37.2,79.1,97.0,0.565,1,1,0.801,3,0.58,0.5313,HIGH,DEMO
34.8,1114.2,112.0,17.5,35.6,76.9,112.0,0.462,3,3,0.649,0,0.143,0.2976,MEDIUM,DEMO
33.5,1052.9,71.6,14.4,36.5,55.5,71.6,0.413,2,0,0.223,1,0.256,0.3424,MEDIUM,DEMO
18.1,2787.1,152.4,17.2,66.4,90.5,152.4,0.432,1,1,0.712,3,0.162,0.3372,MEDIUM,DEMO
38.9,1257.3,149.9,28.0,83.7,122.7,149.9,0.487,3,1,0.137,2,0.374,0.5439,HIGH,DEMO
46.2,128.1,66.2,9.6,27.6,39.5,66.2,0.399,0,2,0.764,3,0.182,0.2697,MEDIUM,DEMO
29.8,2020.7,77.6,12.4,28.9,47.1,77.6,0.313,0,2,0.719,3,0.137,0.1996,LOW,DEMO
43.9,1866.9,168.1,21.2,52.9,97.8,168.1,0.59,3,0,0.751,0,0.585,0.5882,HIGH,DEMO
56.6,607.2,80.7,12.0,33.9,51.9,80.7,0.364,0,1,0.138,0,0.198,0.4625,MEDIUM,DEMO
23.2,873.4,61.0,11.7,29.0,43.7,61.0,0.312,1,0,0.859,0,0.192,0.1729,LOW,DEMO
34.3,3439.7,64.1,7.3,35.4,54.2,64.1,0.333,3,1,0.587,0,0.112,0.1971,LOW,DEMO
26.6,763.9,55.8,14.0,32.3,44.0,55.8,0.43,2,0,0.728,0,0.28,0.2094,LOW,DEMO
44.7,2201.5,80.0,7.8,29.8,53.2,80.0,0.415,2,0,0.551,3,0.239,0.3389,MEDIUM,DEMO
36.1,158.0,57.1,7.6,19.1,41.3,57.1,0.311,2,0,0.378,1,0.828,0.3042,MEDIUM,DEMO
38.1,270.8,79.9,10.0,42.5,58.9,79.9,0.437,1,3,0.345,0,0.142,0.236,LOW,DEMO
45.0,603.1,46.6,4.3,18.5,37.1,46.6,0.378,1,2,0.173,2,0.324,0.247,LOW,DEMO
30.3,871.0,98.3,10.5,50.0,75.8,98.3,0.413,2,0,0.532,0,0.195,0.2656,MEDIUM,DEMO
52.0,1604.7,107.7,26.1,55.3,77.6,107.7,0.498,1,0,0.229,0,0.027,0.5318,HIGH,DEMO
34.6,4080.4,119.7,18.6,48.8,89.9,119.7,0.523,2,0,0.551,0,0.107,0.3901,MEDIUM,DEMO
21.0,523.2,108.9,18.2,58.9,84.3,108.9,0.495,1,0,0.595,2,0.37,0.3391,MEDIUM,DEMO
40.5,123.7,145.3,20.6,47.1,85.7,145.3,0.486,0,1,0.456,2,0.351,0.524,HIGH,DEMO
44.8,1533.8,84.2,13.7,35.4,51.4,84.2,0.347,0,2,0.239,0,0.485,0.3399,MEDIUM,DEMO
27.7,914.6,79.4,10.9,28.3,60.1,79.4,0.313,1,2,0.449,1,0.358,0.2297,LOW,DEMO
48.2,279.2,51.1,9.2,26.6,41.2,51.1,0.312,3,3,0.788,0,0.308,0.2334,LOW,DEMO
51.4,694.6,126.8,11.3,55.7,85.3,126.8,0.467,1,0,0.468,0,0.059,0.4838,MEDIUM,DEMO
26.2,1300.4,53.5,7.5,27.0,45.1,53.5,0.335,0,3,0.38,0,0.216,0.138,LOW,DEMO
59.3,1404.3,18.9,1.8,7.6,11.6,18.9,0.283,0,2,0.599,0,0.535,0.2516,MEDIUM,DEMO
20.1,703.1,49.4,9.7,24.2,33.3,49.4,0.428,1,1,0.59,1,0.41,0.195,LOW,DEMO
23.1,407.7,132.9,16.2,59.1,88.2,132.9,0.48,0,3,0.189,1,0.185,0.3377,MEDIUM,DEMO
22.3,3355.8,116.7,23.9,71.4,96.8,116.7,0.464,0,3,0.3,0,0.162,0.2637,MEDIUM,DEMO
50.5,1059.9,91.8,10.4,34.1,58.3,91.8,0.33,2,3,0.496,0,0.472,0.3494,MEDIUM,DEMO
38.8,552.2,270.7,27.7,113.9,187.1,270.7,0.864,2,0,0.398,3,0.16,0.6776,HIGH,DEMO
20.7,376.2,98.6,15.4,31.6,59.8,98.6,0.367,3,0,0.363,0,0.041,0.2504,MEDIUM,DEMO
31.7,1262.1,43.6,11.0,23.0,30.8,43.6,0.296,2,3,0.459,2,0.175,0.1776,LOW,DEMO
37.4,329.6,40.8,3.5,15.3,32.9,40.8,0.36,1,0,0.341,2,0.451,0.2303,LOW,DEMO
16.6,249.6,108.8,17.4,38.9,69.8,108.8,0.464,2,2,0.384,0,0.209,0.2362,LOW,DEMO
49.7,759.2,183.7,27.2,78.6,145.7,183.7,0.673,1,1,0.708,0,0.376,0.6554,HIGH,DEMO
45.3,388.2,78.7,15.9,36.7,64.8,78.7,0.432,0,2,0.508,0,0.49,0.3441,MEDIUM,DEMO
33.7,972.2,100.5,10.2,41.7,57.5,100.5,0.433,1,0,0.783,1,0.019,0.3105,MEDIUM,DEMO
56.9,192.9,103.9,10.8,45.2,80.7,103.9,0.495,0,1,0.841,1,0.342,0.5355,HIGH,DEMO
31.0,1037.6,277.0,58.8,125.8,173.5,277.0,0.822,0,3,0.821,1,0.241,0.5493,HIGH,DEMO
59.4,379.8,140.2,22.9,48.7,84.5,140.2,0.477,0,1,0.313,2,0.294,0.6899,HIGH,DEMO
39.4,80.2,161.5,28.3,83.3,118.0,161.5,0.598,3,1,0.479,1,0.362,0.5825,HIGH,DEMO
38.1,202.2,42.3,9.0,19.5,32.2,42.3,0.317,2,2,0.527,3,0.008,0.1829,LOW,DEMO
21.4,2521.1,53.4,7.8,19.4,35.7,53.4,0.344,1,0,0.768,2,0.502,0.1817,LOW,DEMO
49.7,1898.1,50.5,4.2,16.6,28.4,50.5,0.351,0,0,0.545,0,0.463,0.292,MEDIUM,DEMO
31.3,319.5,67.2,9.5,31.9,55.2,67.2,0.356,0,2,0.312,1,0.135,0.2208,LOW,DEMO
21.2,1436.1,82.8,8.1,33.6,63.7,82.8,0.382,1,0,0.536,2,0.263,0.2189,LOW,DEMO
9.5,924.2,96.1,14.1,32.6,60.7,96.1,0.478,2,0,0.154,0,0.709,0.2865,MEDIUM,DEMO
35.5,3263.5,75.1,13.2,26.5,52.5,75.1,0.313,2,3,0.754,2,0.207,0.2342,LOW,DEMO
34.4,501.0,49.6,5.6,15.3,27.7,49.6,0.289,0,1,0.55,0,0.135,0.1729,LOW,DEMO
41.4,1109.6,36.0,5.9,14.9,23.4,36.0,0.351,1,3,0.615,3,0.569,0.1965,LOW,DEMO
50.3,139.1,102.5,17.4,41.0,72.4,102.5,0.437,3,0,0.273,2,0.174,0.5369,HIGH,DEMO
16.3,534.1,121.9,15.2,57.0,86.0,121.9,0.526,0,1,0.544,0,0.241,0.277,MEDIUM,DEMO
41.9,3067.3,69.2,9.5,31.6,42.4,69.2,0.396,1,0,0.523,3,0.193,0.3087,MEDIUM,DEMO
22.4,776.9,21.7,3.1,9.6,17.0,21.7,0.224,1,0,0.591,0,0.441,0.1152,LOW,DEMO
48.2,385.6,139.3,19.8,52.5,89.1,139.3,0.512,0,3,0.764,1,0.262,0.5214,HIGH,DEMO
46.1,195.3,67.2,11.1,24.3,48.6,67.2,0.401,2,0,0.701,2,0.045,0.3402,MEDIUM,DEMO
34.8,1174.2,28.0,2.8,10.1,17.7,28.0,0.314,2,0,0.536,3,0.227,0.1683,LOW,DEMO
41.0,1011.7,78.1,12.1,35.3,52.9,78.1,0.372,1,2,0.799,0,0.198,0.244,LOW,DEMO
27.6,501.5,145.2,19.5,45.8,88.9,145.2,0.506,1,2,0.392,2,0.342,0.3882,MEDIUM,DEMO
32.6,2793.3,59.3,5.0,22.1,43.9,59.3,0.332,2,3,0.494,0,0.242,0.1511,LOW,DEMO
46.2,100.2,8.9,1.2,3.4,6.0,8.9,0.2,0,0,0.614,0,0.154,0.1697,LOW,DEMO
32.3,405.8,64.8,6.1,25.0,36.0,64.8,0.297,0,0,0.455,0,0.383,0.2092,LOW,DEMO
29.1,2365.3,47.9,6.2,17.0,26.7,47.9,0.358,3,1,0.395,2,0.181,0.1868,LOW,DEMO
33.4,428.3,87.6,19.2,44.6,60.6,87.6,0.369,2,1,0.205,0,0.057,0.3123,MEDIUM,DEMO
46.6,341.6,79.3,9.4,34.6,48.0,79.3,0.426,2,0,0.603,0,0.421,0.352,MEDIUM,DEMO
28.3,767.6,55.8,9.1,20.0,40.5,55.8,0.324,2,0,0.266,3,0.19,0.2149,LOW,DEMO
21.8,1642.5,53.4,5.0,16.6,35.9,53.4,0.284,1,2,0.225,0,0.094,0.1196,LOW,DEMO
41.1,178.0,171.5,18.8,72.9,128.0,171.5,0.548,3,1,0.258,1,0.115,0.6017,HIGH,DEMO
46.4,2658.6,108.5,18.7,55.0,90.6,108.5,0.556,1,0,0.643,1,0.078,0.5227,HIGH,DEMO
17.8,1506.6,106.3,21.1,45.5,75.3,106.3,0.443,1,3,0.225,0,0.201,0.2384,LOW,DEMO
24.7,260.0,134.4,11.4,51.8,105.7,134.4,0.532,1,0,0.862,1,0.04,0.3316,MEDIUM,DEMO
20.2,1200.3,66.8,7.5,25.3,51.8,66.8,0.383,0,3,0.696,1,0.027,0.1472,LOW,DEMO
28.7,517.5,199.3,30.3,76.4,164.7,199.3,0.55,1,3,0.418,1,0.521,0.5177,HIGH,DEMO
32.0,543.2,96.7,12.9,41.9,59.4,96.7,0.502,0,1,0.571,2,0.156,0.314,MEDIUM,DEMO
42.7,1456.3,84.8,11.0,49.7,67.7,84.8,0.395,0,1,0.126,1,0.209,0.3931,MEDIUM,DEMO
38.7,3041.9,95.9,11.4,38.2,78.8,95.9,0.363,0,0,0.762,3,0.486,0.3439,MEDIUM,DEMO
37.6,201.9,64.7,9.9,22.2,43.2,64.7,0.345,0,2,0.326,2,0.068,0.2347,LOW,DEMO
28.9,571.2,49.5,7.5,15.2,31.9,49.5,0.332,0,0,0.175,1,0.265,0.231,LOW,DEMO
47.3,670.2,153.8,19.4,91.7,128.5,153.8,0.573,0,1,0.696,0,0.364,0.561,HIGH,DEMO
32.6,504.9,33.5,6.8,18.3,24.8,33.5,0.278,0,1,0.37,1,0.384,0.2074,LOW,DEMO
58.6,486.2,35.8,2.9,12.6,23.8,35.8,0.447,0,0,0.551,1,0.279,0.3865,MEDIUM,DEMO
38.1,128.3,73.2,12.6,31.2,57.7,73.2,0.339,1,3,0.761,2,0.285,0.2494,LOW,DEMO
19.3,1121.2,42.6,3.1,15.3,27.3,42.6,0.36,1,2,0.71,2,0.015,0.1031,LOW,DEMO
39.7,595.8,21.7,1.6,7.9,13.1,21.7,0.192,1,0,0.376,1,0.451,0.2104,LOW,DEMO
27.9,275.0,34.9,7.0,16.3,24.9,34.9,0.309,0,1,0.78,1,0.224,0.1673,LOW,DEMO
40.1,1603.7,43.5,4.2,18.8,31.3,43.5,0.349,3,0,0.416,2,0.317,0.2421,LOW,DEMO
15.6,1540.1,99.5,17.0,58.4,79.4,99.5,0.379,1,3,0.5,1,0.076,0.2336,LOW,DEMO
21.8,679.7,69.5,11.2,22.9,47.7,69.5,0.454,2,0,0.585,0,0.19,0.1971,LOW,DEMO
48.1,399.0,138.1,37.5,75.6,109.7,138.1,0.528,2,3,0.174,3,0.21,0.5263,HIGH,DEMO
24.2,994.7,33.4,2.9,11.8,21.5,33.4,0.296,1,0,0.574,3,0.176,0.1333,LOW,DEMO
47.0,385.9,37.9,5.7,15.4,27.4,37.9,0.342,1,0,0.559,1,0.068,0.2833,MEDIUM,DEMO
26.3,322.3,90.0,13.4,36.5,55.1,90.0,0.387,2,1,0.784,3,0.18,0.2434,LOW,DEMO
38.4,1260.1,48.0,7.8,23.3,32.0,48.0,0.402,1,0,0.389,0,0.169,0.2304,LOW,DEMO
40.4,117.0,62.4,16.0,33.5,50.4,62.4,0.417,2,3,0.304,0,0.102,0.2626,MEDIUM,DEMO
33.9,169.6,35.2,6.3,14.8,21.6,35.2,0.334,2,0,0.482,1,0.199,0.2125,LOW,DEMO
27.2,86.1,33.4,7.7,17.9,26.5,33.4,0.343,1,3,0.642,3,0.17,0.1269,LOW,DEMO
23.6,229.4,46.7,4.6,16.2,29.7,46.7,0.263,0,3,0.547,1,0.6,0.146,LOW,DEMO
12.3,144.3,143.1,17.9,54.3,80.2,143.1,0.589,1,2,0.225,0,0.402,0.3256,MEDIUM,DEMO
27.2,4200.0,27.5,3.8,11.0,16.0,27.5,0.296,0,1,0.384,0,0.172,0.127,LOW,DEMO
38.8,386.7,153.3,21.0,72.3,118.6,153.3,0.586,0,1,0.168,2,0.054,0.54,HIGH,DEMO
53.9,225.5,134.9,11.8,51.8,84.8,134.9,0.538,1,1,0.682,2,0.164,0.5557,HIGH,DEMO
49.0,328.2,55.7,6.7,28.2,41.5,55.7,0.404,0,3,0.791,0,0.412,0.2427,LOW,DEMO
43.5,2555.8,79.1,10.6,41.8,60.1,79.1,0.345,3,0,0.155,1,0.225,0.3956,MEDIUM,DEMO
44.5,740.9,94.7,8.9,34.1,61.9,94.7,0.38,2,0,0.519,3,0.376,0.3778,MEDIUM,DEMO
39.2,488.5,118.0,15.4,56.4,81.7,118.0,0.582,1,3,0.55,1,0.134,0.4,MEDIUM,DEMO
25.5,1940.0,37.9,4.9,17.6,25.4,37.9,0.244,0,0,0.454,0,0.113,0.1363,LOW,DEMO
51.4,532.3,126.6,18.5,54.9,105.6,126.6,0.43,0,0,0.502,3,0.145,0.5654,HIGH,DEMO
39.5,447.2,83.3,12.6,35.8,53.8,83.3,0.407,2,1,0.66,1,0.333,0.3529,MEDIUM,DEMO
35.5,289.1,40.0,3.6,12.2,24.2,40.0,0.326,1,3,0.488,0,0.097,0.133,LOW,DEMO
18.4,507.0,83.9,12.5,26.4,55.3,83.9,0.379,0,0,0.819,0,0.45,0.2074,LOW,DEMO
31.9,422.7,39.6,6.8,18.5,29.8,39.6,0.354,2,3,0.531,1,0.583,0.183,LOW,DEMO
32.3,1097.9,77.3,18.5,42.4,58.7,77.3,0.439,1,0,0.175,2,0.211,0.3574,MEDIUM,DEMO
48.6,387.7,57.4,10.4,21.9,47.5,57.4,0.356,1,2,0.845,2,0.415,0.2965,MEDIUM,DEMO
35.0,854.8,86.8,12.3,49.3,70.7,86.8,0.398,3,0,0.232,1,0.31,0.3633,MEDIUM,DEMO
29.8,141.3,90.1,11.3,34.5,57.3,90.1,0.416,0,0,0.716,2,0.146,0.2738,MEDIUM,DEMO
58.2,271.1,166.0,26.6,80.7,114.0,166.0,0.533,2,2,0.52,1,0.301,0.6912,HIGH,DEMO
18.4,550.9,113.8,19.0,61.9,88.1,113.8,0.376,3,1,0.683,2,0.552,0.3153,MEDIUM,DEMO
31.2,2567.4,101.6,12.1,59.7,83.8,101.6,0.454,0,0,0.51,0,0.374,0.3033,MEDIUM,DEMO
13.3,506.3,20.7,4.1,9.2,13.4,20.7,0.327,3,1,0.165,0,0.46,0.1165,LOW,DEMO
42.3,1061.8,140.3,15.7,67.4,95.9,140.3,0.503,1,1,0.405,3,0.258,0.4977,MEDIUM,DEMO
52.3,345.0,59.1,12.1,24.4,48.5,59.1,0.247,3,0,0.592,0,0.09,0.3501,MEDIUM,DEMO
26.3,202.3,35.2,5.4,12.5,23.2,35.2,0.287,1,0,0.598,0,0.162,0.1369,LOW,DEMO
48.3,134.3,244.8,33.2,88.8,169.9,244.8,0.75,3,1,0.86,0,0.312,0.6664,HIGH,DEMO
26.8,408.0,48.0,6.5,26.5,39.4,48.0,0.267,2,0,0.581,1,0.138,0.1859,LOW,DEMO
51.7,234.4,176.9,24.6,69.4,139.8,176.9,0.613,2,1,0.338,0,0.21,0.6613,HIGH,DEMO
42.9,252.1,95.5,8.4,30.0,59.5,95.5,0.405,2,2,0.153,1,0.226,0.348,MEDIUM,DEMO
45.3,1367.3,108.9,13.9,50.3,70.5,108.9,0.451,1,2,0.719,3,0.116,0.3656,MEDIUM,DEMO
10.4,94.4,77.7,15.1,33.7,51.0,77.7,0.36,1,1,0.796,2,0.259,0.2136,LOW,DEMO
56.4,814.4,40.7,7.5,23.9,33.6,40.7,0.269,1,1,0.586,0,0.149,0.314,MEDIUM,DEMO
41.7,509.5,122.1,17.1,51.0,103.7,122.1,0.548,1,0,0.487,0,0.009,0.4449,MEDIUM,DEMO
27.2,715.7,91.2,18.4,40.6,71.3,91.2,0.46,2,3,0.774,0,0.291,0.2321,LOW,DEMO
46.6,824.7,90.3,7.6,33.6,62.8,90.3,0.45,2,1,0.303,0,0.172,0.3474,MEDIUM,DEMO
26.4,418.4,82.2,7.8,20.6,45.5,82.2,0.448,1,0,0.423,0,0.469,0.232,LOW,DEMO
49.1,394.7,65.9,10.0,26.8,50.0,65.9,0.397,1,0,0.506,3,0.248,0.3706,MEDIUM,DEMO
18.5,1269.8,122.6,15.1,46.1,81.8,122.6,0.525,2,1,0.158,0,0.125,0.2977,MEDIUM,DEMO
40.8,1925.1,107.1,17.0,37.8,79.2,107.1,0.416,1,1,0.643,1,0.176,0.4308,MEDIUM,DEMO
34.8,272.5,131.1,28.7,59.5,95.9,131.1,0.562,2,0,0.263,1,0.685,0.5404,HIGH,DEMO
17.5,172.4,67.9,9.0,26.6,47.1,67.9,0.44,0,1,0.373,2,0.406,0.2051,LOW,DEMO
24.8,2132.7,64.2,8.4,24.8,53.5,64.2,0.388,0,1,0.435,2,0.22,0.2028,LOW,DEMO
9.5,467.6,54.0,7.0,19.9,30.1,54.0,0.336,2,0,0.605,3,0.357,0.1585,LOW,DEMO
32.6,801.3,83.8,17.8,42.8,64.0,83.8,0.344,0,1,0.17,0,0.282,0.3147,MEDIUM,DEMO
27.1,481.0,21.5,4.1,10.1,14.5,21.5,0.301,0,0,0.379,0,0.403,0.1385,LOW,DEMO
36.8,201.0,316.0,38.4,143.8,241.5,316.0,0.921,2,0,0.329,0,0.168,0.662,HIGH,DEMO
26.9,881.0,50.1,6.1,27.9,37.7,50.1,0.285,1,0,0.121,1,0.486,0.2265,LOW,DEMO
27.0,750.3,162.6,31.6,65.1,89.9,162.6,0.603,1,2,0.646,2,0.613,0.4363,MEDIUM,DEMO
42.5,284.2,58.2,6.3,22.8,37.0,58.2,0.335,3,0,0.299,0,0.243,0.2633,MEDIUM,DEMO
13.8,621.1,112.8,15.6,39.9,68.4,112.8,0.44,2,2,0.246,2,0.107,0.2549,MEDIUM,DEMO
51.1,1514.9,209.6,25.4,56.7,125.8,209.6,0.581,1,1,0.726,0,0.508,0.6774,HIGH,DEMO
47.9,883.4,108.9,16.1,55.5,83.7,108.9,0.415,1,1,0.15,2,0.197,0.507,HIGH,DEMO
39.4,171.7,202.4,30.5,78.0,125.9,202.4,0.658,2,3,0.804,2,0.269,0.5539,HIGH,DEMO
36.6,794.7,156.8,18.4,79.4,108.6,156.8,0.58,0,3,0.642,3,0.238,0.44,MEDIUM,DEMO
50.4,1171.8,38.7,7.5,15.2,24.2,38.7,0.334,1,1,0.251,1,0.259,0.3416,MEDIUM,DEMO
22.3,1496.2,123.3,14.5,66.8,89.3,123.3,0.454,0,1,0.386,0,0.44,0.3062,MEDIUM,DEMO
16.3,972.7,98.5,17.7,53.3,75.4,98.5,0.378,0,0,0.842,2,0.681,0.2958,MEDIUM,DEMO
24.7,229.1,47.3,8.2,22.6,30.7,47.3,0.341,1,3,0.59,0,0.312,0.1282,LOW,DEMO
44.8,1194.6,148.7,26.0,59.6,108.7,148.7,0.508,2,3,0.583,0,0.2,0.4571,MEDIUM,DEMO
12.5,1098.0,32.6,3.0,12.9,26.0,32.6,0.321,1,2,0.616,2,0.628,0.11,LOW,DEMO
36.3,102.3,142.9,18.9,56.9,82.6,142.9,0.499,1,0,0.472,1,0.152,0.5063,HIGH,DEMO
62.0,557.5,124.3,18.9,65.1,94.8,124.3,0.466,1,2,0.247,1,0.166,0.6428,HIGH,DEMO
48.1,444.4,84.9,8.3,28.2,54.9,84.9,0.416,2,0,0.235,3,0.608,0.4276,MEDIUM,DEMO
34.2,1076.2,51.9,9.0,20.7,30.4,51.9,0.364,0,0,0.642,0,0.061,0.1989,LOW,DEMO
15.2,299.2,122.2,11.0,54.5,87.2,122.2,0.538,1,2,0.792,1,0.292,0.2462,LOW,DEMO
46.7,884.4,16.3,2.1,4.9,10.1,16.3,0.263,0,3,0.348,1,0.088,0.1867,LOW,DEMO
36.8,2279.8,45.1,9.5,21.5,35.9,45.1,0.361,1,0,0.503,3,0.116,0.2341,LOW,DEMO
18.6,1518.7,78.5,15.2,32.2,44.2,78.5,0.486,1,0,0.874,0,0.564,0.2304,LOW,DEMO
17.3,2369.7,85.0,11.5,29.6,49.2,85.0,0.436,0,0,0.315,1,0.26,0.2616,MEDIUM,DEMO
51.6,3536.0,45.9,6.7,22.2,32.4,45.9,0.393,1,3,0.417,1,0.679,0.3323,MEDIUM,DEMO
39.4,89.7,46.7,5.1,15.6,33.9,46.7,0.306,3,1,0.396,0,0.328,0.2084,LOW,DEMO
46.6,957.3,111.1,28.0,57.1,85.4,111.1,0.42,2,1,0.145,1,0.197,0.5355,HIGH,DEMO
49.5,559.2,39.6,8.5,18.2,24.8,39.6,0.316,2,1,0.507,1,0.022,0.3098,MEDIUM,DEMO
35.9,1848.6,61.7,10.1,29.7,49.5,61.7,0.362,1,1,0.279,0,0.282,0.2446,LOW,DEMO
34.1,341.1,32.5,7.2,15.0,27.1,32.5,0.364,3,0,0.218,2,0.098,0.2118,LOW,DEMO
31.4,3648.4,81.3,16.4,36.7,56.9,81.3,0.365,0,0,0.66,1,0.371,0.3348,MEDIUM,DEMO
27.7,936.0,68.6,18.2,38.7,53.4,68.6,0.373,1,2,0.702,0,0.206,0.2026,LOW,DEMO
31.5,1499.9,15.1,2.2,5.4,10.7,15.1,0.332,1,1,0.796,0,0.176,0.1131,LOW,DEMO
43.8,160.5,27.6,4.1,9.0,15.7,27.6,0.312,3,0,0.83,0,0.333,0.1961,LOW,DEMO
36.9,262.4,168.8,25.4,54.3,109.3,168.8,0.563,1,1,0.78,3,0.183,0.5028,HIGH,DEMO
50.4,1358.4,48.7,3.8,16.8,28.0,48.7,0.352,0,0,0.213,3,0.11,0.3104,MEDIUM,DEMO
31.8,100.0,100.1,25.4,51.9,84.7,100.1,0.379,3,1,0.29,3,0.259,0.3548,MEDIUM,DEMO
37.1,1607.8,37.6,5.1,17.1,23.3,37.6,0.263,0,0,0.213,1,0.06,0.2268,LOW,DEMO
38.0,92.6,183.8,25.9,78.1,136.2,183.8,0.512,0,2,0.389,2,0.211,0.5242,HIGH,DEMO
36.6,1043.3,20.3,3.5,8.0,12.9,20.3,0.298,1,0,0.214,2,0.16,0.1884,LOW,DEMO
40.7,488.9,158.7,33.8,84.7,118.4,158.7,0.591,1,1,0.616,0,0.375,0.5219,HIGH,DEMO
24.6,930.9,84.8,13.3,28.4,52.0,84.8,0.446,2,2,0.665,1,0.067,0.2225,LOW,DEMO
33.9,1151.7,120.2,19.7,61.6,94.5,120.2,0.53,1,1,0.241,3,0.245,0.4281,MEDIUM,DEMO
18.0,457.3,170.3,21.0,67.3,99.3,170.3,0.639,1,0,0.592,0,0.348,0.4213,MEDIUM,DEMO
30.0,182.8,93.1,8.8,41.9,76.2,93.1,0.43,0,0,0.137,2,0.176,0.298,MEDIUM,DEMO
33.2,145.0,213.2,28.9,85.4,171.0,213.2,0.643,1,3,0.45,2,0.22,0.523,HIGH,DEMO
38.8,880.1,168.6,31.9,76.4,127.1,168.6,0.637,1,0,0.337,1,0.457,0.6298,HIGH,DEMO
55.1,741.8,117.9,10.9,37.4,67.2,117.9,0.434,0,2,0.879,1,0.231,0.4741,MEDIUM,DEMO
36.9,1300.0,152.6,16.8,49.5,93.5,152.6,0.474,3,3,0.821,1,0.641,0.4555,MEDIUM,DEMO
42.5,721.5,79.4,12.7,47.6,64.2,79.4,0.381,0,0,0.232,1,0.597,0.4309,MEDIUM,DEMO
33.7,574.1,41.0,6.2,14.5,24.1,41.0,0.303,2,0,0.817,0,0.251,0.1686,LOW,DEMO
38.1,536.9,289.5,26.6,122.1,172.7,289.5,0.79,3,0,0.438,2,0.075,0.6553,HIGH,DEMO
15.7,104.1,83.1,12.4,30.1,59.2,83.1,0.362,0,0,0.558,2,0.443,0.2378,LOW,DEMO
25.3,447.9,96.0,13.9,44.4,60.7,96.0,0.447,0,1,0.526,3,0.587,0.296,MEDIUM,DEMO
29.2,3437.5,28.7,2.6,12.2,17.7,28.7,0.275,1,1,0.672,0,0.278,0.123,LOW,DEMO
32.7,1941.2,176.7,40.3,88.4,127.7,176.7,0.64,1,2,0.375,0,0.426,0.4743,MEDIUM,DEMO
13.6,439.6,94.4,12.3,35.4,62.5,94.4,0.366,2,3,0.173,0,0.221,0.1838,LOW,DEMO
20.1,877.6,111.0,14.9,39.2,65.8,111.0,0.449,1,1,0.437,1,0.376,0.3219,MEDIUM,DEMO
26.2,1771.3,120.6,22.6,53.8,85.7,120.6,0.457,3,2,0.534,0,0.149,0.2784,MEDIUM,DEMO
57.5,603.9,47.7,8.7,21.8,31.8,47.7,0.35,3,0,0.542,1,0.078,0.4176,MEDIUM,DEMO
28.2,96.3,173.8,39.6,94.4,133.9,173.8,0.619,3,0,0.722,1,0.74,0.5544,HIGH,DEMO
33.0,149.7,101.0,11.9,27.8,58.7,101.0,0.451,0,0,0.154,0,0.644,0.3522,MEDIUM,DEMO
22.8,722.7,16.0,3.2,8.5,11.8,16.0,0.273,0,1,0.871,2,0.262,0.1093,LOW,DEMO
37.2,3219.2,152.9,23.6,76.2,104.1,152.9,0.569,0,3,0.873,3,0.282,0.4232,MEDIUM,DEMO
26.3,1143.4,74.6,8.6,31.5,50.1,74.6,0.431,2,3,0.195,0,0.142,0.1735,LOW,DEMO
23.3,146.2,51.4,7.6,16.1,31.8,51.4,0.359,0,0,0.381,2,0.318,0.1936,LOW,DEMO
34.1,268.9,22.2,4.2,8.6,12.4,22.2,0.311,2,0,0.569,1,0.009,0.1732,LOW,DEMO
8.0,1407.9,61.7,9.4,30.5,49.6,61.7,0.397,1,0,0.404,2,0.432,0.2023,LOW,DEMO
8.5,1737.5,57.1,6.0,25.7,37.0,57.1,0.274,1,0,0.491,2,0.106,0.155,LOW,DEMO
23.8,945.4,163.2,22.8,85.5,123.1,163.2,0.535,1,0,0.368,0,0.201,0.4193,MEDIUM,DEMO
12.7,1010.6,53.9,8.6,21.4,45.0,53.9,0.369,1,0,0.661,2,0.106,0.1623,LOW,DEMO
18.2,105.9,26.2,3.0,11.9,18.8,26.2,0.284,0,0,0.397,0,0.137,0.1087,LOW,DEMO
28.4,1667.0,111.8,19.3,44.5,74.8,111.8,0.443,1,0,0.447,3,0.116,0.3553,MEDIUM,DEMO
45.2,1477.2,168.2,37.1,77.8,106.0,168.2,0.581,1,0,0.558,0,0.306,0.5906,HIGH,DEMO
35.9,349.8,64.6,14.1,28.9,53.6,64.6,0.39,2,1,0.857,0,0.267,0.2456,LOW,DEMO
33.9,1190.0,238.6,18.7,92.1,180.0,238.6,0.716,1,1,0.608,0,0.414,0.5675,HIGH,DEMO
26.8,297.7,151.8,39.9,81.8,113.8,151.8,0.492,2,3,0.194,2,0.525,0.4123,MEDIUM,DEMO
53.4,117.0,177.3,25.1,59.4,120.2,177.3,0.508,2,1,0.362,1,0.368,0.7171,HIGH,DEMO
30.4,282.1,109.8,13.0,57.9,88.2,109.8,0.494,1,1,0.439,3,0.1,0.3179,MEDIUM,DEMO
16.9,257.1,102.2,13.7,42.2,78.1,102.2,0.403,1,0,0.683,1,0.085,0.2653,MEDIUM,DEMO
37.5,450.9,52.3,8.4,20.6,33.2,52.3,0.306,1,0,0.46,0,0.097,0.2195,LOW,DEMO
18.6,567.9,207.1,46.7,96.0,151.1,207.1,0.589,0,1,0.621,2,0.356,0.4804,MEDIUM,DEMO
28.6,719.3,186.7,18.2,72.9,126.8,186.7,0.654,2,0,0.758,0,0.647,0.5218,HIGH,DEMO
33.8,662.9,209.8,20.5,86.0,115.8,209.8,0.65,3,2,0.199,0,0.342,0.5259,HIGH,DEMO
49.2,364.1,79.7,10.6,30.9,63.2,79.7,0.415,1,2,0.702,0,0.232,0.3069,MEDIUM,DEMO
33.3,106.6,65.3,10.7,21.7,38.3,65.3,0.406,3,2,0.687,0,0.301,0.1918,LOW,DEMO
40.7,916.2,129.8,26.0,52.8,91.2,129.8,0.489,2,1,0.743,0,0.119,0.4224,MEDIUM,DEMO
61.2,533.4,59.0,6.6,24.6,38.4,59.0,0.41,1,2,0.847,0,0.197,0.3318,MEDIUM,DEMO
19.6,399.3,80.3,8.9,30.0,52.4,80.3,0.339,1,1,0.355,1,0.374,0.2288,LOW,DEMO
26.1,1895.3,17.7,2.8,5.9,12.3,17.7,0.229,0,1,0.446,1,0.26,0.1368,LOW,DEMO
30.3,1316.0,96.4,25.3,60.1,81.8,96.4,0.372,0,1,0.32,0,0.133,0.3056,MEDIUM,DEMO
31.1,1835.3,117.7,22.4,45.5,79.1,117.7,0.49,1,0,0.369,1,0.183,0.4304,MEDIUM,DEMO
30.8,694.8,179.7,28.1,60.1,108.7,179.7,0.609,1,0,0.371,0,0.512,0.5307,HIGH,DEMO
51.5,206.3,132.9,15.1,57.0,97.5,132.9,0.473,1,1,0.781,3,0.086,0.5187,HIGH,DEMO
41.2,1152.3,147.0,20.1,47.0,91.3,147.0,0.511,2,0,0.168,0,0.324,0.5334,HIGH,DEMO
37.1,287.7,229.2,13.7,64.0,133.3,229.2,0.739,0,3,0.274,3,0.099,0.531,HIGH,DEMO
27.4,603.8,45.6,5.7,12.7,25.8,45.6,0.3,1,0,0.584,1,0.104,0.1812,LOW,DEMO
46.3,140.5,39.9,4.2,11.1,22.2,39.9,0.339,1,0,0.702,2,0.125,0.2515,MEDIUM,DEMO
55.6,1650.3,92.1,15.5,31.9,62.6,92.1,0.387,0,1,0.65,0,0.239,0.4724,MEDIUM,DEMO
46.2,201.1,36.3,6.9,14.2,24.6,36.3,0.372,3,2,0.155,0,0.092,0.2174,LOW,DEMO
6.6,2180.6,100.5,8.3,38.8,60.9,100.5,0.468,2,0,0.465,3,0.155,0.2249,LOW,DEMO
38.2,1877.1,37.3,4.6,18.7,29.3,37.3,0.249,0,0,0.26,1,0.391,0.2449,LOW,DEMO
14.1,642.2,43.4,4.0,11.5,25.5,43.4,0.317,2,1,0.871,1,0.381,0.1347,LOW,DEMO
25.4,1307.6,22.4,6.2,13.4,18.5,22.4,0.188,1,1,0.879,3,0.167,0.1199,LOW,DEMO
14.8,949.5,95.4,21.5,48.3,69.3,95.4,0.472,1,2,0.159,0,0.187,0.2307,LOW,DEMO
37.0,1542.4,29.9,6.0,12.4,16.7,29.9,0.408,3,2,0.627,0,0.452,0.1574,LOW,DEMO
40.1,588.8,113.1,20.4,52.9,94.9,113.1,0.351,2,2,0.738,1,0.444,0.4036,MEDIUM,DEMO
18.6,1466.8,124.9,14.4,52.1,80.3,124.9,0.411,3,0,0.367,1,0.331,0.3467,MEDIUM,DEMO
29.9,638.7,49.4,3.5,16.9,33.9,49.4,0.35,3,0,0.647,2,0.333,0.1838,LOW,DEMO
32.2,2626.7,135.8,16.0,60.0,86.3,135.8,0.501,0,3,0.263,3,0.088,0.3558,MEDIUM,DEMO
29.5,679.6,126.5,19.5,48.4,97.2,126.5,0.464,0,0,0.217,0,0.258,0.3911,MEDIUM,DEMO
19.0,638.9,156.8,28.5,59.7,109.1,156.8,0.454,1,0,0.823,2,0.181,0.3775,MEDIUM,DEMO
31.1,1463.7,46.4,4.8,16.4,27.4,46.4,0.352,2,2,0.608,1,0.276,0.165,LOW,DEMO
42.8,1631.2,45.1,7.6,16.5,26.2,45.1,0.378,2,1,0.741,2,0.27,0.2542,MEDIUM,DEMO
15.7,807.7,120.9,18.3,57.3,92.8,120.9,0.617,2,1,0.525,0,0.035,0.2961,MEDIUM,DEMO
16.4,258.4,91.3,8.0,27.3,56.7,91.3,0.485,1,0,0.238,1,0.019,0.2412,LOW,DEMO
29.0,647.6,96.9,11.7,33.0,57.3,96.9,0.365,2,0,0.406,0,0.441,0.2813,MEDIUM,DEMO
54.3,3179.9,183.4,31.0,93.3,128.3,183.4,0.59,2,2,0.79,1,0.426,0.6848,HIGH,DEMO
39.4,1338.5,26.3,7.0,14.8,20.8,26.3,0.328,1,0,0.132,0,0.302,0.2175,LOW,DEMO
39.8,1580.2,141.6,19.2,56.3,89.7,141.6,0.479,0,1,0.277,3,0.409,0.5145,HIGH,DEMO
29.2,110.0,126.6,14.1,49.8,80.1,126.6,0.524,2,2,0.312,1,0.505,0.3731,MEDIUM,DEMO
36.6,647.8,117.8,20.6,45.6,94.3,117.8,0.504,2,3,0.32,1,0.498,0.4299,MEDIUM,DEMO
9.1,1016.2,149.2,22.6,45.2,88.7,149.2,0.589,1,3,0.195,3,0.245,0.3428,MEDIUM,DEMO
38.2,1674.9,72.2,11.0,27.9,53.0,72.2,0.424,0,3,0.765,1,0.475,0.2715,MEDIUM,DEMO
51.9,125.5,35.4,4.9,17.6,29.6,35.4,0.33,1,0,0.241,2,0.238,0.3253,MEDIUM,DEMO
37.3,1802.2,53.8,7.9,28.9,43.2,53.8,0.318,2,3,0.751,0,0.407,0.1747,LOW,DEMO
49.2,795.5,49.1,3.6,16.4,27.9,49.1,0.276,3,1,0.39,2,0.168,0.284,MEDIUM,DEMO
41.6,277.8,7.5,0.5,2.4,4.8,7.5,0.275,3,3,0.468,0,0.188,0.1191,LOW,DEMO
19.0,423.5,117.9,19.3,40.7,69.9,117.9,0.449,1,0,0.472,2,0.485,0.3554,MEDIUM,DEMO
51.1,378.1,65.9,6.3,27.4,55.0,65.9,0.357,3,0,0.662,3,0.137,0.3367,MEDIUM,DEMO
15.4,761.2,73.0,14.4,41.7,61.8,73.0,0.442,0,1,0.676,0,0.16,0.187,LOW,DEMO
34.6,127.8,56.1,7.1,17.4,34.8,56.1,0.423,3,2,0.607,3,0.067,0.1787,LOW,DEMO
20.2,235.4,80.6,16.4,36.0,60.5,80.6,0.338,1,1,0.708,1,0.229,0.2514,MEDIUM,DEMO
9.4,1587.5,199.8,26.5,105.5,160.3,199.8,0.61,2,3,0.126,1,0.253,0.465,MEDIUM,DEMO
31.1,208.0,22.1,2.4,7.1,13.7,22.1,0.269,0,0,0.504,1,0.027,0.154,LOW,DEMO
26.9,319.2,222.0,17.5,63.6,134.6,222.0,0.678,3,0,0.518,1,0.379,0.5821,HIGH,DEMO
33.1,623.6,94.8,9.0,32.5,52.5,94.8,0.313,1,2,0.302,3,0.394,0.2518,MEDIUM,DEMO
36.1,735.2,58.8,5.4,18.5,39.6,58.8,0.286,0,1,0.543,3,0.075,0.2028,LOW,DEMO
13.4,1378.0,63.8,12.3,32.7,52.3,63.8,0.363,1,1,0.475,1,0.317,0.2116,LOW,DEMO
19.1,613.7,42.8,4.9,23.7,35.1,42.8,0.369,0,2,0.479,1,0.338,0.1348,LOW,DEMO
35.4,1484.0,16.0,1.7,5.2,9.4,16.0,0.284,1,2,0.21,0,0.329,0.1245,LOW,DEMO
28.6,946.9,37.5,3.5,13.7,22.9,37.5,0.353,1,0,0.451,0,0.376,0.1546,LOW,DEMO
41.8,188.0,80.8,19.4,39.6,54.3,80.8,0.41,1,2,0.702,1,0.09,0.3458,MEDIUM,DEMO
38.8,233.0,69.0,12.0,32.0,54.1,69.0,0.442,2,0,0.432,0,0.188,0.2924,MEDIUM,DEMO
47.5,597.1,108.7,27.5,59.7,79.8,108.7,0.526,3,1,0.49,1,0.599,0.5621,HIGH,DEMO
40.3,535.1,56.5,5.1,19.8,39.8,56.5,0.317,1,0,0.855,2,0.359,0.2442,LOW,DEMO
31.4,1304.7,51.2,10.9,24.7,37.3,51.2,0.389,0,0,0.783,1,0.928,0.2801,MEDIUM,DEMO
39.6,862.3,267.7,32.5,100.1,154.9,267.7,0.773,1,1,0.826,1,0.263,0.653,HIGH,DEMO
26.1,522.1,43.6,5.5,21.5,30.2,43.6,0.456,0,0,0.179,2,0.142,0.1917,LOW,DEMO
27.3,248.5,45.6,7.9,18.5,38.7,45.6,0.295,2,0,0.59,0,0.137,0.1601,LOW,DEMO
44.6,311.5,147.7,19.5,45.5,85.1,147.7,0.518,1,1,0.29,1,0.235,0.5904,HIGH,DEMO
31.9,851.2,126.3,21.8,43.6,89.1,126.3,0.433,2,1,0.427,0,0.046,0.3583,MEDIUM,DEMO
45.0,575.6,61.7,12.5,28.8,39.4,61.7,0.316,0,0,0.637,1,0.387,0.3705,MEDIUM,DEMO
46.2,731.1,132.8,13.3,54.6,94.5,132.8,0.516,2,0,0.56,1,0.12,0.5271,HIGH,DEMO
48.2,248.4,87.2,13.5,45.5,63.0,87.2,0.422,3,0,0.504,0,0.163,0.4004,MEDIUM,DEMO
52.2,1058.7,56.9,7.4,22.2,41.2,56.9,0.383,1,0,0.739,0,0.288,0.3256,MEDIUM,DEMO
31.4,1802.8,121.1,11.3,47.6,97.5,121.1,0.501,3,0,0.639,0,0.267,0.3212,MEDIUM,DEMO
27.7,348.5,81.7,12.8,29.4,54.5,81.7,0.39,0,0,0.744,3,0.242,0.2527,MEDIUM,DEMO
36.2,688.7,17.0,2.7,7.5,12.0,17.0,0.269,0,3,0.828,1,0.021,0.1235,LOW,DEMO
29.5,3419.2,121.2,22.8,47.2,67.0,121.2,0.426,3,0,0.661,2,0.463,0.3989,MEDIUM,DEMO
36.9,444.8,74.0,12.4,32.9,58.3,74.0,0.352,2,0,0.421,3,0.214,0.3049,MEDIUM,DEMO
40.9,893.6,190.4,30.9,86.6,119.5,190.4,0.601,0,1,0.282,0,0.204,0.5923,HIGH,DEMO
40.2,165.1,136.5,12.6,56.8,108.5,136.5,0.513,1,0,0.326,3,0.071,0.4546,MEDIUM,DEMO
29.6,918.3,91.7,9.3,38.0,57.7,91.7,0.456,1,0,0.421,1,0.395,0.3144,MEDIUM,DEMO
21.4,164.5,62.9,10.6,23.3,34.8,62.9,0.397,2,2,0.682,3,0.333,0.1615,LOW,DEMO
31.4,2959.9,80.2,12.7,25.5,47.9,80.2,0.477,2,1,0.151,0,0.347,0.2851,MEDIUM,DEMO
20.2,1211.8,42.0,5.3,16.3,35.5,42.0,0.279,0,0,0.739,0,0.495,0.1339,LOW,DEMO
50.2,1476.7,91.6,14.7,33.1,59.2,91.6,0.409,2,1,0.696,0,0.34,0.4195,MEDIUM,DEMO
28.7,1176.0,199.0,20.9,53.8,116.0,199.0,0.575,1,0,0.5,2,0.074,0.5349,HIGH,DEMO
20.8,881.8,238.2,49.0,100.5,139.5,238.2,0.756,1,0,0.424,0,0.045,0.497,MEDIUM,DEMO
11.4,617.9,165.0,21.2,78.1,106.1,165.0,0.531,1,0,0.206,2,0.362,0.4486,MEDIUM,DEMO
38.5,1839.1,88.3,12.1,33.2,49.6,88.3,0.472,1,2,0.34,0,0.466,0.2943,MEDIUM,DEMO
38.2,2908.5,26.2,4.0,12.3,18.4,26.2,0.371,0,2,0.203,0,0.102,0.1488,LOW,DEMO
28.5,702.1,77.0,9.0,24.7,47.3,77.0,0.414,1,3,0.742,0,0.311,0.1698,LOW,DEMO
15.8,2493.3,142.0,13.3,47.3,100.2,142.0,0.528,0,0,0.507,2,0.437,0.3555,MEDIUM,DEMO
30.8,867.9,132.4,18.9,54.2,78.4,132.4,0.498,0,1,0.308,3,0.121,0.4083,MEDIUM,DEMO
27.5,775.7,72.3,11.7,30.3,49.1,72.3,0.368,1,0,0.134,3,0.363,0.2693,MEDIUM,DEMO
39.7,625.4,68.4,7.3,32.7,49.9,68.4,0.355,0,2,0.518,0,0.244,0.2105,LOW,DEMO
37.1,291.3,103.4,17.0,40.2,58.8,103.4,0.435,1,0,0.692,0,0.067,0.3474,MEDIUM,DEMO
29.3,83.4,83.5,13.2,32.0,55.9,83.5,0.496,0,0,0.703,2,0.418,0.3018,MEDIUM,DEMO
23.8,328.8,76.8,11.3,24.3,49.2,76.8,0.34,1,0,0.283,1,0.049,0.2513,MEDIUM,DEMO
60.1,721.5,74.3,10.4,31.8,46.2,74.3,0.398,3,0,0.876,1,0.109,0.4931,MEDIUM,DEMO
32.1,510.2,179.0,16.8,76.7,130.9,179.0,0.618,0,2,0.552,3,0.4,0.4703,MEDIUM,DEMO
40.2,615.6,37.9,6.5,19.2,27.5,37.9,0.306,1,0,0.372,0,0.107,0.2103,LOW,DEMO
20.1,3630.5,65.7,6.8,28.2,48.6,65.7,0.393,2,1,0.419,1,0.399,0.2028,LOW,DEMO
33.1,468.1,68.3,8.3,21.0,40.8,68.3,0.302,0,2,0.215,0,0.312,0.1956,LOW,DEMO
11.7,621.6,89.8,6.1,28.6,57.1,89.8,0.483,1,2,0.495,1,0.491,0.1955,LOW,DEMO
33.7,209.0,81.8,10.5,33.7,50.1,81.8,0.458,1,3,0.693,1,0.438,0.2606,MEDIUM,DEMO
56.6,124.2,78.3,7.8,34.7,55.7,78.3,0.39,0,0,0.431,3,0.376,0.4594,MEDIUM,DEMO
29.9,1424.1,39.7,3.1,15.6,27.3,39.7,0.28,3,0,0.779,1,0.287,0.1714,LOW,DEMO
12.9,841.0,81.7,15.5,31.7,53.0,81.7,0.441,0,0,0.482,3,0.08,0.2359,LOW,DEMO
12.1,1367.1,119.2,28.7,57.6,93.7,119.2,0.414,1,0,0.804,0,0.197,0.2716,MEDIUM,DEMO
30.1,226.1,91.8,10.2,27.7,53.1,91.8,0.37,0,2,0.654,2,0.097,0.2189,LOW,DEMO
21.1,843.4,37.4,4.8,17.7,31.5,37.4,0.317,1,1,0.162,2,0.398,0.1593,LOW,DEMO
11.2,343.3,86.2,12.8,27.1,50.4,86.2,0.486,1,1,0.171,2,0.058,0.2428,LOW,DEMO
43.0,313.0,82.7,17.5,36.6,64.7,82.7,0.436,1,1,0.728,2,0.296,0.3977,MEDIUM,DEMO
32.3,90.4,64.0,11.6,25.4,42.3,64.0,0.337,2,3,0.391,2,0.435,0.2254,LOW,DEMO
26.6,205.7,92.5,13.7,37.6,74.9,92.5,0.338,2,0,0.264,2,0.234,0.3007,MEDIUM,DEMO
50.9,413.0,52.4,3.8,17.0,30.0,52.4,0.349,1,0,0.778,3,0.357,0.3022,MEDIUM,DEMO
18.7,191.9,122.4,10.4,45.9,81.1,122.4,0.49,2,3,0.867,0,0.339,0.198,LOW,DEMO
55.7,3912.8,229.6,37.5,80.0,149.4,229.6,0.673,2,0,0.735,0,0.25,0.728,HIGH,DEMO
27.6,412.2,128.9,37.9,81.9,109.3,128.9,0.58,3,2,0.671,2,0.544,0.369,MEDIUM,DEMO
50.1,205.7,46.5,6.1,18.6,39.4,46.5,0.33,1,2,0.121,0,0.043,0.2483,LOW,DEMO
37.0,279.8,118.3,13.8,46.2,71.8,118.3,0.356,3,3,0.201,2,0.354,0.3586,MEDIUM,DEMO
46.5,877.4,136.8,20.0,50.8,101.1,136.8,0.484,1,0,0.63,0,0.052,0.5036,HIGH,DEMO
59.4,139.6,102.4,22.6,51.1,72.7,102.4,0.463,2,3,0.431,0,0.321,0.5277,HIGH,DEMO
26.6,1865.3,109.0,19.8,47.1,65.0,109.0,0.472,1,0,0.135,2,0.202,0.3824,MEDIUM,DEMO
56.2,3011.4,76.9,10.1,26.3,46.1,76.9,0.384,3,0,0.683,0,0.117,0.4101,MEDIUM,DEMO
30.1,335.0,33.0,5.3,19.5,28.0,33.0,0.294,1,0,0.438,0,0.128,0.1511,LOW,DEMO
30.0,618.2,73.5,7.4,26.4,50.4,73.5,0.286,2,0,0.621,0,0.301,0.2038,LOW,DEMO
28.5,100.1,41.6,5.0,12.0,24.5,41.6,0.332,1,3,0.476,0,0.157,0.1202,LOW,DEMO
34.9,1001.3,69.3,10.2,23.2,42.6,69.3,0.362,3,2,0.14,3,0.216,0.237,LOW,DEMO
20.8,560.9,55.7,4.6,19.4,35.1,55.7,0.366,3,1,0.603,1,0.176,0.1625,LOW,DEMO
35.3,363.3,39.6,4.1,15.9,27.9,39.6,0.348,0,0,0.719,3,0.15,0.1799,LOW,DEMO
34.9,288.6,174.8,25.8,63.9,113.7,174.8,0.637,1,1,0.239,2,0.259,0.5692,HIGH,DEMO
43.3,1035.2,80.7,10.1,31.8,55.4,80.7,0.352,0,0,0.797,3,0.095,0.3135,MEDIUM,DEMO
46.9,564.4,57.0,8.4,22.7,34.2,57.0,0.291,0,0,0.258,1,0.555,0.3804,MEDIUM,DEMO
31.7,258.2,23.1,3.0,7.8,15.0,23.1,0.264,3,1,0.441,0,0.446,0.1409,LOW,DEMO
27.1,1131.5,132.5,14.9,34.5,75.7,132.5,0.459,1,2,0.521,0,0.308,0.2904,MEDIUM,DEMO
25.5,829.3,93.8,20.2,45.7,76.6,93.8,0.383,1,1,0.359,1,0.089,0.3204,MEDIUM,DEMO
22.8,1841.0,249.1,25.2,88.8,151.8,249.1,0.785,2,1,0.5,0,0.643,0.539,HIGH,DEMO
14.7,192.5,49.4,6.5,18.0,38.4,49.4,0.349,1,1,0.666,0,0.033,0.1197,LOW,DEMO
28.6,1466.2,166.4,12.7,53.4,108.9,166.4,0.658,1,0,0.663,0,0.366,0.4249,MEDIUM,DEMO
25.9,1087.4,73.4,13.9,30.7,50.8,73.4,0.386,0,2,0.821,1,0.278,0.2152,LOW,DEMO
56.8,190.0,43.3,6.5,14.4,27.6,43.3,0.272,1,2,0.775,1,0.217,0.3159,MEDIUM,DEMO
35.4,1148.2,61.6,9.7,33.3,46.8,61.6,0.324,0,1,0.869,3,0.203,0.2209,LOW,DEMO
28.7,604.3,87.1,8.7,35.1,69.9,87.1,0.463,0,0,0.572,0,0.494,0.2505,MEDIUM,DEMO
36.2,2690.1,57.1,3.7,16.6,36.3,57.1,0.299,1,1,0.424,1,0.081,0.2196,LOW,DEMO
20.0,217.4,34.0,4.6,12.4,21.1,34.0,0.341,3,0,0.302,1,0.164,0.1575,LOW,DEMO
31.8,1006.6,42.2,5.4,23.7,31.8,42.2,0.31,0,2,0.305,0,0.543,0.1555,LOW,DEMO
37.8,513.1,111.9,17.6,43.6,68.1,111.9,0.411,2,0,0.235,2,0.575,0.4757,MEDIUM,DEMO
33.2,2908.0,38.3,6.4,15.8,28.4,38.3,0.39,2,0,0.672,1,0.235,0.2102,LOW,DEMO
30.5,440.4,52.0,5.3,13.7,30.0,52.0,0.317,0,3,0.617,1,0.19,0.1601,LOW,DEMO
61.5,3027.6,39.4,8.0,17.3,29.0,39.4,0.282,2,1,0.342,2,0.053,0.3995,MEDIUM,DEMO
49.6,2165.8,95.3,10.8,34.3,67.1,95.3,0.423,1,2,0.798,0,0.415,0.3438,MEDIUM,DEMO
37.7,363.7,322.2,57.1,121.3,188.2,322.2,0.823,2,1,0.54,0,0.399,0.6275,HIGH,DEMO
35.8,1544.6,109.1,10.7,50.8,81.2,109.1,0.563,3,0,0.172,0,0.397,0.3751,MEDIUM,DEMO
37.6,4200.0,47.8,4.0,17.3,32.7,47.8,0.392,1,0,0.167,1,0.167,0.2543,MEDIUM,DEMO
23.1,342.1,95.2,8.9,27.6,58.6,95.2,0.397,2,2,0.229,1,0.181,0.2268,LOW,DEMO
30.3,596.7,49.9,8.4,22.1,32.7,49.9,0.319,1,2,0.281,0,0.222,0.1591,LOW,DEMO
13.0,740.9,89.6,8.2,39.1,62.5,89.6,0.316,1,0,0.794,0,0.106,0.167,LOW,DEMO
32.8,394.5,187.3,28.1,76.0,108.2,187.3,0.605,0,0,0.712,0,0.176,0.5081,HIGH,DEMO
34.9,93.8,77.9,10.1,34.4,65.2,77.9,0.357,2,2,0.273,0,0.509,0.2383,LOW,DEMO
24.2,303.8,99.4,22.4,48.1,74.5,99.4,0.439,1,3,0.309,0,0.025,0.2367,LOW,DEMO
56.6,378.1,80.1,8.1,22.6,46.5,80.1,0.3,1,2,0.604,1,0.248,0.4032,MEDIUM,DEMO
51.6,607.6,139.6,22.5,59.8,111.2,139.6,0.508,2,1,0.782,0,0.046,0.5342,HIGH,DEMO
41.5,248.9,120.4,24.4,50.4,77.9,120.4,0.559,2,3,0.361,2,0.5,0.4626,MEDIUM,DEMO
34.6,1939.0,63.5,13.9,32.3,46.3,63.5,0.371,3,0,0.519,1,0.327,0.3143,MEDIUM,DEMO
49.0,1178.4,120.5,13.8,41.7,76.3,120.5,0.435,0,0,0.797,1,0.347,0.5224,HIGH,DEMO
19.5,160.1,90.1,16.4,47.9,69.4,90.1,0.416,1,0,0.706,0,0.148,0.2342,LOW,DEMO
44.6,1025.1,60.0,11.9,30.1,46.0,60.0,0.358,3,3,0.798,1,0.362,0.2889,MEDIUM,DEMO
19.2,1034.3,60.7,6.3,24.1,43.5,60.7,0.472,0,3,0.331,1,0.117,0.157,LOW,DEMO
44.8,2895.7,88.4,8.9,39.2,55.0,88.4,0.398,2,0,0.645,0,0.096,0.3206,MEDIUM,DEMO
26.1,82.7,98.5,10.9,37.2,61.7,98.5,0.373,0,1,0.207,0,0.3,0.2551,MEDIUM,DEMO
49.4,336.4,72.3,13.4,31.0,48.0,72.3,0.385,2,0,0.588,2,0.124,0.4081,MEDIUM,DEMO
54.5,2445.4,100.0,9.9,35.5,59.4,100.0,0.446,2,2,0.351,2,0.202,0.444,MEDIUM,DEMO
20.5,2501.2,46.9,4.3,17.9,30.5,46.9,0.365,3,0,0.653,1,0.062,0.1539,LOW,DEMO
32.4,1227.6,37.1,5.2,19.7,28.0,37.1,0.357,1,3,0.228,3,0.595,0.1692,LOW,DEMO
58.9,1386.3,25.9,4.5,11.1,20.7,25.9,0.396,2,0,0.626,2,0.029,0.3384,MEDIUM,DEMO
33.0,166.3,110.8,12.8,33.2,72.0,110.8,0.426,0,2,0.658,0,0.339,0.2664,MEDIUM,DEMO
48.6,729.2,24.0,4.3,10.6,14.9,24.0,0.26,1,0,0.771,1,0.501,0.2739,MEDIUM,DEMO
36.5,317.1,99.4,16.4,55.4,79.5,99.4,0.342,1,0,0.642,2,0.297,0.3764,MEDIUM,DEMO
29.7,259.9,57.7,12.4,26.4,47.1,57.7,0.39,1,1,0.517,1,0.198,0.2481,LOW,DEMO
26.5,1576.1,64.9,7.4,22.1,43.6,64.9,0.326,1,1,0.716,2,0.187,0.1865,LOW,DEMO
23.1,210.6,65.5,8.4,23.9,36.5,65.5,0.416,3,0,0.336,0,0.259,0.1932,LOW,DEMO
43.3,649.1,288.9,50.3,103.8,219.1,288.9,0.762,0,1,0.635,0,0.353,0.6455,HIGH,DEMO
30.0,2591.0,53.0,11.9,24.0,41.6,53.0,0.435,1,1,0.671,1,0.124,0.2326,LOW,DEMO
33.9,265.0,41.3,4.3,10.9,22.9,41.3,0.255,3,0,0.418,2,0.202,0.1948,LOW,DEMO
33.3,3514.8,222.1,49.2,101.8,161.8,222.1,0.714,1,1,0.872,2,0.583,0.5941,HIGH,DEMO
36.1,4200.0,28.1,3.4,9.4,20.4,28.1,0.347,1,2,0.391,0,0.211,0.1362,LOW,DEMO
48.7,810.0,33.5,4.1,14.2,22.2,33.5,0.339,0,0,0.184,2,0.113,0.287,MEDIUM,DEMO
58.8,247.9,134.0,19.9,67.7,103.9,134.0,0.443,1,1,0.351,0,0.075,0.6175,HIGH,DEMO
30.7,422.0,101.5,15.1,41.1,68.9,101.5,0.465,0,2,0.196,2,0.519,0.3305,MEDIUM,DEMO
46.5,577.3,60.6,8.7,22.9,45.6,60.6,0.369,0,2,0.378,2,0.339,0.2966,MEDIUM,DEMO
43.4,413.1,37.8,4.2,12.8,26.7,37.8,0.229,2,0,0.217,1,0.488,0.2846,MEDIUM,DEMO
35.9,376.4,15.3,2.4,5.2,9.5,15.3,0.356,2,1,0.454,1,0.275,0.175,LOW,DEMO
55.7,3305.4,193.4,27.4,83.5,141.6,193.4,0.592,3,2,0.711,2,0.174,0.6848,HIGH,DEMO
23.0,229.8,120.7,16.9,59.8,93.1,120.7,0.548,1,0,0.171,0,0.262,0.3522,MEDIUM,DEMO
18.3,1269.6,181.0,13.9,68.6,152.4,181.0,0.583,1,1,0.548,2,0.061,0.3993,MEDIUM,DEMO
48.0,80.4,149.2,32.3,65.7,99.1,149.2,0.576,1,0,0.153,0,0.026,0.5875,HIGH,DEMO
31.7,896.1,104.7,17.7,39.6,59.6,104.7,0.402,0,0,0.792,1,0.195,0.3691,MEDIUM,DEMO
47.6,2308.6,52.0,9.9,25.7,44.0,52.0,0.357,2,1,0.82,1,0.456,0.3379,MEDIUM,DEMO
50.5,385.6,37.9,6.9,15.5,27.9,37.9,0.328,1,0,0.494,2,0.385,0.3268,MEDIUM,DEMO
15.1,264.7,158.0,41.0,92.6,131.8,158.0,0.527,3,0,0.705,0,0.467,0.3724,MEDIUM,DEMO
49.8,1029.2,57.7,11.0,23.0,33.6,57.7,0.314,0,0,0.571,0,0.117,0.3262,MEDIUM,DEMO
31.9,1202.2,39.5,6.1,19.2,25.8,39.5,0.17,0,0,0.379,2,0.326,0.1976,LOW,DEMO
33.9,1128.4,49.4,6.0,16.4,29.2,49.4,0.3,1,1,0.306,1,0.157,0.2212,LOW,DEMO
37.8,426.2,163.9,21.8,94.8,131.2,163.9,0.589,0,2,0.697,0,0.421,0.4569,MEDIUM,DEMO
52.9,341.6,42.5,8.1,16.5,34.6,42.5,0.259,2,0,0.447,1,0.484,0.3876,MEDIUM,DEMO
10.6,2889.5,60.8,12.1,24.4,42.6,60.8,0.303,3,1,0.819,0,0.311,0.1547,LOW,DEMO
32.8,2391.1,73.5,11.5,26.3,44.5,73.5,0.315,0,0,0.862,2,0.321,0.261,MEDIUM,DEMO
40.1,630.1,91.6,10.5,31.4,53.8,91.6,0.43,0,0,0.28,1,0.356,0.4004,MEDIUM,DEMO
41.6,1764.9,40.1,6.5,18.6,29.1,40.1,0.28,0,3,0.546,0,0.444,0.182,LOW,DEMO
40.3,621.9,71.9,8.4,25.3,50.5,71.9,0.445,1,1,0.528,1,0.073,0.304,MEDIUM,DEMO
19.8,577.1,135.6,21.0,73.0,102.8,135.6,0.539,1,0,0.78,0,0.448,0.3438,MEDIUM,DEMO
27.0,233.5,249.3,35.3,98.5,160.0,249.3,0.723,2,1,0.645,1,0.089,0.5517,HIGH,DEMO
29.1,580.3,35.0,3.7,16.9,23.4,35.0,0.33,2,0,0.582,2,0.33,0.1672,LOW,DEMO
45.3,773.8,39.2,4.9,9.8,21.8,39.2,0.285,1,3,0.636,1,0.189,0.2138,LOW,DEMO
26.3,100.5,43.6,6.7,20.4,31.9,43.6,0.293,1,0,0.416,0,0.46,0.1689,LOW,DEMO
23.5,608.5,115.8,21.5,45.0,78.4,115.8,0.501,2,2,0.85,2,0.199,0.2804,MEDIUM,DEMO
55.8,1448.3,36.9,7.6,18.3,30.4,36.9,0.364,1,0,0.164,1,0.315,0.4184,MEDIUM,DEMO
8.8,1105.6,70.2,10.1,35.1,52.2,70.2,0.416,0,1,0.142,2,0.229,0.2094,LOW,DEMO
62.9,987.5,65.5,6.1,22.7,43.9,65.5,0.348,0,3,0.436,0,0.247,0.3541,MEDIUM,DEMO
39.7,2242.7,262.3,42.1,84.4,165.0,262.3,0.718,0,0,0.237,2,0.289,0.6769,HIGH,DEMO
46.6,96.4,52.7,12.3,28.6,43.3,52.7,0.301,1,0,0.534,1,0.347,0.3699,MEDIUM,DEMO
26.8,812.9,50.5,4.7,17.0,28.0,50.5,0.382,1,1,0.127,1,0.14,0.1963,LOW,DEMO
9.8,1473.3,115.8,8.6,39.0,75.0,115.8,0.367,0,0,0.469,3,0.235,0.2409,LOW,DEMO
42.2,781.5,95.0,19.3,47.1,79.2,95.0,0.316,2,2,0.344,0,0.143,0.3371,MEDIUM,DEMO
46.9,432.3,48.2,6.1,21.1,35.9,48.2,0.239,1,1,0.274,0,0.091,0.2525,MEDIUM,DEMO
42.3,211.8,170.8,21.2,79.7,121.2,170.8,0.46,0,0,0.458,1,0.546,0.6297,HIGH,DEMO
20.2,2046.8,27.5,3.2,7.6,16.8,27.5,0.369,2,2,0.769,0,0.101,0.0835,LOW,DEMO
42.9,652.7,75.0,15.2,37.6,60.0,75.0,0.429,2,0,0.618,1,0.073,0.3882,MEDIUM,DEMO
43.6,1974.2,62.7,8.3,24.2,38.3,62.7,0.307,0,3,0.242,1,0.15,0.2754,MEDIUM,DEMO
39.0,873.4,70.8,14.4,29.8,44.2,70.8,0.376,3,0,0.499,2,0.551,0.3616,MEDIUM,DEMO
43.5,1089.3,47.9,8.4,20.8,29.1,47.9,0.412,0,2,0.828,2,0.301,0.2324,LOW,DEMO
47.5,1547.9,71.9,11.7,25.0,42.9,71.9,0.408,2,0,0.454,2,0.354,0.4052,MEDIUM,DEMO
37.3,1048.7,88.3,10.5,40.8,73.9,88.3,0.52,3,2,0.478,1,0.621,0.3328,MEDIUM,DEMO
17.0,536.8,10.1,1.0,3.5,7.4,10.1,0.263,2,0,0.835,1,0.08,0.0976,LOW,DEMO
33.1,728.7,56.1,5.3,22.9,41.6,56.1,0.322,2,0,0.223,2,0.497,0.2439,LOW,DEMO
16.2,1542.3,43.8,5.0,17.3,36.7,43.8,0.277,3,0,0.679,0,0.224,0.1206,LOW,DEMO
30.7,501.1,213.5,44.9,91.3,132.2,213.5,0.648,1,1,0.347,3,0.047,0.5436,HIGH,DEMO
30.7,522.1,102.6,19.1,39.2,56.6,102.6,0.487,1,1,0.778,1,0.035,0.3476,MEDIUM,DEMO
15.3,170.5,42.1,7.6,17.7,30.7,42.1,0.333,2,0,0.161,2,0.365,0.174,LOW,DEMO
28.8,2294.2,54.1,7.1,20.1,38.0,54.1,0.333,3,3,0.873,2,0.098,0.1424,LOW,DEMO
18.4,165.9,64.3,9.4,21.6,44.6,64.3,0.432,2,0,0.704,1,0.156,0.1995,LOW,DEMO
45.5,1020.2,53.3,7.8,21.4,30.3,53.3,0.375,3,2,0.336,0,0.237,0.2396,LOW,DEMO
54.8,559.8,107.4,10.6,52.6,73.7,107.4,0.444,0,1,0.698,3,0.01,0.4628,MEDIUM,DEMO
15.8,548.2,191.9,22.7,64.7,122.1,191.9,0.568,2,0,0.821,0,0.227,0.4145,MEDIUM,DEMO
55.6,1104.2,4.6,0.7,1.9,2.9,4.6,0.246,3,0,0.206,1,0.031,0.2779,MEDIUM,DEMO
34.3,142.5,61.7,5.6,20.1,38.0,61.7,0.388,1,1,0.814,3,0.055,0.1923,LOW,DEMO
27.0,890.6,248.5,21.8,83.6,161.5,248.5,0.673,3,0,0.394,3,0.122,0.5436,HIGH,DEMO
16.2,1410.7,63.4,5.4,19.0,41.6,63.4,0.306,0,2,0.125,0,0.094,0.1231,LOW,DEMO
33.6,1665.3,91.6,14.2,36.7,58.9,91.6,0.396,3,3,0.205,0,0.016,0.2483,LOW,DEMO
44.8,248.3,12.7,1.3,5.3,10.7,12.7,0.271,3,0,0.792,0,0.1,0.1605,LOW,DEMO
40.9,2129.4,169.6,26.6,63.9,140.8,169.6,0.633,0,0,0.867,1,0.433,0.6109,HIGH,DEMO
14.0,1040.8,34.5,3.9,12.0,24.9,34.5,0.256,1,0,0.8,1,0.281,0.1307,LOW,DEMO
15.9,2002.3,101.0,14.2,46.4,85.3,101.0,0.449,1,1,0.456,0,0.271,0.2372,LOW,DEMO
30.5,677.7,39.4,9.6,21.7,33.4,39.4,0.309,0,0,0.851,0,0.403,0.1758,LOW,DEMO
26.9,782.9,7.3,0.9,2.4,4.8,7.3,0.252,0,3,0.429,1,0.571,0.1109,LOW,DEMO
24.4,2342.4,95.1,14.6,46.6,65.0,95.1,0.504,0,2,0.206,0,0.295,0.2441,LOW,DEMO
26.3,2151.5,122.4,25.5,55.0,102.5,122.4,0.481,1,3,0.379,3,0.586,0.3379,MEDIUM,DEMO
45.3,615.0,73.5,9.2,29.6,53.9,73.5,0.341,1,0,0.879,1,0.373,0.3523,MEDIUM,DEMO
53.2,368.7,31.3,4.5,9.9,19.2,31.3,0.353,3,0,0.596,2,0.121,0.3001,MEDIUM,DEMO
30.6,529.6,278.0,38.9,110.7,210.4,278.0,0.807,1,1,0.378,3,0.485,0.614,HIGH,DEMO
51.4,521.6,119.5,9.1,34.5,73.1,119.5,0.422,2,1,0.594,1,0.21,0.4891,MEDIUM,DEMO
27.8,384.3,86.0,11.6,30.2,56.0,86.0,0.35,0,2,0.446,1,0.121,0.2328,LOW,DEMO
32.8,361.5,153.3,19.2,67.1,94.8,153.3,0.555,2,3,0.158,3,0.094,0.4231,MEDIUM,DEMO
24.1,1856.4,53.3,5.3,21.8,33.2,53.3,0.347,3,1,0.273,2,0.65,0.1964,LOW,DEMO
38.3,145.2,226.1,20.1,88.9,124.7,226.1,0.646,1,0,0.135,2,0.384,0.6646,HIGH,DEMO
58.5,1098.8,120.9,12.9,47.4,98.4,120.9,0.527,1,0,0.314,1,0.314,0.6524,HIGH,DEMO
37.0,250.8,144.5,22.8,54.1,92.3,144.5,0.489,2,1,0.682,1,0.168,0.4835,MEDIUM,DEMO
29.1,460.1,60.8,8.2,18.2,35.0,60.8,0.384,1,1,0.267,3,0.209,0.2139,LOW,DEMO
38.6,137.2,33.8,5.9,13.0,19.5,33.8,0.372,1,1,0.521,2,0.339,0.2178,LOW,DEMO
19.1,363.2,86.8,13.0,46.1,62.2,86.8,0.394,1,0,0.653,1,0.47,0.2687,MEDIUM,DEMO
50.2,1396.6,54.9,12.9,32.3,46.5,54.9,0.261,1,3,0.537,0,0.258,0.2842,MEDIUM,DEMO
33.6,2026.7,242.1,17.8,66.2,143.7,242.1,0.679,2,2,0.132,0,0.343,0.5349,HIGH,DEMO
32.0,305.4,26.8,3.3,8.5,15.5,26.8,0.309,3,0,0.396,1,0.136,0.1769,LOW,DEMO
36.4,640.5,178.6,26.0,55.8,121.7,178.6,0.632,1,0,0.456,0,0.129,0.5394,HIGH,DEMO
37.7,651.9,19.9,1.4,6.6,14.3,19.9,0.261,0,1,0.38,0,0.194,0.1464,LOW,DEMO
15.8,1941.3,39.3,5.9,11.9,25.1,39.3,0.409,1,1,0.535,0,0.218,0.123,LOW,DEMO
39.9,1375.0,19.5,3.0,6.7,12.5,19.5,0.221,3,0,0.51,0,0.539,0.1798,LOW,DEMO
24.8,727.7,53.4,8.4,19.6,36.1,53.4,0.357,3,2,0.262,2,0.134,0.1636,LOW,DEMO
41.2,1079.8,66.7,10.0,24.5,43.0,66.7,0.362,0,0,0.692,0,0.213,0.2702,MEDIUM,DEMO
46.3,1771.7,48.6,9.9,22.9,40.1,48.6,0.408,3,1,0.242,3,0.676,0.3497,MEDIUM,DEMO
45.3,88.6,100.9,19.3,38.7,56.8,100.9,0.364,3,0,0.469,0,0.086,0.4255,MEDIUM,DEMO
35.2,544.1,67.0,8.8,20.5,41.6,67.0,0.396,1,0,0.695,2,0.364,0.2671,MEDIUM,DEMO
34.2,2220.0,13.1,1.6,5.2,10.4,13.1,0.262,2,1,0.65,2,0.039,0.1314,LOW,DEMO
20.2,1293.5,37.7,7.4,19.2,30.2,37.7,0.396,1,0,0.448,2,0.409,0.1725,LOW,DEMO
43.9,784.5,60.4,6.6,21.9,35.2,60.4,0.321,1,0,0.72,3,0.295,0.2773,MEDIUM,DEMO
26.0,758.8,149.3,30.6,62.4,125.7,149.3,0.548,0,1,0.662,0,0.196,0.3734,MEDIUM,DEMO
33.4,464.6,83.2,20.9,44.5,63.0,83.2,0.363,1,3,0.412,3,0.48,0.2947,MEDIUM,DEMO
26.5,741.5,55.3,7.1,19.2,34.9,55.3,0.362,3,1,0.801,0,0.07,0.1477,LOW,DEMO
19.7,1038.8,24.2,4.0,9.3,16.6,24.2,0.276,2,0,0.228,3,0.3,0.1344,LOW,DEMO
37.9,567.7,85.6,14.9,31.5,54.7,85.6,0.39,1,0,0.392,1,0.508,0.4065,MEDIUM,DEMO
14.4,1207.1,170.9,15.2,55.6,101.7,170.9,0.468,1,1,0.65,0,0.081,0.3253,MEDIUM,DEMO
42.7,1857.5,62.3,9.2,24.5,39.7,62.3,0.386,1,0,0.783,2,0.399,0.3087,MEDIUM,DEMO
27.7,231.2,40.5,5.7,16.6,29.4,40.5,0.271,1,0,0.365,2,0.364,0.1853,LOW,DEMO
5.5,620.6,110.8,20.1,46.6,88.4,110.8,0.4,2,0,0.547,0,0.45,0.288,MEDIUM,DEMO
33.9,551.9,152.9,22.8,72.7,100.8,152.9,0.456,1,1,0.129,2,0.167,0.4897,MEDIUM,DEMO
13.7,1126.7,68.2,10.0,24.2,44.6,68.2,0.324,0,1,0.402,0,0.455,0.1757,LOW,DEMO
26.2,338.8,119.0,17.4,54.2,82.2,119.0,0.496,1,1,0.372,0,0.153,0.3268,MEDIUM,DEMO
40.9,1000.1,57.3,5.5,23.6,42.6,57.3,0.379,1,3,0.76,2,0.132,0.1986,LOW,DEMO
15.1,1969.6,122.6,12.8,55.2,95.1,122.6,0.511,2,0,0.176,0,0.352,0.2981,MEDIUM,DEMO
47.2,567.4,176.2,14.0,59.5,114.2,176.2,0.526,1,3,0.167,0,0.194,0.5266,HIGH,DEMO
7.5,2257.4,134.0,13.8,65.7,97.3,134.0,0.51,2,1,0.456,3,0.219,0.3055,MEDIUM,DEMO
25.0,4200.0,107.9,17.4,48.3,72.0,107.9,0.42,2,0,0.43,1,0.63,0.3888,MEDIUM,DEMO
42.4,180.9,212.0,29.7,74.0,162.1,212.0,0.691,1,3,0.243,1,0.451,0.6549,HIGH,DEMO
27.6,318.8,64.4,4.3,18.1,38.6,64.4,0.391,3,1,0.32,1,0.542,0.2266,LOW,DEMO
17.8,2783.0,107.9,18.9,49.2,67.7,107.9,0.418,0,0,0.86,2,0.431,0.3038,MEDIUM,DEMO
29.2,2940.1,65.9,12.1,32.0,44.7,65.9,0.424,3,0,0.51,3,0.407,0.259,MEDIUM,DEMO
25.9,172.5,107.9,13.0,53.1,88.2,107.9,0.476,0,0,0.187,2,0.232,0.3364,MEDIUM,DEMO
47.4,93.6,119.7,16.6,51.7,86.4,119.7,0.403,1,3,0.158,2,0.383,0.482,MEDIUM,DEMO
27.5,238.1,139.4,34.6,81.2,117.1,139.4,0.425,1,0,0.152,0,0.032,0.3842,MEDIUM,DEMO
44.6,4200.0,79.3,4.6,22.6,46.1,79.3,0.33,1,3,0.416,1,0.326,0.284,MEDIUM,DEMO
50.4,258.6,16.8,1.8,7.5,11.5,16.8,0.364,3,0,0.778,1,0.061,0.2418,LOW,DEMO
31.5,708.4,66.8,13.4,26.8,45.2,66.8,0.323,1,0,0.753,1,0.374,0.2818,MEDIUM,DEMO
51.6,1778.0,117.1,24.2,57.5,85.5,117.1,0.561,2,0,0.4,0,0.105,0.5504,HIGH,DEMO
29.7,98.6,94.7,11.7,34.5,75.2,94.7,0.373,2,1,0.709,3,0.156,0.2568,MEDIUM,DEMO
56.6,914.8,103.8,20.3,52.3,83.3,103.8,0.384,0,0,0.692,0,0.2,0.5348,HIGH,DEMO
17.0,371.9,124.4,26.2,57.7,93.5,124.4,0.525,3,1,0.487,0,0.143,0.2987,MEDIUM,DEMO
40.1,1864.6,33.8,8.0,17.6,25.1,33.8,0.359,1,0,0.427,0,0.383,0.2289,LOW,DEMO
33.3,380.0,128.4,20.8,70.0,107.2,128.4,0.516,3,2,0.257,2,0.06,0.3873,MEDIUM,DEMO
30.1,1124.7,218.3,36.0,103.7,145.2,218.3,0.689,2,2,0.332,0,0.095,0.4802,MEDIUM,DEMO
38.0,1089.4,60.4,13.5,34.6,48.3,60.4,0.322,2,0,0.377,3,0.224,0.3003,MEDIUM,DEMO
40.8,305.3,141.2,14.8,66.8,116.7,141.2,0.554,1,2,0.738,3,0.055,0.4017,MEDIUM,DEMO
7.7,111.9,82.5,13.7,28.3,57.5,82.5,0.415,2,3,0.54,0,0.075,0.1606,LOW,DEMO
21.4,553.7,102.0,16.5,50.1,78.4,102.0,0.421,0,1,0.273,1,0.496,0.3405,MEDIUM,DEMO
41.2,387.2,132.9,19.5,62.8,88.1,132.9,0.502,1,0,0.193,0,0.029,0.4812,MEDIUM,DEMO
39.3,1569.8,94.4,12.6,26.6,56.4,94.4,0.478,0,1,0.497,1,0.1,0.3735,MEDIUM,DEMO
56.8,1530.1,57.9,6.1,25.9,42.0,57.9,0.377,1,2,0.626,1,0.151,0.3502,MEDIUM,DEMO
43.2,629.6,97.1,6.1,28.7,59.1,97.1,0.322,0,0,0.742,2,0.247,0.3318,MEDIUM,DEMO
55.1,919.4,40.4,5.2,12.7,27.8,40.4,0.37,3,0,0.726,0,0.345,0.3114,MEDIUM,DEMO
40.7,914.3,24.6,4.1,13.0,19.9,24.6,0.336,2,0,0.746,3,0.208,0.1911,LOW,DEMO
27.0,1659.8,183.1,29.6,69.0,105.4,183.1,0.571,2,0,0.46,3,0.075,0.4896,MEDIUM,DEMO
18.1,578.1,105.3,8.2,37.1,58.9,105.3,0.451,3,0,0.778,1,0.16,0.2416,LOW,DEMO
44.2,370.0,120.5,19.7,62.4,88.2,120.5,0.479,2,0,0.458,1,0.104,0.5264,HIGH,DEMO
38.5,357.1,90.9,7.6,28.0,59.0,90.9,0.32,0,0,0.248,1,0.318,0.3498,MEDIUM,DEMO
13.8,771.5,20.0,2.7,6.5,13.5,20.0,0.267,2,0,0.422,0,0.186,0.1006,LOW,DEMO
29.2,616.7,175.4,22.4,83.6,117.8,175.4,0.558,3,0,0.378,2,0.219,0.5167,HIGH,DEMO
55.8,602.0,58.0,6.8,20.1,33.4,58.0,0.35,0,1,0.418,1,0.388,0.419,MEDIUM,DEMO
33.5,166.0,66.3,8.7,19.4,36.5,66.3,0.347,2,3,0.621,0,0.204,0.173,LOW,DEMO
31.5,1221.2,162.6,42.5,89.5,133.3,162.6,0.585,1,0,0.619,1,0.205,0.5158,HIGH,DEMO
32.2,296.4,39.9,7.4,17.6,24.6,39.9,0.284,1,0,0.291,0,0.181,0.1839,LOW,DEMO
23.4,277.4,62.4,9.1,27.8,42.3,62.4,0.411,3,0,0.36,2,0.107,0.2099,LOW,DEMO
29.4,559.1,59.3,12.8,34.3,49.9,59.3,0.391,1,3,0.572,1,0.523,0.2262,LOW,DEMO
29.5,312.6,39.0,6.8,16.7,31.1,39.0,0.39,0,1,0.184,1,0.352,0.214,LOW,DEMO
14.2,869.1,83.5,12.1,26.1,48.6,83.5,0.492,3,0,0.643,0,0.429,0.2161,LOW,DEMO
43.5,497.9,43.1,10.0,21.5,30.3,43.1,0.417,2,2,0.256,3,0.022,0.2414,LOW,DEMO
31.0,616.3,180.1,42.1,87.9,138.5,180.1,0.525,1,0,0.767,2,0.184,0.5018,HIGH,DEMO
46.2,773.4,23.1,4.0,9.1,17.5,23.1,0.31,1,0,0.425,2,0.361,0.2528,MEDIUM,DEMO
47.8,284.8,30.4,3.5,14.4,23.7,30.4,0.271,3,0,0.288,1,0.121,0.2763,MEDIUM,DEMO
23.5,232.4,62.3,11.9,28.1,42.8,62.3,0.53,1,0,0.628,0,0.429,0.2167,LOW,DEMO
39.0,1991.4,77.2,10.7,24.0,46.6,77.2,0.424,1,1,0.541,0,0.505,0.2954,MEDIUM,DEMO
32.7,591.8,48.1,9.9,21.4,33.2,48.1,0.41,0,1,0.251,1,0.285,0.2562,MEDIUM,DEMO
49.6,558.1,125.7,20.7,43.3,93.5,125.7,0.505,3,2,0.749,3,0.292,0.4878,MEDIUM,DEMO
23.7,112.6,68.4,9.6,27.1,50.1,68.4,0.245,2,1,0.464,1,0.135,0.2085,LOW,DEMO
39.7,700.2,109.3,16.1,40.7,62.4,109.3,0.414,1,1,0.236,3,0.13,0.4123,MEDIUM,DEMO
37.1,807.0,172.2,9.8,48.5,98.0,172.2,0.535,2,1,0.725,0,0.033,0.404,MEDIUM,DEMO
26.9,816.5,207.8,33.5,90.1,174.4,207.8,0.616,3,1,0.221,2,0.065,0.5345,HIGH,DEMO
19.9,1184.9,63.3,9.2,26.9,37.7,63.3,0.386,3,0,0.856,0,0.248,0.1614,LOW,DEMO
38.7,255.8,83.0,16.9,34.6,53.0,83.0,0.429,2,1,0.456,1,0.151,0.3838,MEDIUM,DEMO
42.2,341.6,94.1,20.7,44.0,73.4,94.1,0.293,2,3,0.673,0,0.321,0.3186,MEDIUM,DEMO
27.6,1578.1,64.8,9.8,22.4,43.6,64.8,0.358,1,1,0.463,2,0.449,0.2319,LOW,DEMO
38.5,2726.6,37.1,2.7,12.4,22.4,37.1,0.295,1,1,0.263,1,0.433,0.2277,LOW,DEMO
30.3,211.5,146.6,20.2,63.0,101.2,146.6,0.591,2,0,0.696,1,0.267,0.4791,MEDIUM,DEMO
41.2,699.6,37.2,5.4,13.3,26.8,37.2,0.349,2,3,0.34,0,0.079,0.1678,LOW,DEMO
23.0,296.9,155.7,13.3,63.5,106.8,155.7,0.53,3,3,0.639,0,0.193,0.2825,MEDIUM,DEMO
50.3,135.8,104.1,13.3,49.2,86.0,104.1,0.455,0,2,0.316,0,0.117,0.3997,MEDIUM,DEMO
26.6,434.4,91.8,16.1,34.6,58.3,91.8,0.336,2,0,0.303,1,0.071,0.3205,MEDIUM,DEMO
29.4,219.6,45.8,3.9,16.5,34.3,45.8,0.368,2,3,0.468,0,0.558,0.1381,LOW,DEMO
14.7,1193.9,15.3,0.9,4.3,8.9,15.3,0.259,2,0,0.74,0,0.413,0.0904,LOW,DEMO
18.4,766.7,144.4,26.7,71.3,96.4,144.4,0.478,0,1,0.586,1,0.388,0.3912,MEDIUM,DEMO
34.0,219.8,45.3,12.6,26.0,35.0,45.3,0.4,2,1,0.169,0,0.023,0.2231,LOW,DEMO
25.8,88.4,108.3,17.4,38.6,66.9,108.3,0.465,1,2,0.678,1,0.332,0.3055,MEDIUM,DEMO
47.0,1566.0,112.0,27.5,55.9,81.4,112.0,0.425,2,2,0.561,0,0.38,0.4207,MEDIUM,DEMO
9.9,254.4,78.1,12.8,30.1,46.5,78.1,0.365,2,2,0.594,3,0.479,0.183,LOW,DEMO
29.8,918.8,92.5,8.6,26.1,53.7,92.5,0.44,1,3,0.389,2,0.298,0.2338,LOW,DEMO
28.4,449.8,103.2,19.0,39.3,72.9,103.2,0.456,2,1,0.543,1,0.088,0.3488,MEDIUM,DEMO
10.6,872.6,87.6,11.8,35.9,65.9,87.6,0.414,3,2,0.403,3,0.212,0.1875,LOW,DEMO
19.2,421.4,42.0,4.7,15.4,24.5,42.0,0.268,1,0,0.182,3,0.223,0.1504,LOW,DEMO
30.9,161.9,23.2,4.0,12.0,19.2,23.2,0.24,2,1,0.762,1,0.399,0.1574,LOW,DEMO
33.3,307.0,48.4,9.7,21.7,29.9,48.4,0.303,1,0,0.635,0,0.495,0.2122,LOW,DEMO
30.6,267.5,59.7,11.4,24.0,35.0,59.7,0.351,2,3,0.63,0,0.522,0.1815,LOW,DEMO
34.5,582.8,177.8,23.6,76.8,108.6,177.8,0.578,1,3,0.267,0,0.18,0.4579,MEDIUM,DEMO
36.7,1046.4,31.5,4.6,13.6,18.9,31.5,0.3,1,0,0.624,2,0.251,0.194,LOW,DEMO
9.0,355.6,193.5,36.2,77.1,111.7,193.5,0.604,2,1,0.296,1,0.3,0.5065,HIGH,DEMO
32.4,90.9,231.9,21.5,100.6,183.0,231.9,0.775,1,0,0.643,3,0.396,0.6084,HIGH,DEMO
56.5,738.6,49.7,7.8,17.9,34.7,49.7,0.385,1,0,0.373,1,0.311,0.4369,MEDIUM,DEMO
34.1,917.7,226.9,31.6,94.0,151.2,226.9,0.731,3,1,0.24,2,0.033,0.6066,HIGH,DEMO
39.7,3044.0,70.5,12.1,38.7,58.9,70.5,0.404,2,0,0.809,0,0.239,0.2795,MEDIUM,DEMO
27.5,881.3,62.8,7.9,23.5,41.6,62.8,0.37,2,0,0.2,1,0.376,0.2527,MEDIUM,DEMO
43.8,653.4,177.9,24.5,75.2,106.7,177.9,0.601,2,1,0.699,1,0.027,0.6094,HIGH,DEMO
43.8,846.7,89.8,17.9,41.9,56.7,89.8,0.428,3,0,0.197,2,0.044,0.4526,MEDIUM,DEMO
34.2,2446.7,81.3,15.0,31.4,50.5,81.3,0.441,0,1,0.64,2,0.251,0.3133,MEDIUM,DEMO
58.1,1666.2,47.9,6.8,19.7,33.5,47.9,0.29,0,0,0.204,0,0.164,0.3778,MEDIUM,DEMO
19.3,431.0,51.1,10.3,22.9,32.6,51.1,0.381,1,2,0.507,1,0.276,0.1636,LOW,DEMO
10.2,323.7,83.2,11.2,26.8,58.6,83.2,0.413,1,1,0.263,0,0.354,0.2068,LOW,DEMO
43.7,354.2,177.8,19.5,65.2,133.5,177.8,0.49,1,2,0.779,2,0.105,0.5222,HIGH,DEMO
45.5,711.8,31.6,6.6,17.4,24.8,31.6,0.313,2,0,0.425,0,0.047,0.2292,LOW,DEMO
19.0,1306.5,73.1,14.9,37.3,55.8,73.1,0.32,0,0,0.132,1,0.527,0.288,MEDIUM,DEMO
25.7,709.6,26.7,1.9,9.4,16.3,26.7,0.273,2,3,0.597,2,0.329,0.1069,LOW,DEMO
10.3,143.2,46.1,6.2,19.3,26.9,46.1,0.328,2,1,0.458,0,0.408,0.1338,LOW,DEMO
26.8,1237.3,118.4,23.3,46.9,84.4,118.4,0.395,0,0,0.773,0,0.207,0.3141,MEDIUM,DEMO
43.8,1555.8,39.8,6.1,15.5,24.3,39.8,0.321,1,3,0.449,2,0.354,0.2188,LOW,DEMO
34.1,387.6,150.9,16.7,55.6,86.8,150.9,0.534,2,0,0.432,3,0.439,0.4919,MEDIUM,DEMO
28.7,1061.9,39.6,3.9,14.2,28.1,39.6,0.361,2,1,0.465,0,0.32,0.1485,LOW,DEMO
29.5,580.5,52.3,4.8,18.1,33.9,52.3,0.324,2,0,0.773,2,0.366,0.1863,LOW,DEMO
6.5,2059.4,16.8,3.0,9.5,13.1,16.8,0.295,1,0,0.566,0,0.239,0.0981,LOW,DEMO
27.0,1759.2,151.0,12.7,49.1,97.3,151.0,0.526,3,0,0.629,0,0.312,0.362,MEDIUM,DEMO
38.5,750.8,137.6,14.0,58.3,116.1,137.6,0.485,2,0,0.668,1,0.217,0.4699,MEDIUM,DEMO
57.9,1138.4,27.3,3.9,12.6,21.3,27.3,0.217,0,1,0.833,2,0.24,0.3003,MEDIUM,DEMO
47.6,2013.7,63.1,6.5,17.1,35.8,63.1,0.362,1,2,0.757,3,0.595,0.2764,MEDIUM,DEMO
11.2,696.2,59.4,7.3,30.0,41.8,59.4,0.398,2,3,0.825,0,0.284,0.1126,LOW,DEMO
50.8,418.2,55.9,4.1,19.3,40.2,55.9,0.307,0,1,0.381,2,0.155,0.3134,MEDIUM,DEMO
44.3,1341.0,232.9,23.6,112.2,176.7,232.9,0.672,3,0,0.283,0,0.026,0.6469,HIGH,DEMO
44.1,303.7,55.3,6.0,21.4,38.7,55.3,0.349,2,2,0.275,3,0.24,0.2417,LOW,DEMO
32.2,522.7,41.3,5.1,19.9,28.7,41.3,0.382,0,1,0.772,0,0.146,0.151,LOW,DEMO
30.4,1887.1,18.6,2.8,7.7,12.3,18.6,0.286,3,0,0.751,2,0.032,0.1329,LOW,DEMO
27.2,1240.0,42.9,5.2,15.4,27.1,42.9,0.344,1,0,0.614,0,0.76,0.1721,LOW,DEMO
15.3,545.5,177.5,32.8,110.3,148.0,177.5,0.579,1,2,0.168,3,0.175,0.3936,MEDIUM,DEMO
24.2,297.6,89.1,12.2,27.0,57.5,89.1,0.391,2,1,0.362,0,0.065,0.2228,LOW,DEMO
25.0,476.0,89.2,11.1,31.7,50.8,89.2,0.359,2,3,0.678,0,0.014,0.1666,LOW,DEMO
33.0,380.8,44.9,4.6,20.1,26.9,44.9,0.319,1,2,0.309,2,0.136,0.1633,LOW,DEMO
42.6,254.3,160.7,24.6,85.3,129.7,160.7,0.568,1,1,0.594,3,0.426,0.5681,HIGH,DEMO
32.7,1304.0,109.5,26.3,53.4,79.5,109.5,0.459,1,2,0.532,3,0.061,0.3141,MEDIUM,DEMO
14.7,341.4,56.4,10.0,20.3,44.2,56.4,0.429,1,1,0.32,0,0.266,0.1657,LOW,DEMO
55.9,624.9,36.8,3.7,13.3,29.2,36.8,0.366,2,0,0.83,0,0.648,0.3147,MEDIUM,DEMO
54.4,518.8,73.2,6.7,26.9,58.3,73.2,0.448,2,1,0.315,3,0.189,0.4051,MEDIUM,DEMO
44.4,3699.5,39.2,7.3,20.9,28.0,39.2,0.221,2,3,0.8,0,0.161,0.1739,LOW,DEMO
60.9,526.5,67.5,10.4,30.3,40.7,67.5,0.454,1,3,0.531,2,0.245,0.436,MEDIUM,DEMO
35.0,155.0,83.8,8.9,27.4,49.8,83.8,0.419,1,1,0.19,1,0.133,0.3105,MEDIUM,DEMO
56.4,164.7,46.4,6.5,18.0,33.5,46.4,0.357,1,0,0.754,2,0.447,0.3819,MEDIUM,DEMO
16.1,884.1,9.6,0.8,3.1,6.4,9.6,0.313,0,0,0.721,1,0.039,0.0991,LOW,DEMO
29.3,903.2,101.2,9.3,39.9,72.6,101.2,0.439,2,0,0.752,1,0.099,0.2871,MEDIUM,DEMO
24.1,568.3,47.4,6.9,18.6,33.2,47.4,0.285,0,3,0.605,2,0.068,0.128,LOW,DEMO
22.8,588.8,83.4,19.7,41.1,60.9,83.4,0.477,0,2,0.661,1,0.19,0.2531,MEDIUM,DEMO
20.1,129.9,69.5,6.7,27.6,38.9,69.5,0.341,0,2,0.809,2,0.524,0.1532,LOW,DEMO
37.7,734.1,209.0,32.4,78.9,117.0,209.0,0.589,0,2,0.217,1,0.218,0.5889,HIGH,DEMO
44.2,712.4,77.5,12.7,38.2,59.4,77.5,0.382,1,1,0.183,2,0.396,0.3966,MEDIUM,DEMO
36.1,225.8,136.8,16.3,56.5,83.2,136.8,0.485,1,1,0.215,2,0.116,0.4571,MEDIUM,DEMO
20.4,178.7,58.5,13.4,29.3,43.6,58.5,0.359,0,1,0.781,2,0.18,0.1894,LOW,DEMO
45.7,198.7,39.7,5.7,16.8,28.3,39.7,0.319,0,1,0.548,3,0.294,0.2507,MEDIUM,DEMO
38.2,175.9,104.1,18.2,48.4,87.9,104.1,0.511,0,3,0.254,0,0.298,0.3537,MEDIUM,DEMO
30.1,926.8,45.0,6.4,19.3,36.0,45.0,0.356,1,0,0.228,2,0.237,0.2092,LOW,DEMO
39.6,276.9,121.9,12.0,53.7,82.1,121.9,0.433,2,2,0.459,3,0.404,0.3621,MEDIUM,DEMO
25.5,340.6,29.9,6.1,16.2,22.0,29.9,0.269,1,2,0.74,1,0.058,0.1215,LOW,DEMO
28.6,251.6,95.5,11.4,34.9,55.9,95.5,0.408,2,2,0.732,2,0.444,0.2424,LOW,DEMO
52.2,2929.6,76.1,8.3,36.7,50.7,76.1,0.372,0,0,0.767,0,0.091,0.3475,MEDIUM,DEMO
26.7,1815.5,184.9,24.5,64.7,142.4,184.9,0.568,0,0,0.704,0,0.159,0.4542,MEDIUM,DEMO
32.6,315.8,101.8,10.5,51.6,75.0,101.8,0.384,1,0,0.167,1,0.601,0.381,MEDIUM,DEMO
50.3,437.2,70.3,9.1,34.5,48.9,70.3,0.395,1,2,0.667,2,0.158,0.3174,MEDIUM,DEMO
40.9,292.0,127.8,21.4,49.3,77.1,127.8,0.465,0,3,0.514,0,0.114,0.3786,MEDIUM,DEMO
15.0,689.3,9.5,1.2,5.5,7.5,9.5,0.22,1,0,0.672,0,0.016,0.0789,LOW,DEMO
20.4,97.8,110.0,17.2,43.6,69.5,110.0,0.479,0,0,0.488,0,0.514,0.3128,MEDIUM,DEMO
8.6,1081.5,116.3,23.4,48.3,92.6,116.3,0.508,2,3,0.487,0,0.155,0.2381,LOW,DEMO
38.0,746.5,124.7,11.8,47.1,91.5,124.7,0.469,1,0,0.216,1,0.702,0.4895,MEDIUM,DEMO
31.9,2140.2,119.2,15.8,48.6,78.9,119.2,0.56,0,3,0.808,0,0.375,0.2984,MEDIUM,DEMO
19.7,241.6,107.1,16.2,43.5,60.2,107.1,0.56,2,1,0.405,3,0.067,0.2946,MEDIUM,DEMO
55.9,1547.2,60.4,5.9,17.7,37.4,60.4,0.387,0,3,0.563,0,0.144,0.2919,MEDIUM,DEMO
34.5,1493.0,85.0,16.9,43.9,69.5,85.0,0.385,1,1,0.277,1,0.084,0.3577,MEDIUM,DEMO
24.8,202.4,49.4,8.6,26.7,39.3,49.4,0.355,1,0,0.4,1,0.011,0.1981,LOW,DEMO
33.6,537.6,42.0,3.6,14.7,30.3,42.0,0.267,1,0,0.782,3,0.229,0.1691,LOW,DEMO
39.8,247.9,62.2,4.7,20.8,42.9,62.2,0.322,0,3,0.279,1,0.091,0.223,LOW,DEMO
16.1,344.6,67.7,11.9,28.2,50.4,67.7,0.292,3,0,0.277,1,0.118,0.2208,LOW,DEMO
26.1,355.0,98.5,9.8,36.2,68.0,98.5,0.402,3,1,0.318,2,0.595,0.2926,MEDIUM,DEMO
45.4,811.2,167.5,28.8,63.4,124.5,167.5,0.499,1,1,0.557,0,0.082,0.5443,HIGH,DEMO
32.3,557.0,135.2,18.7,44.2,86.8,135.2,0.532,1,3,0.516,0,0.202,0.3444,MEDIUM,DEMO
35.0,2736.2,93.5,7.9,36.7,74.9,93.5,0.386,1,0,0.253,1,0.125,0.3249,MEDIUM,DEMO
31.5,201.6,154.9,19.4,74.6,117.8,154.9,0.552,1,1,0.646,1,0.344,0.4881,MEDIUM,DEMO
13.4,3354.1,78.0,9.6,33.2,50.6,78.0,0.432,2,0,0.81,0,0.554,0.1887,LOW,DEMO
21.4,316.0,108.2,21.6,57.1,86.4,108.2,0.509,1,1,0.271,1,0.082,0.3452,MEDIUM,DEMO
31.9,1414.0,60.6,11.4,25.7,42.2,60.6,0.345,0,1,0.631,1,0.25,0.2503,MEDIUM,DEMO
23.4,452.6,76.7,7.4,34.0,46.2,76.7,0.408,0,0,0.566,3,0.119,0.2,LOW,DEMO
14.0,219.0,64.6,7.3,26.4,37.0,64.6,0.387,3,2,0.37,1,0.113,0.155,LOW,DEMO
47.4,1836.0,21.6,3.8,12.1,16.4,21.6,0.354,0,0,0.59,1,0.43,0.2709,MEDIUM,DEMO
58.9,412.5,22.1,2.6,10.1,17.9,22.1,0.33,3,1,0.28,0,0.209,0.298,MEDIUM,DEMO
44.8,1047.9,27.6,5.7,15.6,21.8,27.6,0.366,2,1,0.754,0,0.617,0.2215,LOW,DEMO
48.0,832.2,93.9,16.3,47.6,70.1,93.9,0.341,1,1,0.137,1,0.124,0.4882,MEDIUM,DEMO
24.8,654.4,169.8,16.4,55.5,100.6,169.8,0.532,0,0,0.551,1,0.224,0.4682,MEDIUM,DEMO
56.2,696.3,154.6,15.3,43.1,89.4,154.6,0.589,1,2,0.362,2,0.469,0.6471,HIGH,DEMO
22.9,1265.9,108.9,14.3,46.6,71.2,108.9,0.481,1,0,0.79,2,0.528,0.3161,MEDIUM,DEMO
55.2,162.7,53.6,6.4,21.2,43.2,53.6,0.343,2,2,0.5,2,0.203,0.3218,MEDIUM,DEMO
61.8,1072.8,41.0,5.2,18.5,34.4,41.0,0.302,2,0,0.73,0,0.19,0.345,MEDIUM,DEMO
41.1,2115.4,83.3,11.3,31.1,51.8,83.3,0.444,1,1,0.822,0,0.108,0.2846,MEDIUM,DEMO
58.9,133.6,52.6,8.9,26.8,40.9,52.6,0.249,1,3,0.374,0,0.048,0.3218,MEDIUM,DEMO
35.8,216.4,25.6,3.5,13.5,18.5,25.6,0.337,2,0,0.789,3,0.038,0.1569,LOW,DEMO
25.5,1214.9,36.5,2.6,12.8,20.4,36.5,0.322,3,0,0.672,2,0.114,0.14,LOW,DEMO
31.6,597.5,60.3,6.9,28.0,43.0,60.3,0.337,3,0,0.202,0,0.14,0.2069,LOW,DEMO
36.6,545.1,166.3,15.2,71.5,131.7,166.3,0.584,1,3,0.199,0,0.577,0.466,MEDIUM,DEMO
15.9,212.6,19.4,2.7,8.0,12.3,19.4,0.267,0,0,0.741,0,0.232,0.0938,LOW,DEMO
37.7,716.1,30.7,3.9,14.6,25.2,30.7,0.308,0,3,0.476,3,0.427,0.1594,LOW,DEMO
58.9,201.8,63.8,9.1,28.0,39.6,63.8,0.366,1,0,0.496,0,0.406,0.4381,MEDIUM,DEMO
22.5,662.7,44.4,4.3,14.4,25.4,44.4,0.37,2,1,0.797,1,0.25,0.151,LOW,DEMO
44.7,1378.1,100.9,12.9,35.6,60.3,100.9,0.445,1,1,0.807,0,0.329,0.3685,MEDIUM,DEMO
51.5,348.9,65.0,12.6,30.2,52.1,65.0,0.275,2,0,0.206,1,0.352,0.4597,MEDIUM,DEMO
54.4,669.9,25.2,4.1,11.8,17.0,25.2,0.227,2,1,0.404,3,0.166,0.2796,MEDIUM,DEMO
56.1,4200.0,53.4,6.8,31.0,42.1,53.4,0.295,0,1,0.8,0,0.149,0.3147,MEDIUM,DEMO
34.2,1124.4,85.6,6.8,33.3,60.7,85.6,0.432,3,2,0.743,0,0.341,0.2004,LOW,DEMO
58.3,1737.0,116.6,12.7,47.9,80.9,116.6,0.494,1,1,0.668,1,0.278,0.5942,HIGH,DEMO
43.1,562.3,30.5,5.2,16.0,24.1,30.5,0.39,0,2,0.197,0,0.475,0.2012,LOW,DEMO
21.2,1394.4,89.3,9.3,43.4,60.5,89.3,0.365,2,2,0.592,2,0.567,0.2024,LOW,DEMO
32.8,117.2,61.4,8.7,29.0,48.5,61.4,0.429,3,0,0.562,1,0.352,0.2687,MEDIUM,DEMO
41.4,198.0,153.7,20.1,43.0,89.2,153.7,0.439,2,1,0.247,1,0.358,0.574,HIGH,DEMO
25.0,284.3,53.9,5.1,22.4,39.9,53.9,0.351,2,0,0.708,2,0.543,0.185,LOW,DEMO
38.3,542.7,25.7,5.8,12.0,19.6,25.7,0.31,3,0,0.357,0,0.293,0.1926,LOW,DEMO
39.3,1762.2,46.6,10.1,22.0,38.2,46.6,0.349,1,2,0.592,1,0.335,0.2374,LOW,DEMO
21.2,462.5,14.4,2.0,4.5,8.9,14.4,0.261,2,1,0.395,1,0.145,0.1181,LOW,DEMO
35.7,1036.8,15.8,2.4,5.3,11.6,15.8,0.285,1,1,0.184,0,0.233,0.1482,LOW,DEMO
43.7,1192.0,19.3,1.9,8.6,13.1,19.3,0.224,0,2,0.519,0,0.172,0.1425,LOW,DEMO
33.5,874.1,101.4,12.4,50.4,67.4,101.4,0.482,2,0,0.353,1,0.173,0.3714,MEDIUM,DEMO
9.4,477.8,94.2,9.6,39.8,54.8,94.2,0.437,2,1,0.174,0,0.003,0.1993,LOW,DEMO
8.8,854.5,105.1,9.5,40.6,62.0,105.1,0.463,1,1,0.271,1,0.118,0.2571,MEDIUM,DEMO
29.0,457.1,49.9,8.4,28.1,40.0,49.9,0.329,1,0,0.59,1,0.588,0.2344,LOW,DEMO
52.9,158.8,37.2,6.8,15.2,28.8,37.2,0.303,3,2,0.197,0,0.355,0.2728,MEDIUM,DEMO
24.2,4200.0,255.9,29.9,108.3,170.1,255.9,0.752,1,0,0.186,2,0.231,0.5821,HIGH,DEMO
38.1,202.4,82.5,8.4,30.8,65.9,82.5,0.483,3,1,0.837,2,0.107,0.2782,MEDIUM,DEMO
24.0,147.6,33.9,5.2,12.9,19.5,33.9,0.243,3,3,0.202,0,0.253,0.1116,LOW,DEMO
27.8,1977.3,180.2,22.6,98.5,132.9,180.2,0.512,2,1,0.406,1,0.392,0.5232,HIGH,DEMO
47.7,403.4,164.3,29.1,94.3,133.2,164.3,0.569,0,0,0.221,0,0.083,0.6092,HIGH,DEMO
41.8,1025.6,112.1,15.8,54.8,89.8,112.1,0.442,1,0,0.834,1,0.415,0.4632,MEDIUM,DEMO
17.4,439.1,67.2,13.9,30.5,44.4,67.2,0.381,1,0,0.486,1,0.141,0.2316,LOW,DEMO
31.4,527.0,41.3,8.3,23.4,32.0,41.3,0.326,2,2,0.204,0,0.025,0.1497,LOW,DEMO
11.9,353.6,55.4,7.6,19.3,37.5,55.4,0.384,1,0,0.704,0,0.239,0.144,LOW,DEMO
32.9,458.1,150.6,19.8,83.1,120.8,150.6,0.515,2,0,0.713,2,0.687,0.5027,HIGH,DEMO
39.1,555.9,45.2,8.1,17.0,32.0,45.2,0.273,2,2,0.805,2,0.313,0.1946,LOW,DEMO
18.9,1227.0,29.5,4.9,16.4,23.0,29.5,0.265,1,0,0.656,1,0.54,0.1503,LOW,DEMO
26.6,724.8,110.9,12.6,30.5,63.6,110.9,0.448,2,1,0.162,1,0.026,0.3287,MEDIUM,DEMO
30.4,2667.2,73.2,13.0,26.8,53.2,73.2,0.323,1,1,0.538,0,0.388,0.2385,LOW,DEMO
52.4,118.5,46.5,7.8,22.1,33.2,46.5,0.334,0,0,0.412,0,0.066,0.3141,MEDIUM,DEMO
61.3,709.4,49.6,6.4,18.3,36.3,49.6,0.345,0,1,0.689,0,0.153,0.3583,MEDIUM,DEMO
13.5,869.8,12.7,1.1,4.8,9.6,12.7,0.256,0,0,0.569,2,0.345,0.1051,LOW,DEMO
43.2,2355.4,52.1,8.4,26.5,43.0,52.1,0.357,2,3,0.671,1,0.06,0.2343,LOW,DEMO
29.5,125.4,142.1,35.7,78.2,111.7,142.1,0.433,2,0,0.257,2,0.143,0.441,MEDIUM,DEMO
30.2,846.9,37.6,3.0,12.3,23.1,37.6,0.272,1,0,0.452,1,0.443,0.1895,LOW,DEMO
42.9,1809.5,281.1,74.9,157.5,224.3,281.1,0.715,2,1,0.448,1,0.275,0.6893,HIGH,DEMO
52.3,329.3,74.2,12.1,30.2,43.6,74.2,0.432,2,0,0.866,0,0.206,0.3837,MEDIUM,DEMO
55.1,1960.9,24.0,3.6,11.0,17.6,24.0,0.41,1,2,0.135,1,0.062,0.2905,MEDIUM,DEMO
36.1,97.3,87.4,16.7,45.9,71.2,87.4,0.368,2,0,0.74,3,0.226,0.3351,MEDIUM,DEMO
29.1,1266.6,37.5,2.5,10.1,21.7,37.5,0.308,1,0,0.194,1,0.136,0.1808,LOW,DEMO
44.5,2514.3,112.5,13.5,50.7,90.6,112.5,0.424,2,0,0.181,1,0.129,0.4888,MEDIUM,DEMO
25.2,1043.5,156.8,18.7,65.5,123.8,156.8,0.552,2,0,0.369,0,0.217,0.4193,MEDIUM,DEMO
35.6,600.3,127.0,13.9,44.1,89.0,127.0,0.455,0,0,0.653,2,0.134,0.3984,MEDIUM,DEMO
29.1,121.3,125.1,21.6,45.6,80.4,125.1,0.497,1,1,0.636,2,0.048,0.3695,MEDIUM,DEMO
38.9,2354.4,55.4,6.4,20.7,37.2,55.4,0.386,2,3,0.597,2,0.46,0.2152,LOW,DEMO
24.7,651.9,38.3,7.7,21.5,32.2,38.3,0.26,2,0,0.709,0,0.258,0.1432,LOW,DEMO
22.6,106.5,104.3,10.0,40.1,63.7,104.3,0.457,0,0,0.297,0,0.102,0.2464,LOW,DEMO
52.3,1133.5,40.5,8.9,21.2,29.3,40.5,0.236,0,2,0.602,1,0.059,0.288,MEDIUM,DEMO
17.8,671.7,56.8,5.9,16.1,32.7,56.8,0.343,1,0,0.605,2,0.648,0.1806,LOW,DEMO
33.7,199.5,41.7,4.0,12.0,25.6,41.7,0.311,0,0,0.617,3,0.205,0.1793,LOW,DEMO
23.9,297.0,45.4,10.5,21.6,35.4,45.4,0.323,1,1,0.572,1,0.086,0.1845,LOW,DEMO
12.9,140.0,109.6,14.8,31.6,70.2,109.6,0.438,1,1,0.288,1,0.182,0.3,MEDIUM,DEMO
12.6,848.6,43.5,10.0,25.2,36.8,43.5,0.306,0,0,0.815,0,0.463,0.1441,LOW,DEMO
21.8,955.6,110.9,22.3,46.7,77.6,110.9,0.443,1,1,0.862,0,0.319,0.2735,MEDIUM,DEMO
48.8,714.2,156.2,24.3,65.7,110.1,156.2,0.552,2,1,0.644,0,0.024,0.553,HIGH,DEMO
26.4,1608.9,50.9,7.1,16.0,28.5,50.9,0.358,0,1,0.458,2,0.537,0.199,LOW,DEMO
55.1,1856.0,33.0,5.0,15.5,27.6,33.0,0.317,1,1,0.528,0,0.186,0.2822,MEDIUM,DEMO
36.2,940.5,137.3,10.8,47.9,82.7,137.3,0.476,1,1,0.202,2,0.258,0.4233,MEDIUM,DEMO
31.6,91.6,91.0,14.7,29.5,64.8,91.0,0.473,2,0,0.396,1,0.411,0.372,MEDIUM,DEMO
36.2,1149.4,42.6,3.4,13.5,28.5,42.6,0.405,1,0,0.862,2,0.503,0.2067,LOW,DEMO
34.1,567.2,58.9,6.6,23.9,39.7,58.9,0.295,0,0,0.536,3,0.219,0.2185,LOW,DEMO
43.1,830.3,96.1,8.8,35.3,71.4,96.1,0.437,3,3,0.546,3,0.278,0.3019,MEDIUM,DEMO
26.4,1022.5,21.4,3.3,11.0,16.0,21.4,0.266,2,1,0.845,1,0.526,0.1407,LOW,DEMO
28.9,468.0,196.7,17.9,62.5,117.3,196.7,0.662,2,2,0.794,2,0.176,0.4774,MEDIUM,DEMO
50.5,2321.1,130.4,16.6,43.7,91.2,130.4,0.492,0,3,0.552,2,0.321,0.5121,HIGH,DEMO
54.7,209.5,75.2,15.4,30.8,59.2,75.2,0.392,0,2,0.324,0,0.484,0.4265,MEDIUM,DEMO
50.4,1081.9,190.7,15.7,72.6,130.3,190.7,0.629,0,1,0.209,1,0.475,0.7314,HIGH,DEMO
31.1,83.9,171.9,20.6,47.5,103.1,171.9,0.554,0,1,0.776,3,0.14,0.4601,MEDIUM,DEMO
44.1,2407.1,65.4,4.9,20.7,42.1,65.4,0.455,0,0,0.819,2,0.251,0.2903,MEDIUM,DEMO
32.8,187.4,62.0,4.3,20.8,38.0,62.0,0.391,1,3,0.496,0,0.37,0.1596,LOW,DEMO
33.5,169.7,63.7,8.0,20.3,37.4,63.7,0.415,1,1,0.192,0,0.099,0.2202,LOW,DEMO
23.2,444.5,106.5,22.5,48.7,70.6,106.5,0.437,2,0,0.581,0,0.161,0.2912,MEDIUM,DEMO
36.5,500.9,101.2,12.8,50.7,72.1,101.2,0.432,2,0,0.399,0,0.188,0.3345,MEDIUM,DEMO
22.4,297.1,15.7,1.4,4.6,9.0,15.7,0.32,0,2,0.24,3,0.094,0.0935,LOW,DEMO
28.2,871.8,96.8,8.6,34.5,70.8,96.8,0.465,3,0,0.819,1,0.396,0.2872,MEDIUM,DEMO
48.1,606.5,96.4,24.7,52.3,81.7,96.4,0.367,2,0,0.302,1,0.257,0.5249,HIGH,DEMO
23.3,111.3,64.2,10.5,37.2,53.8,64.2,0.376,0,1,0.66,0,0.036,0.1665,LOW,DEMO
15.7,426.6,78.3,15.4,46.2,62.6,78.3,0.419,0,2,0.446,3,0.273,0.1984,LOW,DEMO
15.6,1576.7,18.7,2.5,5.3,11.8,18.7,0.278,0,1,0.749,3,0.355,0.0995,LOW,DEMO
54.2,1133.2,28.8,3.4,9.2,16.1,28.8,0.322,2,2,0.653,0,0.45,0.2313,LOW,DEMO
33.8,1241.5,40.5,10.4,21.7,32.4,40.5,0.321,0,2,0.214,1,0.276,0.2144,LOW,DEMO
30.8,1157.9,107.4,20.3,42.5,60.8,107.4,0.337,0,3,0.462,3,0.306,0.2992,MEDIUM,DEMO
45.6,415.2,160.9,15.6,46.1,98.4,160.9,0.483,1,1,0.317,1,0.325,0.6028,HIGH,DEMO
47.0,174.5,102.9,18.0,48.0,73.4,102.9,0.49,2,1,0.662,1,0.591,0.5278,HIGH,DEMO
28.2,366.3,81.2,7.1,26.3,49.0,81.2,0.389,1,0,0.534,1,0.148,0.2471,LOW,DEMO
40.4,1684.3,117.7,22.1,44.5,94.2,117.7,0.478,1,0,0.379,0,0.195,0.4428,MEDIUM,DEMO
43.7,3622.3,7.0,0.9,3.3,5.5,7.0,0.263,0,1,0.37,0,0.468,0.1702,LOW,DEMO
38.9,692.8,152.9,25.7,59.1,118.8,152.9,0.493,1,0,0.207,2,0.418,0.5638,HIGH,DEMO
20.7,88.8,68.5,10.7,36.5,54.4,68.5,0.354,1,1,0.283,3,0.031,0.1939,LOW,DEMO
49.3,215.8,141.2,17.2,58.5,87.0,141.2,0.529,1,0,0.662,1,0.138,0.5995,HIGH,DEMO
34.8,429.9,113.0,14.1,61.0,86.8,113.0,0.481,1,0,0.584,0,0.035,0.3359,MEDIUM,DEMO
26.4,857.7,42.6,5.8,15.7,27.9,42.6,0.438,0,3,0.39,1,0.648,0.1745,LOW,DEMO
31.2,150.3,87.9,8.2,29.9,66.0,87.9,0.389,0,1,0.755,1,0.614,0.2836,MEDIUM,DEMO
12.8,2663.9,45.4,3.4,14.1,26.6,45.4,0.418,1,1,0.488,0,0.157,0.1183,LOW,DEMO
19.4,488.8,100.5,12.1,45.2,76.6,100.5,0.394,0,1,0.724,0,0.281,0.2145,LOW,DEMO
43.5,2273.4,211.2,32.2,117.0,177.7,211.2,0.667,1,1,0.714,1,0.39,0.6745,HIGH,DEMO
5.1,1444.9,100.8,11.3,32.0,56.8,100.8,0.446,0,0,0.764,0,0.216,0.2113,LOW,DEMO
31.0,1347.5,41.1,4.6,14.5,23.8,41.1,0.32,1,1,0.766,1,0.077,0.1682,LOW,DEMO
34.3,919.9,130.5,10.4,46.5,76.6,130.5,0.492,0,1,0.636,0,0.551,0.3518,MEDIUM,DEMO
14.4,967.0,39.4,4.8,13.4,26.8,39.4,0.292,3,0,0.69,1,0.022,0.1342,LOW,DEMO
57.7,994.5,156.9,27.8,63.7,100.0,156.9,0.587,3,0,0.71,1,0.138,0.7131,HIGH,DEMO
24.1,971.7,34.1,5.9,15.7,27.0,34.1,0.271,1,1,0.249,1,0.341,0.1721,LOW,DEMO
27.2,806.1,144.3,34.0,69.1,99.9,144.3,0.534,1,0,0.348,0,0.845,0.4547,MEDIUM,DEMO
27.2,3948.8,52.0,5.5,23.7,36.1,52.0,0.384,3,2,0.199,0,0.129,0.1408,LOW,DEMO
24.3,1266.1,107.5,17.8,39.8,82.3,107.5,0.519,1,2,0.264,0,0.176,0.2736,MEDIUM,DEMO
6.5,1430.3,131.3,18.1,51.6,86.5,131.3,0.542,2,0,0.711,0,0.22,0.3134,MEDIUM,DEMO
41.9,1933.4,87.2,13.5,37.8,57.2,87.2,0.441,2,1,0.84,0,0.461,0.3339,MEDIUM,DEMO
56.9,298.6,56.3,7.4,20.8,43.7,56.3,0.323,3,3,0.632,0,0.253,0.302,MEDIUM,DEMO
24.1,158.8,89.4,14.4,48.2,70.1,89.4,0.377,1,2,0.793,2,0.402,0.2246,LOW,DEMO
39.2,673.6,68.5,5.8,19.6,38.0,68.5,0.32,0,0,0.362,2,0.149,0.2728,MEDIUM,DEMO
42.4,729.5,76.8,10.7,27.4,45.6,76.8,0.331,0,0,0.763,0,0.426,0.3053,MEDIUM,DEMO
47.7,1670.4,21.4,2.1,9.6,13.2,21.4,0.29,1,0,0.377,0,0.154,0.2107,LOW,DEMO
31.2,607.9,115.7,17.7,47.1,75.8,115.7,0.428,1,1,0.8,0,0.498,0.3411,MEDIUM,DEMO
27.2,841.4,85.6,13.1,31.5,54.5,85.6,0.469,1,0,0.727,0,0.184,0.2439,LOW,DEMO
28.0,753.9,16.9,1.8,5.7,12.7,16.9,0.252,0,1,0.868,0,0.211,0.1003,LOW,DEMO
41.1,115.1,58.8,6.1,23.0,47.0,58.8,0.364,2,2,0.749,0,0.245,0.1906,LOW,DEMO
46.0,939.6,11.4,1.1,4.3,6.9,11.4,0.258,1,2,0.423,1,0.589,0.197,LOW,DEMO
22.2,1664.5,78.0,7.5,33.5,56.1,78.0,0.325,2,0,0.204,3,0.258,0.2154,LOW,DEMO
29.5,234.2,105.5,8.8,39.0,69.7,105.5,0.5,2,0,0.784,1,0.165,0.3011,MEDIUM,DEMO
51.1,892.0,46.6,5.9,23.8,32.7,46.6,0.371,1,2,0.554,0,0.045,0.2348,LOW,DEMO
45.4,890.4,44.1,3.7,17.9,32.5,44.1,0.372,0,0,0.772,1,0.082,0.2588,MEDIUM,DEMO
59.5,241.4,56.7,7.9,28.3,46.4,56.7,0.385,3,2,0.414,1,0.37,0.4205,MEDIUM,DEMO
42.9,198.6,43.9,4.8,16.6,26.7,43.9,0.294,0,0,0.142,3,0.452,0.2745,MEDIUM,DEMO
30.2,3603.2,38.2,6.7,13.4,22.0,38.2,0.284,2,3,0.16,1,0.222,0.1693,LOW,DEMO
36.5,530.4,14.7,3.2,6.4,10.8,14.7,0.3,2,1,0.63,2,0.198,0.1569,LOW,DEMO
39.1,312.2,42.9,4.0,15.8,28.6,42.9,0.407,1,0,0.207,0,0.232,0.218,LOW,DEMO
16.3,249.1,22.0,2.5,9.5,13.2,22.0,0.31,2,1,0.687,2,0.151,0.1039,LOW,DEMO
35.0,1071.3,152.6,18.2,52.2,89.3,152.6,0.582,1,3,0.439,0,0.643,0.4397,MEDIUM,DEMO
41.0,926.2,169.4,18.1,74.0,121.6,169.4,0.538,2,0,0.548,0,0.466,0.5613,HIGH,DEMO
21.5,1008.4,101.6,14.8,42.1,65.0,101.6,0.494,1,0,0.729,3,0.033,0.266,MEDIUM,DEMO
44.2,162.9,147.9,18.9,59.1,125.6,147.9,0.504,1,1,0.312,2,0.21,0.5627,HIGH,DEMO
36.3,2095.9,40.2,5.5,18.5,27.0,40.2,0.337,0,2,0.434,3,0.42,0.178,LOW,DEMO
55.3,523.8,104.9,17.4,38.9,64.4,104.9,0.426,3,0,0.674,1,0.379,0.595,HIGH,DEMO
13.3,418.4,103.1,22.1,49.3,76.2,103.1,0.486,3,0,0.818,1,0.71,0.3367,MEDIUM,DEMO
25.7,638.5,90.3,19.0,38.4,56.3,90.3,0.463,2,0,0.341,1,0.156,0.3456,MEDIUM,DEMO
36.9,525.0,55.5,7.4,27.6,38.8,55.5,0.279,1,0,0.593,1,0.256,0.256,MEDIUM,DEMO
26.9,1872.8,74.3,13.7,29.3,51.6,74.3,0.454,0,0,0.843,1,0.082,0.2603,MEDIUM,DEMO
41.2,2463.9,88.0,15.1,41.9,60.4,88.0,0.532,1,1,0.613,0,0.155,0.3493,MEDIUM,DEMO
43.2,405.5,86.7,13.6,36.1,68.4,86.7,0.393,2,1,0.799,0,0.129,0.3185,MEDIUM,DEMO
17.9,1875.2,36.4,6.8,14.5,22.4,36.4,0.311,2,2,0.834,0,0.527,0.1039,LOW,DEMO
34.0,1449.0,163.1,31.1,64.4,133.9,163.1,0.615,1,1,0.826,1,0.059,0.4993,MEDIUM,DEMO
33.8,2483.8,78.3,11.7,28.1,61.6,78.3,0.399,2,0,0.696,1,0.332,0.3095,MEDIUM,DEMO
29.5,333.8,120.4,11.4,37.5,78.3,120.4,0.473,1,2,0.54,2,0.272,0.29,MEDIUM,DEMO
53.5,854.3,50.1,5.7,16.5,30.3,50.1,0.438,3,1,0.194,0,0.256,0.3372,MEDIUM,DEMO
46.5,368.9,100.6,11.3,29.3,63.8,100.6,0.369,1,3,0.289,1,0.589,0.4164,MEDIUM,DEMO
40.5,1644.0,81.9,15.3,34.0,53.2,81.9,0.363,0,1,0.314,0,0.752,0.3735,MEDIUM,DEMO
41.2,84.8,39.4,6.1,15.4,28.3,39.4,0.344,2,0,0.145,1,0.073,0.2708,MEDIUM,DEMO
32.4,828.8,75.0,8.8,28.4,42.3,75.0,0.308,3,1,0.197,1,0.195,0.2738,MEDIUM,DEMO
52.5,452.9,60.4,7.5,23.1,49.7,60.4,0.343,1,0,0.344,1,0.14,0.3991,MEDIUM,DEMO
40.4,430.7,64.7,4.2,19.3,37.5,64.7,0.351,1,3,0.189,0,0.218,0.2005,LOW,DEMO
41.8,1011.8,134.0,23.2,48.6,84.9,134.0,0.547,2,2,0.249,2,0.291,0.4874,MEDIUM,DEMO
48.5,1796.4,69.3,5.2,22.8,40.4,69.3,0.413,3,2,0.161,2,0.387,0.3205,MEDIUM,DEMO
26.1,925.6,129.0,14.8,39.6,80.9,129.0,0.405,3,1,0.437,3,0.174,0.3312,MEDIUM,DEMO
45.5,1806.7,106.8,29.6,64.1,85.6,106.8,0.414,1,0,0.744,1,0.358,0.5024,HIGH,DEMO
22.8,356.6,80.5,10.3,31.7,59.2,80.5,0.365,1,1,0.737,2,0.427,0.2211,LOW,DEMO
28.7,739.6,138.7,25.1,57.1,85.7,138.7,0.497,2,1,0.808,2,0.385,0.4033,MEDIUM,DEMO
28.3,618.9,132.0,24.4,55.3,107.1,132.0,0.44,1,0,0.687,0,0.08,0.3467,MEDIUM,DEMO
58.5,90.5,80.6,9.9,45.5,63.7,80.6,0.422,1,1,0.306,2,0.292,0.5048,HIGH,DEMO
48.1,812.4,84.7,12.1,37.2,65.7,84.7,0.373,1,2,0.654,0,0.112,0.3073,MEDIUM,DEMO
40.7,1055.0,139.6,32.9,80.9,112.3,139.6,0.539,1,0,0.693,2,0.239,0.5151,HIGH,DEMO
41.8,886.7,111.1,14.8,45.2,81.8,111.1,0.456,0,0,0.533,1,0.54,0.4846,MEDIUM,DEMO
35.6,1279.6,162.0,18.7,51.4,113.5,162.0,0.502,0,3,0.733,1,0.264,0.4545,MEDIUM,DEMO
54.8,842.4,68.4,10.4,27.4,45.3,68.4,0.446,2,0,0.174,0,0.62,0.4635,MEDIUM,DEMO
33.4,142.2,31.7,2.9,11.9,19.5,31.7,0.38,1,0,0.572,2,0.101,0.1709,LOW,DEMO
29.8,191.4,45.5,5.1,15.9,32.7,45.5,0.349,3,1,0.485,0,0.532,0.171,LOW,DEMO
21.3,896.8,15.8,1.4,6.7,12.9,15.8,0.267,0,1,0.732,2,0.198,0.1021,LOW,DEMO
44.4,369.4,43.4,5.3,21.6,31.6,43.4,0.278,1,3,0.217,0,0.362,0.2055,LOW,DEMO
42.1,154.7,110.4,14.9,42.0,91.1,110.4,0.509,3,0,0.282,0,0.262,0.4342,MEDIUM,DEMO
30.0,585.3,69.1,10.1,27.1,45.4,69.1,0.42,1,3,0.545,0,0.307,0.181,LOW,DEMO
11.4,807.3,39.2,4.4,18.1,29.7,39.2,0.282,1,0,0.84,0,0.033,0.1041,LOW,DEMO
47.1,438.7,50.9,10.6,24.9,37.9,50.9,0.31,3,1,0.183,1,0.208,0.3572,MEDIUM,DEMO
9.3,1227.1,90.4,9.8,31.3,67.9,90.4,0.441,2,0,0.685,0,0.034,0.1854,LOW,DEMO
40.8,1009.0,52.8,11.7,24.6,39.3,52.8,0.289,1,1,0.276,0,0.259,0.2666,MEDIUM,DEMO
57.3,444.2,63.9,5.6,17.8,39.4,63.9,0.337,3,3,0.2,3,0.118,0.346,MEDIUM,DEMO
31.6,1345.4,22.6,1.7,7.1,13.4,22.6,0.24,0,0,0.42,0,0.119,0.1307,LOW,DEMO
24.5,1021.5,150.5,32.5,76.1,126.9,150.5,0.479,1,0,0.563,2,0.238,0.4179,MEDIUM,DEMO
40.8,993.1,163.6,24.7,66.7,92.2,163.6,0.518,2,1,0.749,0,0.064,0.4849,MEDIUM,DEMO
46.0,805.5,40.8,4.3,13.7,28.1,40.8,0.371,1,1,0.602,2,0.076,0.2442,LOW,DEMO
35.0,90.3,58.8,6.1,20.0,39.9,58.8,0.272,3,0,0.494,2,0.294,0.2345,LOW,DEMO
56.9,1153.2,14.1,1.5,6.0,9.3,14.1,0.298,0,3,0.337,2,0.398,0.2543,MEDIUM,DEMO
14.1,504.5,142.9,19.1,63.1,112.1,142.9,0.528,1,1,0.342,1,0.13,0.3854,MEDIUM,DEMO
33.7,2652.1,28.3,2.9,13.9,21.9,28.3,0.351,1,0,0.706,3,0.279,0.162,LOW,DEMO
41.4,1613.3,72.8,15.7,44.8,59.8,72.8,0.398,2,3,0.207,1,0.163,0.3394,MEDIUM,DEMO
48.5,877.4,34.8,8.1,17.3,23.2,34.8,0.296,0,0,0.231,1,0.279,0.3378,MEDIUM,DEMO
22.0,341.5,73.9,13.0,29.6,53.2,73.9,0.346,0,2,0.667,1,0.094,0.1917,LOW,DEMO
45.1,285.0,126.5,13.0,62.2,103.4,126.5,0.534,3,0,0.85,3,0.482,0.4809,MEDIUM,DEMO
35.2,454.5,106.4,30.2,65.1,90.2,106.4,0.472,3,0,0.211,0,0.079,0.3845,MEDIUM,DEMO
30.3,662.6,111.4,15.0,44.7,93.7,111.4,0.432,1,1,0.583,0,0.061,0.2939,MEDIUM,DEMO
19.6,396.0,25.8,3.0,11.5,19.7,25.8,0.343,1,1,0.302,1,0.351,0.1412,LOW,DEMO
48.7,731.1,71.5,10.2,23.9,42.4,71.5,0.361,1,1,0.14,3,0.655,0.4126,MEDIUM,DEMO
21.0,242.7,226.3,20.1,67.9,126.0,226.3,0.67,3,0,0.753,0,0.136,0.4597,MEDIUM,DEMO
27.4,3503.4,87.0,14.3,51.9,69.4,87.0,0.381,1,0,0.507,0,0.469,0.2744,MEDIUM,DEMO
26.7,182.8,75.7,10.1,40.7,60.8,75.7,0.417,2,1,0.138,0,0.363,0.233,LOW,DEMO
49.0,2498.7,62.3,9.5,27.3,48.2,62.3,0.316,3,3,0.801,0,0.261,0.2529,MEDIUM,DEMO
39.5,2283.7,81.8,8.3,36.2,51.9,81.8,0.387,1,1,0.527,0,0.149,0.2644,MEDIUM,DEMO
44.9,750.7,73.7,14.2,32.7,54.7,73.7,0.354,1,0,0.68,2,0.581,0.4015,MEDIUM,DEMO
25.1,1241.6,203.0,31.8,93.2,130.9,203.0,0.64,1,1,0.442,0,0.07,0.4758,MEDIUM,DEMO
37.7,595.5,121.7,14.8,44.2,83.4,121.7,0.495,3,1,0.261,1,0.54,0.4798,MEDIUM,DEMO
35.9,974.9,68.0,4.7,23.4,45.2,68.0,0.321,1,0,0.474,0,0.489,0.2297,LOW,DEMO
46.8,454.7,117.9,22.7,51.0,97.2,117.9,0.489,3,1,0.339,2,0.207,0.5279,HIGH,DEMO
51.4,402.5,43.2,5.7,16.4,26.8,43.2,0.256,3,1,0.346,2,0.047,0.3012,MEDIUM,DEMO
9.4,857.0,73.0,9.4,28.4,52.8,73.0,0.495,1,0,0.609,2,0.143,0.2013,LOW,DEMO
39.6,700.5,52.8,7.4,17.2,34.8,52.8,0.323,1,1,0.192,2,0.409,0.276,MEDIUM,DEMO
14.2,859.8,113.1,13.9,63.4,84.7,113.1,0.512,2,1,0.422,3,0.363,0.2858,MEDIUM,DEMO
35.1,384.0,69.5,11.2,36.0,50.0,69.5,0.389,0,3,0.535,1,0.51,0.261,MEDIUM,DEMO
26.6,491.5,81.0,16.0,42.9,67.0,81.0,0.413,1,1,0.659,3,0.476,0.2757,MEDIUM,DEMO
27.3,158.9,66.0,9.3,27.5,38.3,66.0,0.314,0,1,0.601,0,0.269,0.1852,LOW,DEMO
28.9,128.3,93.0,10.7,41.9,57.3,93.0,0.465,2,0,0.794,1,0.344,0.2979,MEDIUM,DEMO
37.6,343.1,114.2,16.8,58.1,89.0,114.2,0.464,3,1,0.874,0,0.315,0.3633,MEDIUM,DEMO
28.3,149.4,163.9,19.0,65.6,108.3,163.9,0.578,0,0,0.832,0,0.123,0.4168,MEDIUM,DEMO
42.0,178.6,61.8,13.2,26.5,37.1,61.8,0.36,2,0,0.701,1,0.267,0.3432,MEDIUM,DEMO
30.6,1588.6,36.3,4.7,15.8,25.5,36.3,0.324,2,0,0.641,3,0.143,0.1616,LOW,DEMO
15.5,115.7,96.3,9.2,35.0,71.8,96.3,0.384,2,1,0.147,0,0.19,0.2059,LOW,DEMO
44.3,1048.1,29.4,4.2,9.3,16.6,29.4,0.297,2,1,0.525,2,0.585,0.2439,LOW,DEMO
26.5,366.4,60.6,7.4,22.5,38.6,60.6,0.341,0,2,0.624,2,0.466,0.1708,LOW,DEMO
31.5,1927.0,23.4,4.5,13.6,18.6,23.4,0.258,1,1,0.434,0,0.406,0.1452,LOW,DEMO
40.0,677.2,334.2,55.7,152.9,236.0,334.2,0.877,0,1,0.412,0,0.258,0.6593,HIGH,DEMO
28.2,408.2,151.3,22.9,60.4,84.8,151.3,0.549,3,0,0.532,1,0.461,0.4918,MEDIUM,DEMO
14.6,736.2,142.7,23.1,61.3,90.6,142.7,0.528,1,2,0.809,0,0.061,0.2604,MEDIUM,DEMO
29.6,513.1,168.9,14.3,68.0,125.3,168.9,0.559,3,0,0.318,2,0.059,0.4686,MEDIUM,DEMO
54.5,827.7,133.3,24.1,54.1,81.3,133.3,0.518,1,1,0.423,0,0.284,0.5956,HIGH,DEMO
38.4,189.5,87.3,9.2,35.4,69.7,87.3,0.424,1,0,0.616,0,0.311,0.2925,MEDIUM,DEMO
39.5,4200.0,88.9,11.0,38.3,67.0,88.9,0.42,2,2,0.261,2,0.442,0.3241,MEDIUM,DEMO
38.0,578.9,159.1,19.2,76.1,110.0,159.1,0.554,2,1,0.755,3,0.057,0.4843,MEDIUM,DEMO
23.0,465.3,165.5,37.2,86.5,136.5,165.5,0.617,0,2,0.626,0,0.122,0.3504,MEDIUM,DEMO
31.0,1194.7,38.8,6.8,18.1,25.9,38.8,0.262,1,0,0.388,2,0.349,0.2008,LOW,DEMO
42.8,487.2,68.2,9.5,22.3,42.3,68.2,0.361,0,1,0.669,1,0.714,0.3504,MEDIUM,DEMO
17.8,1692.3,79.2,15.8,40.0,59.3,79.2,0.414,2,1,0.332,2,0.517,0.2681,MEDIUM,DEMO
26.2,625.1,135.8,11.6,50.1,98.1,135.8,0.423,2,0,0.709,1,0.211,0.3492,MEDIUM,DEMO
26.2,1224.3,43.5,5.0,17.4,28.3,43.5,0.4,0,0,0.174,3,0.032,0.1726,LOW,DEMO
31.5,182.3,40.1,5.3,15.2,26.2,40.1,0.337,1,0,0.444,0,0.389,0.1766,LOW,DEMO
58.8,1764.4,27.6,3.3,11.4,18.5,27.6,0.349,1,1,0.319,3,0.343,0.3416,MEDIUM,DEMO
15.5,1277.7,53.5,4.4,16.7,34.1,53.5,0.405,1,0,0.741,2,0.264,0.149,LOW,DEMO
34.1,294.1,60.1,11.8,25.6,45.8,60.1,0.382,1,0,0.692,3,0.248,0.2525,MEDIUM,DEMO
22.0,221.3,187.5,38.5,90.8,139.7,187.5,0.487,3,0,0.76,2,0.096,0.4481,MEDIUM,DEMO
57.4,422.2,126.4,16.2,53.3,86.2,126.4,0.492,2,1,0.615,3,0.447,0.616,HIGH,DEMO
18.5,3439.4,135.8,24.0,55.9,90.9,135.8,0.513,0,0,0.724,2,0.556,0.3821,MEDIUM,DEMO
30.6,347.1,35.4,5.5,14.1,23.4,35.4,0.261,1,2,0.453,3,0.525,0.1498,LOW,DEMO
42.2,628.1,65.5,6.1,30.5,41.6,65.5,0.282,1,0,0.635,1,0.397,0.3043,MEDIUM,DEMO
40.8,107.4,116.8,15.4,49.1,67.3,116.8,0.49,1,0,0.144,3,0.095,0.4592,MEDIUM,DEMO
31.2,535.6,83.0,8.4,29.2,52.3,83.0,0.342,2,1,0.789,1,0.022,0.2365,LOW,DEMO
28.7,842.3,104.6,10.0,37.6,67.6,104.6,0.547,1,3,0.64,2,0.275,0.2518,MEDIUM,DEMO
30.4,2834.2,28.0,3.4,12.3,20.0,28.0,0.315,1,3,0.778,2,0.213,0.1175,LOW,DEMO
25.7,734.5,80.8,14.6,30.2,63.2,80.8,0.468,1,0,0.706,2,0.436,0.2858,MEDIUM,DEMO
23.2,1618.9,120.7,15.1,43.7,80.7,120.7,0.476,1,0,0.338,2,0.31,0.3561,MEDIUM,DEMO
33.0,792.9,36.4,7.1,15.7,30.3,36.4,0.355,1,1,0.327,0,0.696,0.1995,LOW,DEMO
25.9,117.5,18.4,2.0,7.6,14.7,18.4,0.287,2,0,0.728,2,0.362,0.1286,LOW,DEMO
26.6,420.5,35.2,4.8,19.1,29.8,35.2,0.366,3,1,0.26,0,0.184,0.1436,LOW,DEMO
38.9,851.3,157.8,33.8,72.5,128.3,157.8,0.441,0,1,0.204,1,0.041,0.5404,HIGH,DEMO
57.1,2786.9,31.2,4.0,11.5,22.9,31.2,0.352,2,1,0.131,2,0.096,0.3439,MEDIUM,DEMO
37.0,1843.9,76.6,18.8,40.1,55.9,76.6,0.426,2,3,0.347,2,0.19,0.3103,MEDIUM,DEMO
16.2,313.3,17.8,1.6,7.4,10.5,17.8,0.275,2,0,0.195,2,0.069,0.1138,LOW,DEMO
16.1,303.7,40.0,10.3,21.8,30.7,40.0,0.304,2,1,0.729,1,0.08,0.1522,LOW,DEMO
55.2,282.1,86.3,11.6,35.7,63.0,86.3,0.395,3,1,0.488,0,0.385,0.4482,MEDIUM,DEMO
26.9,2381.7,75.5,6.1,24.8,53.0,75.5,0.404,0,1,0.312,1,0.086,0.2256,LOW,DEMO
17.2,1803.5,143.0,21.2,52.3,108.4,143.0,0.576,1,1,0.578,1,0.279,0.394,MEDIUM,DEMO
36.8,1422.0,98.0,15.7,35.7,67.0,98.0,0.405,2,3,0.173,0,0.344,0.3109,MEDIUM,DEMO
37.7,528.9,36.4,2.8,13.3,25.7,36.4,0.232,2,3,0.672,1,0.282,0.1608,LOW,DEMO
38.6,711.8,64.8,15.3,30.9,43.4,64.8,0.495,1,1,0.501,3,0.124,0.3158,MEDIUM,DEMO
25.8,641.8,56.2,13.1,32.1,43.0,56.2,0.388,1,1,0.125,1,0.084,0.2462,LOW,DEMO
9.9,343.0,11.3,1.9,6.4,9.2,11.3,0.251,0,1,0.363,2,0.216,0.1023,LOW,DEMO
56.7,712.9,190.4,25.1,102.2,152.8,190.4,0.663,3,2,0.69,1,0.229,0.7225,HIGH,DEMO
25.2,107.9,77.8,12.2,38.3,61.1,77.8,0.441,2,0,0.263,1,0.625,0.3123,MEDIUM,DEMO
39.7,207.2,87.1,8.7,32.9,48.2,87.1,0.436,0,1,0.851,0,0.273,0.2707,MEDIUM,DEMO
40.9,2039.1,114.5,24.1,69.2,94.3,114.5,0.439,2,1,0.801,3,0.231,0.4187,MEDIUM,DEMO
37.2,1333.7,115.5,20.0,46.0,73.0,115.5,0.498,1,1,0.711,1,0.225,0.4365,MEDIUM,DEMO
27.5,574.7,123.2,19.9,49.9,100.5,123.2,0.533,1,0,0.18,2,0.502,0.442,MEDIUM,DEMO
26.0,735.2,58.4,5.9,17.8,35.6,58.4,0.272,3,1,0.389,2,0.035,0.1737,LOW,DEMO
36.8,495.8,53.7,5.4,22.9,36.6,53.7,0.361,0,1,0.347,2,0.214,0.2307,LOW,DEMO
48.7,1295.1,146.4,30.4,62.4,113.4,146.4,0.537,1,0,0.225,0,0.209,0.5906,HIGH,DEMO
54.7,1460.0,193.3,29.2,103.7,143.4,193.3,0.622,1,1,0.88,3,0.367,0.714,HIGH,DEMO
18.1,1376.8,17.7,2.1,7.6,11.9,17.7,0.285,2,1,0.232,2,0.127,0.1126,LOW,DEMO
20.8,1234.1,143.2,27.7,70.4,107.9,143.2,0.575,0,3,0.36,2,0.61,0.3751,MEDIUM,DEMO
54.5,285.9,64.9,9.0,20.9,46.4,64.9,0.36,2,0,0.789,1,0.52,0.4392,MEDIUM,DEMO
42.2,451.2,72.3,13.6,27.4,45.8,72.3,0.384,0,0,0.23,2,0.05,0.3654,MEDIUM,DEMO
49.8,651.1,7.1,1.5,3.0,5.2,7.1,0.279,2,0,0.477,1,0.047,0.2314,LOW,DEMO
23.1,441.5,76.6,14.7,31.0,46.8,76.6,0.383,0,3,0.862,1,0.42,0.2128,LOW,DEMO
36.4,1345.6,50.7,7.2,21.7,38.4,50.7,0.275,2,2,0.308,2,0.34,0.2055,LOW,DEMO
40.7,439.6,10.2,1.0,4.2,5.6,10.2,0.28,2,1,0.654,1,0.092,0.1649,LOW,DEMO
39.8,213.9,155.2,27.1,72.2,110.9,155.2,0.55,0,0,0.181,0,0.087,0.5245,HIGH,DEMO
30.7,538.3,86.4,7.7,37.5,57.9,86.4,0.392,0,1,0.577,0,0.502,0.2346,LOW,DEMO
10.0,3597.0,95.0,11.4,44.2,60.9,95.0,0.42,1,2,0.378,1,0.442,0.2289,LOW,DEMO
36.3,310.4,154.4,16.4,81.5,108.8,154.4,0.378,3,3,0.652,3,0.146,0.3813,MEDIUM,DEMO
25.2,932.4,116.8,11.2,44.2,86.9,116.8,0.527,1,0,0.449,3,0.216,0.3132,MEDIUM,DEMO
32.0,590.6,27.0,5.4,15.7,22.7,27.0,0.345,3,3,0.347,2,0.163,0.1429,LOW,DEMO
55.8,146.3,133.6,16.9,53.3,106.9,133.6,0.431,0,0,0.535,0,0.149,0.5852,HIGH,DEMO
30.4,682.3,21.5,3.0,9.6,16.4,21.5,0.256,0,0,0.226,1,0.011,0.1628,LOW,DEMO
47.2,1170.1,111.2,16.6,37.0,77.2,111.2,0.529,3,3,0.739,1,0.325,0.4584,MEDIUM,DEMO
22.5,727.9,217.9,37.3,92.7,145.5,217.9,0.597,2,1,0.691,1,0.016,0.4878,MEDIUM,DEMO
39.5,1930.9,111.8,17.8,37.0,62.6,111.8,0.482,2,2,0.534,0,0.37,0.3654,MEDIUM,DEMO
58.3,386.9,60.1,8.4,25.2,39.5,60.1,0.337,3,3,0.399,0,0.047,0.3294,MEDIUM,DEMO
17.8,161.2,213.4,31.6,112.2,171.7,213.4,0.667,3,1,0.816,0,0.177,0.4291,MEDIUM,DEMO
8.7,2562.0,86.2,8.6,36.4,57.3,86.2,0.413,0,0,0.602,1,0.488,0.2364,LOW,DEMO
31.5,507.6,37.2,5.5,13.8,25.6,37.2,0.305,0,1,0.336,1,0.353,0.2011,LOW,DEMO
17.2,853.1,47.9,9.6,21.2,30.2,47.9,0.358,0,1,0.733,0,0.102,0.133,LOW,DEMO
42.7,1493.2,46.7,4.6,18.2,29.5,46.7,0.312,2,2,0.603,1,0.436,0.2274,LOW,DEMO
52.0,432.8,243.5,38.3,82.6,138.4,243.5,0.613,1,1,0.217,0,0.287,0.7063,HIGH,DEMO
31.5,1213.4,110.6,21.7,60.6,81.2,110.6,0.409,1,2,0.207,2,0.304,0.3503,MEDIUM,DEMO
25.5,211.0,113.1,10.1,41.4,77.4,113.1,0.408,3,3,0.833,0,0.667,0.2177,LOW,DEMO
31.5,389.9,101.6,17.8,45.2,74.3,101.6,0.358,2,2,0.339,0,0.118,0.276,MEDIUM,DEMO
41.6,220.7,90.4,15.0,42.3,64.6,90.4,0.436,0,2,0.624,2,0.123,0.3303,MEDIUM,DEMO
8.8,1580.5,54.2,4.3,20.9,42.8,54.2,0.342,1,1,0.148,0,0.302,0.1408,LOW,DEMO
36.5,306.7,30.8,4.2,13.3,23.9,30.8,0.325,0,1,0.543,1,0.048,0.1877,LOW,DEMO
37.3,1217.4,95.9,22.5,51.7,74.9,95.9,0.454,1,3,0.296,0,0.256,0.3208,MEDIUM,DEMO
38.2,2663.0,209.5,28.0,76.4,146.6,209.5,0.677,0,1,0.226,0,0.206,0.6012,HIGH,DEMO
24.8,755.3,92.7,10.4,36.4,60.8,92.7,0.443,0,2,0.708,0,0.474,0.1965,LOW,DEMO
41.2,778.9,164.1,41.7,87.1,136.2,164.1,0.506,2,1,0.735,0,0.407,0.5142,HIGH,DEMO
17.2,636.3,17.2,1.7,6.3,9.7,17.2,0.311,3,1,0.664,0,0.049,0.0843,LOW,DEMO
23.0,434.9,93.0,10.2,37.1,55.4,93.0,0.434,3,1,0.129,1,0.196,0.2777,MEDIUM,DEMO
49.4,661.0,51.7,7.6,24.8,35.0,51.7,0.456,1,2,0.337,1,0.287,0.323,MEDIUM,DEMO
42.3,911.0,35.7,7.0,14.9,26.2,35.7,0.317,2,1,0.394,1,0.131,0.2535,MEDIUM,DEMO
9.7,3921.3,183.0,23.6,66.9,101.1,183.0,0.609,2,0,0.645,0,0.218,0.4169,MEDIUM,DEMO
25.1,2579.1,56.7,11.8,29.1,43.4,56.7,0.35,2,0,0.694,1,0.192,0.221,LOW,DEMO
23.6,1863.4,110.5,21.1,42.8,79.3,110.5,0.458,2,1,0.597,3,0.196,0.3113,MEDIUM,DEMO
25.9,2059.5,70.7,15.8,36.4,49.2,70.7,0.38,3,0,0.72,0,0.328,0.2351,LOW,DEMO
25.0,647.7,26.9,3.3,12.9,18.2,26.9,0.278,0,1,0.445,0,0.054,0.1128,LOW,DEMO
15.1,1044.2,120.3,19.9,45.6,84.9,120.3,0.482,2,3,0.532,2,0.159,0.2674,MEDIUM,DEMO
32.3,2109.0,59.6,9.9,23.3,35.7,59.6,0.392,2,3,0.169,1,0.262,0.2291,LOW,DEMO
42.0,529.2,131.8,13.8,51.1,76.8,131.8,0.474,1,1,0.445,2,0.593,0.4939,MEDIUM,DEMO
37.1,3017.5,40.3,4.4,14.9,25.7,40.3,0.367,1,0,0.449,1,0.24,0.231,LOW,DEMO
39.5,563.7,52.4,11.7,28.4,40.0,52.4,0.383,0,1,0.585,0,0.169,0.2438,LOW,DEMO
16.5,907.1,107.9,14.0,51.5,78.4,107.9,0.406,3,1,0.407,1,0.153,0.282,MEDIUM,DEMO
55.2,1193.5,42.8,5.0,19.2,29.7,42.8,0.281,3,0,0.301,1,0.189,0.3752,MEDIUM,DEMO
47.1,2786.9,119.1,18.2,44.4,85.9,119.1,0.494,2,0,0.301,1,0.455,0.5895,HIGH,DEMO
45.4,332.5,14.2,2.7,5.8,10.2,14.2,0.247,1,0,0.222,1,0.115,0.2334,LOW,DEMO
46.3,1313.8,31.1,2.6,11.6,20.0,31.1,0.256,0,1,0.653,3,0.384,0.2204,LOW,DEMO
53.5,742.1,80.1,10.4,31.1,46.4,80.1,0.485,2,0,0.593,1,0.136,0.4685,MEDIUM,DEMO
35.0,361.5,113.3,22.5,59.0,92.8,113.3,0.412,0,0,0.56,2,0.088,0.4001,MEDIUM,DEMO
23.0,1428.9,82.5,11.5,28.7,60.2,82.5,0.327,1,3,0.524,2,0.087,0.185,LOW,DEMO
37.5,803.1,105.0,21.6,43.3,79.8,105.0,0.406,3,2,0.399,0,0.46,0.3453,MEDIUM,DEMO
42.4,1053.5,57.1,9.4,23.3,39.3,57.1,0.368,2,0,0.704,1,0.223,0.3084,MEDIUM,DEMO
42.2,430.9,13.1,2.6,6.8,10.1,13.1,0.278,2,0,0.821,3,0.099,0.1676,LOW,DEMO
34.2,670.7,62.2,15.1,30.4,45.2,62.2,0.46,0,1,0.454,2,0.179,0.2934,MEDIUM,DEMO
15.5,944.6,63.3,4.7,21.4,35.8,63.3,0.329,1,0,0.431,0,0.267,0.1466,LOW,DEMO
29.5,547.1,155.8,13.7,61.7,127.3,155.8,0.551,2,1,0.244,1,0.273,0.4624,MEDIUM,DEMO
52.5,279.0,117.6,14.9,40.6,75.5,117.6,0.525,0,0,0.63,0,0.023,0.5043,HIGH,DEMO
36.3,3014.7,33.3,3.2,10.4,19.7,33.3,0.279,1,0,0.544,1,0.523,0.2151,LOW,DEMO
34.8,724.7,9.8,0.9,3.9,5.7,9.8,0.303,1,0,0.871,0,0.039,0.1135,LOW,DEMO
25.9,1271.6,70.4,7.9,27.2,53.9,70.4,0.289,1,0,0.564,0,0.12,0.1808,LOW,DEMO
29.4,556.5,51.5,9.3,23.1,39.2,51.5,0.434,1,3,0.339,1,0.511,0.2106,LOW,DEMO
50.6,474.8,200.1,46.0,99.0,152.0,200.1,0.671,1,2,0.548,1,0.155,0.6857,HIGH,DEMO
39.3,550.6,158.7,22.1,96.8,130.9,158.7,0.511,1,3,0.868,1,0.228,0.4677,MEDIUM,DEMO
44.5,553.6,26.9,4.8,13.2,17.6,26.9,0.341,0,1,0.67,2,0.752,0.2508,MEDIUM,DEMO
32.1,787.1,115.4,17.6,61.0,82.9,115.4,0.53,0,1,0.218,0,0.093,0.3696,MEDIUM,DEMO
37.9,785.7,104.1,20.4,51.0,76.6,104.1,0.379,2,0,0.381,0,0.544,0.4116,MEDIUM,DEMO
25.1,698.7,101.6,21.1,57.8,85.8,101.6,0.409,1,1,0.347,3,0.461,0.3313,MEDIUM,DEMO
40.9,210.3,317.4,66.2,138.5,204.3,317.4,0.907,1,3,0.771,2,0.213,0.632,HIGH,DEMO
31.3,696.8,72.0,9.0,42.7,60.2,72.0,0.387,1,0,0.584,2,0.275,0.2529,MEDIUM,DEMO
31.8,246.7,124.3,18.5,54.4,73.9,124.3,0.503,0,1,0.736,0,0.23,0.357,MEDIUM,DEMO
38.6,201.3,135.2,15.9,61.5,105.4,135.2,0.505,0,0,0.254,0,0.014,0.4416,MEDIUM,DEMO
53.8,2508.0,96.2,14.8,40.9,71.2,96.2,0.473,1,2,0.81,1,0.243,0.4659,MEDIUM,DEMO
15.2,915.9,198.4,42.3,92.8,157.8,198.4,0.644,1,1,0.164,3,0.146,0.4854,MEDIUM,DEMO
46.4,1049.6,87.3,15.0,31.6,48.8,87.3,0.417,1,3,0.405,0,0.166,0.3355,MEDIUM,DEMO
26.8,542.4,130.9,16.4,51.2,75.0,130.9,0.388,0,0,0.131,3,0.449,0.4032,MEDIUM,DEMO
31.8,2237.0,46.6,8.4,18.9,26.6,46.6,0.369,0,3,0.26,0,0.598,0.1772,LOW,DEMO
11.0,994.3,30.9,3.8,13.2,22.5,30.9,0.344,1,0,0.851,0,0.51,0.1122,LOW,DEMO
27.1,1399.5,107.4,8.9,43.9,78.5,107.4,0.387,1,0,0.18,0,0.372,0.2784,MEDIUM,DEMO
33.6,493.8,74.4,20.8,45.6,61.2,74.4,0.33,3,0,0.231,0,0.238,0.3138,MEDIUM,DEMO
14.5,2977.3,77.3,6.5,27.7,53.4,77.3,0.419,0,0,0.823,3,0.198,0.1702,LOW,DEMO
33.3,1625.6,61.2,3.7,18.0,34.9,61.2,0.373,3,0,0.66,1,0.166,0.2189,LOW,DEMO
53.0,1811.4,129.1,16.1,52.6,79.1,129.1,0.391,3,1,0.429,0,0.056,0.5209,HIGH,DEMO
18.1,250.1,86.3,7.5,24.0,47.7,86.3,0.369,1,2,0.172,0,0.139,0.1583,LOW,DEMO
43.4,364.4,261.6,26.1,116.7,204.9,261.6,0.752,2,3,0.717,1,0.187,0.6283,HIGH,DEMO
30.8,382.7,84.4,16.0,36.1,67.1,84.4,0.441,3,1,0.494,0,0.058,0.2691,MEDIUM,DEMO
38.9,364.4,99.2,13.6,42.2,84.3,99.2,0.405,1,0,0.365,0,0.143,0.3497,MEDIUM,DEMO
25.5,1820.5,139.1,20.3,58.5,93.7,139.1,0.501,1,0,0.394,0,0.464,0.3982,MEDIUM,DEMO
21.1,109.2,106.9,9.3,33.4,59.4,106.9,0.405,0,1,0.504,0,0.065,0.2117,LOW,DEMO
21.1,151.2,32.0,4.1,11.7,19.9,32.0,0.376,1,2,0.539,3,0.224,0.1088,LOW,DEMO
15.7,368.1,67.2,10.7,24.8,48.8,67.2,0.384,0,1,0.742,1,0.702,0.2159,LOW,DEMO
22.3,280.7,44.3,11.9,25.3,37.1,44.3,0.299,3,1,0.706,2,0.31,0.1774,LOW,DEMO
39.2,317.4,103.4,16.1,32.7,60.1,103.4,0.384,1,0,0.703,2,0.415,0.4108,MEDIUM,DEMO
49.7,1519.3,91.6,9.7,29.7,53.7,91.6,0.357,3,1,0.674,3,0.071,0.3744,MEDIUM,DEMO
45.8,825.3,133.8,26.6,53.5,101.8,133.8,0.589,0,1,0.696,0,0.303,0.5097,HIGH,DEMO
40.0,85.2,145.2,18.2,63.2,108.9,145.2,0.511,2,1,0.635,1,0.205,0.5197,HIGH,DEMO
18.4,584.8,44.2,3.3,16.3,27.6,44.2,0.312,2,0,0.78,0,0.59,0.1279,LOW,DEMO
26.6,551.6,143.4,29.8,69.3,113.9,143.4,0.506,1,0,0.544,1,0.664,0.4746,MEDIUM,DEMO
27.4,188.9,157.2,17.4,68.5,92.5,157.2,0.51,3,3,0.516,0,0.246,0.3454,MEDIUM,DEMO
25.1,1094.7,37.5,4.8,22.4,31.0,37.5,0.314,1,1,0.653,0,0.235,0.1279,LOW,DEMO
34.0,1169.9,99.3,18.3,38.4,60.6,99.3,0.436,0,2,0.246,2,0.103,0.335,MEDIUM,DEMO
34.7,1228.5,175.2,20.3,46.5,100.6,175.2,0.576,3,0,0.71,0,0.363,0.5087,HIGH,DEMO
29.0,1253.3,66.5,6.3,27.5,43.3,66.5,0.31,1,1,0.831,3,0.29,0.1838,LOW,DEMO
28.9,80.0,77.6,9.7,22.5,47.1,77.6,0.439,0,0,0.345,0,0.553,0.258,MEDIUM,DEMO
46.6,2849.7,98.9,21.0,46.4,70.0,98.9,0.406,1,0,0.584,1,0.192,0.4956,MEDIUM,DEMO
44.6,1594.8,2.9,0.6,1.2,2.2,2.9,0.222,2,1,0.145,2,0.018,0.1783,LOW,DEMO
27.3,2188.9,85.2,15.1,41.7,59.4,85.2,0.373,1,1,0.702,0,0.222,0.239,LOW,DEMO
51.9,94.2,88.9,20.0,48.7,66.5,88.9,0.362,2,0,0.545,3,0.296,0.5019,HIGH,DEMO
55.3,2524.4,116.1,18.9,44.0,76.6,116.1,0.479,2,0,0.632,1,0.135,0.6128,HIGH,DEMO
28.0,1573.7,119.0,15.9,39.1,66.5,119.0,0.516,0,1,0.229,3,0.239,0.3671,MEDIUM,DEMO
29.0,1713.8,75.8,15.8,40.0,63.9,75.8,0.355,1,0,0.735,0,0.134,0.2417,LOW,DEMO
33.7,168.1,210.7,31.1,85.4,167.7,210.7,0.549,2,0,0.315,2,0.081,0.5783,HIGH,DEMO
54.2,1288.1,44.1,6.3,18.4,25.2,44.1,0.281,2,2,0.64,0,0.466,0.2701,MEDIUM,DEMO
49.4,2975.1,131.3,26.0,52.1,89.9,131.3,0.471,0,2,0.571,1,0.129,0.5222,HIGH,DEMO
17.9,1101.4,10.3,1.2,3.8,7.6,10.3,0.208,1,3,0.617,1,0.136,0.0809,LOW,DEMO
30.2,840.7,81.2,7.6,33.5,49.3,81.2,0.371,3,1,0.158,1,0.078,0.263,MEDIUM,DEMO
35.3,2700.7,8.3,1.3,3.1,6.0,8.3,0.238,3,0,0.684,0,0.342,0.1289,LOW,DEMO
33.6,606.6,84.9,7.9,29.7,60.3,84.9,0.407,2,3,0.724,2,0.401,0.2245,LOW,DEMO
22.7,903.1,106.0,14.5,40.2,64.9,106.0,0.374,0,0,0.481,2,0.202,0.2969,MEDIUM,DEMO
48.3,662.2,62.4,5.5,24.1,36.9,62.4,0.395,2,1,0.431,0,0.332,0.297,MEDIUM,DEMO
39.7,2510.7,79.6,14.8,38.4,61.9,79.6,0.481,0,0,0.38,1,0.375,0.413,MEDIUM,DEMO
47.1,151.2,124.6,25.2,52.1,80.6,124.6,0.553,2,1,0.825,1,0.236,0.5408,HIGH,DEMO
48.3,705.9,2.0,0.3,0.6,1.3,2.0,0.225,2,2,0.694,1,0.128,0.1619,LOW,DEMO
42.7,1125.3,55.0,6.7,25.2,42.5,55.0,0.386,1,1,0.651,0,0.2,0.2339,LOW,DEMO
31.7,1492.8,178.4,37.6,76.6,137.5,178.4,0.609,0,1,0.823,2,0.23,0.5033,HIGH,DEMO
37.2,867.2,31.4,4.3,14.8,19.9,31.4,0.306,2,3,0.385,2,0.106,0.1571,LOW,DEMO
21.1,2236.4,48.1,6.0,18.2,39.1,48.1,0.348,2,0,0.599,1,0.334,0.1775,LOW,DEMO
39.6,2642.4,13.8,2.0,5.6,10.4,13.8,0.31,1,0,0.641,2,0.315,0.1778,LOW,DEMO
22.0,139.8,55.4,13.2,26.5,36.2,55.4,0.397,2,3,0.877,3,0.165,0.1493,LOW,DEMO
40.4,543.3,73.2,8.2,37.0,49.6,73.2,0.345,0,1,0.445,3,0.473,0.2983,MEDIUM,DEMO
24.3,101.4,310.4,68.0,166.3,238.4,310.4,0.864,2,1,0.424,1,0.452,0.6173,HIGH,DEMO
18.8,439.6,101.7,9.1,29.5,62.4,101.7,0.522,2,1,0.184,1,0.418,0.289,MEDIUM,DEMO
21.4,772.8,57.3,5.5,24.5,39.6,57.3,0.401,1,0,0.195,1,0.511,0.2163,LOW,DEMO
6.8,2255.1,21.8,4.5,9.3,16.3,21.8,0.367,2,0,0.509,1,0.031,0.1276,LOW,DEMO
41.4,1767.0,48.4,9.0,23.8,34.5,48.4,0.211,2,0,0.25,1,0.336,0.3073,MEDIUM,DEMO
42.0,202.8,41.4,6.0,14.1,30.3,41.4,0.357,1,0,0.175,2,0.135,0.2662,MEDIUM,DEMO
34.0,167.9,11.4,1.1,4.1,8.1,11.4,0.284,0,1,0.853,3,0.091,0.1185,LOW,DEMO
21.2,880.8,30.6,4.8,11.1,18.7,30.6,0.358,1,0,0.843,0,0.568,0.1272,LOW,DEMO
16.6,763.6,58.7,8.8,19.7,39.5,58.7,0.303,3,1,0.367,0,0.274,0.155,LOW,DEMO
10.6,358.8,65.1,10.0,30.4,46.2,65.1,0.346,1,0,0.72,0,0.055,0.1534,LOW,DEMO
21.4,2147.4,123.2,25.0,67.2,96.6,123.2,0.524,0,0,0.783,2,0.08,0.3367,MEDIUM,DEMO
50.3,2440.1,183.4,44.5,90.5,136.8,183.4,0.538,3,0,0.473,1,0.069,0.6933,HIGH,DEMO
24.8,543.7,64.0,11.5,25.3,43.4,64.0,0.381,0,1,0.29,1,0.241,0.2417,LOW,DEMO
29.0,2069.0,134.1,26.9,80.6,113.0,134.1,0.498,1,0,0.219,1,0.391,0.4731,MEDIUM,DEMO
18.1,516.0,57.4,6.6,16.4,33.4,57.4,0.347,1,1,0.227,3,0.567,0.1802,LOW,DEMO
24.0,1281.4,38.6,5.4,12.5,23.6,38.6,0.35,3,0,0.726,1,0.019,0.1552,LOW,DEMO
34.1,661.5,119.3,9.6,46.5,77.8,119.3,0.416,1,0,0.412,2,0.173,0.354,MEDIUM,DEMO
37.1,197.7,56.7,6.2,16.4,35.1,56.7,0.316,2,3,0.647,0,0.146,0.1617,LOW,DEMO
24.9,2447.2,42.7,7.5,15.1,31.5,42.7,0.322,1,0,0.529,2,0.356,0.182,LOW,DEMO
14.7,624.8,37.2,5.8,11.9,20.9,37.2,0.259,0,3,0.42,0,0.25,0.0969,LOW,DEMO
30.2,1273.5,19.4,3.9,8.6,11.7,19.4,0.348,1,3,0.214,3,0.497,0.1346,LOW,DEMO
24.5,491.8,79.5,8.5,36.6,50.7,79.5,0.358,1,1,0.373,2,0.355,0.2287,LOW,DEMO
23.9,97.2,50.1,11.1,22.3,37.9,50.1,0.382,3,1,0.759,0,0.29,0.1645,LOW,DEMO
56.1,175.4,137.3,21.0,55.0,111.6,137.3,0.461,2,2,0.737,0,0.167,0.5318,HIGH,DEMO
37.4,697.1,212.8,22.6,84.6,168.0,212.8,0.68,3,3,0.142,0,0.151,0.5428,HIGH,DEMO
35.4,1134.0,37.0,5.1,12.6,22.4,37.0,0.238,1,2,0.227,0,0.241,0.1507,LOW,DEMO
31.0,446.8,25.4,4.3,9.4,18.3,25.4,0.368,1,0,0.694,2,0.139,0.1575,LOW,DEMO
31.4,1150.1,186.7,11.6,49.6,104.4,186.7,0.654,1,0,0.375,3,0.143,0.4994,MEDIUM,DEMO
34.9,1159.5,85.0,16.9,35.6,54.7,85.0,0.38,2,0,0.609,2,0.124,0.3384,MEDIUM,DEMO
40.5,1175.5,82.9,19.5,41.0,65.7,82.9,0.363,2,0,0.548,0,0.447,0.3746,MEDIUM,DEMO
40.7,690.5,95.9,7.2,35.4,65.9,95.9,0.451,2,0,0.616,1,0.312,0.363,MEDIUM,DEMO
21.7,2297.4,152.5,29.2,62.0,90.7,152.5,0.457,3,1,0.161,2,0.286,0.419,MEDIUM,DEMO
33.5,684.6,151.8,34.2,70.6,103.5,151.8,0.534,0,1,0.828,3,0.508,0.462,MEDIUM,DEMO
30.8,618.5,115.7,8.9,42.1,70.5,115.7,0.425,2,2,0.136,0,0.766,0.2904,MEDIUM,DEMO
49.0,280.1,31.3,2.9,10.0,20.9,31.3,0.295,2,0,0.126,1,0.511,0.3189,MEDIUM,DEMO
38.0,410.9,15.9,2.5,8.0,11.0,15.9,0.247,1,0,0.292,1,0.321,0.1989,LOW,DEMO
34.6,118.9,31.5,4.1,13.4,20.6,31.5,0.269,2,1,0.875,1,0.349,0.1757,LOW,DEMO
18.7,983.5,20.8,3.9,9.0,17.3,20.8,0.374,3,1,0.175,1,0.289,0.1423,LOW,DEMO
37.1,337.2,124.6,17.4,56.7,89.6,124.6,0.52,1,1,0.785,1,0.209,0.4445,MEDIUM,DEMO
18.8,406.4,47.6,10.6,21.8,38.2,47.6,0.264,0,0,0.241,0,0.098,0.1607,LOW,DEMO
28.4,1405.9,114.2,28.4,56.9,88.8,114.2,0.418,1,2,0.203,0,0.236,0.3002,MEDIUM,DEMO
20.2,436.7,76.8,10.0,34.0,57.4,76.8,0.435,3,1,0.712,1,0.066,0.2078,LOW,DEMO
40.3,329.6,47.1,6.9,19.6,32.9,47.1,0.386,2,1,0.763,2,0.046,0.224,LOW,DEMO
23.3,246.7,37.6,5.1,13.9,20.7,37.6,0.25,0,0,0.722,0,0.394,0.1324,LOW,DEMO
30.2,1421.9,44.6,7.8,20.8,32.7,44.6,0.368,2,3,0.303,2,0.078,0.163,LOW,DEMO
50.6,205.0,25.7,2.5,8.0,16.9,25.7,0.311,1,0,0.789,0,0.647,0.2462,LOW,DEMO
23.2,624.2,216.4,14.9,59.5,126.7,216.4,0.555,1,0,0.175,1,0.786,0.5676,HIGH,DEMO
33.8,716.4,70.9,5.7,26.3,48.5,70.9,0.362,1,2,0.38,3,0.639,0.2171,LOW,DEMO
31.1,1126.5,76.8,8.0,34.3,59.2,76.8,0.386,1,1,0.472,2,0.282,0.2457,LOW,DEMO
10.4,982.8,75.4,15.8,33.7,63.2,75.4,0.393,0,0,0.171,2,0.32,0.2647,MEDIUM,DEMO
44.7,1578.1,122.6,14.9,52.4,81.2,122.6,0.412,2,2,0.561,1,0.229,0.4374,MEDIUM,DEMO
15.6,121.2,41.5,3.4,15.0,29.6,41.5,0.289,2,1,0.545,0,0.261,0.1113,LOW,DEMO
32.7,396.4,157.4,32.4,83.8,126.7,157.4,0.511,1,2,0.874,2,0.087,0.3931,MEDIUM,DEMO
35.5,375.8,60.7,6.0,26.9,39.5,60.7,0.336,0,2,0.592,1,0.624,0.2242,LOW,DEMO
37.9,222.1,59.0,3.8,17.0,35.0,59.0,0.334,0,0,0.422,2,0.093,0.2329,LOW,DEMO
40.2,387.2,172.7,27.3,70.7,109.6,172.7,0.564,0,1,0.721,1,0.216,0.575,HIGH,DEMO
25.3,413.7,41.0,9.4,24.8,33.6,41.0,0.342,0,0,0.375,2,0.126,0.1881,LOW,DEMO
9.0,744.1,99.7,6.4,30.3,59.6,99.7,0.524,3,1,0.525,2,0.49,0.2316,LOW,DEMO
41.6,1060.8,75.0,11.9,35.2,48.7,75.0,0.433,1,0,0.162,2,0.203,0.3733,MEDIUM,DEMO
34.7,511.8,46.9,6.8,20.4,32.3,46.9,0.403,0,1,0.365,1,0.103,0.2287,LOW,DEMO
47.0,1224.0,110.2,20.2,55.6,88.6,110.2,0.431,1,2,0.521,1,0.226,0.4665,MEDIUM,DEMO
46.2,448.7,29.4,4.8,11.4,24.4,29.4,0.254,3,3,0.654,3,0.182,0.1839,LOW,DEMO
47.4,388.6,46.6,6.1,21.3,31.6,46.6,0.377,1,0,0.195,0,0.325,0.2948,MEDIUM,DEMO
33.1,781.2,81.1,13.2,40.0,67.3,81.1,0.4,1,0,0.726,0,0.012,0.2514,MEDIUM,DEMO
28.2,101.6,197.0,34.4,78.6,117.9,197.0,0.652,1,0,0.804,0,0.098,0.4904,MEDIUM,DEMO
44.7,154.8,186.0,36.7,76.9,111.1,186.0,0.551,0,0,0.334,0,0.43,0.6354,HIGH,DEMO
32.0,567.1,100.6,23.8,51.0,84.0,100.6,0.469,3,1,0.702,1,0.308,0.3749,MEDIUM,DEMO
22.2,2656.9,61.7,7.9,23.0,43.4,61.7,0.356,0,3,0.257,3,0.339,0.1594,LOW,DEMO
48.1,1230.5,12.6,1.3,3.8,7.6,12.6,0.25,2,0,0.518,0,0.522,0.2083,LOW,DEMO
49.8,163.0,135.0,16.8,46.8,94.0,135.0,0.482,0,1,0.726,2,0.2,0.5475,HIGH,DEMO
32.5,1765.6,147.4,37.8,82.2,115.7,147.4,0.548,1,1,0.414,1,0.091,0.478,MEDIUM,DEMO
16.1,1266.1,99.7,17.5,38.8,79.6,99.7,0.474,3,0,0.14,1,0.107,0.3287,MEDIUM,DEMO
30.1,929.6,63.7,8.6,29.2,51.6,63.7,0.35,2,0,0.53,2,0.38,0.238,LOW,DEMO
45.3,1624.8,127.5,12.6,50.6,91.9,127.5,0.504,1,3,0.762,2,0.313,0.4109,MEDIUM,DEMO
51.1,545.9,73.6,13.3,42.3,59.6,73.6,0.404,1,0,0.202,0,0.085,0.413,MEDIUM,DEMO
23.2,305.3,67.6,8.1,28.2,47.5,67.6,0.412,0,1,0.143,0,0.513,0.2044,LOW,DEMO
15.4,725.7,20.8,5.5,11.4,15.2,20.8,0.338,3,0,0.735,3,0.171,0.1138,LOW,DEMO
49.4,796.3,123.3,18.0,64.3,95.8,123.3,0.569,2,1,0.323,0,0.377,0.5519,HIGH,DEMO
30.1,775.6,83.2,10.1,39.8,56.4,83.2,0.381,1,0,0.397,0,0.726,0.2764,MEDIUM,DEMO
34.9,829.3,185.4,23.9,50.9,106.1,185.4,0.667,1,0,0.186,1,0.205,0.628,HIGH,DEMO
57.0,2753.1,49.3,3.8,17.0,32.3,49.3,0.348,0,0,0.193,2,0.404,0.4055,MEDIUM,DEMO
15.4,2172.8,38.9,3.9,14.1,28.7,38.9,0.268,2,0,0.587,1,0.258,0.1414,LOW,DEMO
38.6,1956.7,146.5,17.4,52.4,89.0,146.5,0.489,1,3,0.54,1,0.223,0.4537,MEDIUM,DEMO
16.0,1534.9,166.4,24.9,65.9,99.0,166.4,0.582,1,1,0.342,2,0.315,0.4334,MEDIUM,DEMO
29.7,2665.0,76.7,7.3,24.5,48.9,76.7,0.429,3,2,0.464,2,0.502,0.2169,LOW,DEMO
45.3,173.3,131.1,12.5,35.9,73.4,131.1,0.443,0,3,0.415,0,0.551,0.4118,MEDIUM,DEMO
31.5,357.2,60.6,7.7,29.7,46.8,60.6,0.324,1,0,0.648,0,0.247,0.1957,LOW,DEMO
62.6,695.0,62.9,7.6,20.5,39.5,62.9,0.34,1,3,0.775,0,0.2,0.3363,MEDIUM,DEMO
35.5,1766.9,100.1,11.2,34.9,58.8,100.1,0.393,1,2,0.701,0,0.005,0.2312,LOW,DEMO
27.8,713.2,62.4,10.0,22.0,47.4,62.4,0.272,1,1,0.123,0,0.361,0.2106,LOW,DEMO
23.9,1320.6,90.4,15.4,47.5,72.6,90.4,0.307,2,2,0.196,2,0.366,0.255,MEDIUM,DEMO
28.8,214.7,81.7,9.3,27.8,45.4,81.7,0.383,0,0,0.446,3,0.205,0.2484,LOW,DEMO
29.6,341.8,32.2,4.9,12.9,19.9,32.2,0.322,0,0,0.767,2,0.521,0.1723,LOW,DEMO
15.6,1264.3,90.1,9.5,40.0,75.1,90.1,0.45,0,0,0.3,0,0.338,0.2171,LOW,DEMO
29.5,242.0,33.0,2.9,11.7,22.0,33.0,0.243,0,3,0.788,1,0.169,0.1208,LOW,DEMO
32.4,469.6,124.6,31.3,71.5,103.6,124.6,0.414,0,0,0.204,1,0.089,0.4454,MEDIUM,DEMO
41.6,356.9,148.0,17.6,62.3,93.6,148.0,0.499,0,3,0.175,2,0.305,0.497,MEDIUM,DEMO
38.9,467.5,68.1,10.6,26.1,41.9,68.1,0.377,1,0,0.814,3,0.227,0.277,MEDIUM,DEMO
41.0,1188.9,197.8,17.8,77.6,121.5,197.8,0.668,2,1,0.243,2,0.038,0.642,HIGH,DEMO
8.7,492.8,164.6,20.2,45.3,94.7,164.6,0.591,0,1,0.472,1,0.358,0.4434,MEDIUM,DEMO
23.8,809.2,91.0,26.2,52.7,74.6,91.0,0.401,2,3,0.368,1,0.252,0.2731,MEDIUM,DEMO
39.1,174.8,63.2,11.3,36.3,53.4,63.2,0.385,0,0,0.232,2,0.377,0.3323,MEDIUM,DEMO
33.0,1551.4,140.1,25.8,73.5,117.2,140.1,0.468,2,0,0.6,0,0.189,0.4089,MEDIUM,DEMO
7.9,495.7,200.1,38.9,116.9,161.2,200.1,0.625,2,2,0.852,0,0.344,0.3769,MEDIUM,DEMO
45.3,1021.1,95.8,18.1,38.6,77.1,95.8,0.425,2,3,0.62,0,0.124,0.3486,MEDIUM,DEMO
43.8,1243.2,220.2,21.9,108.1,164.8,220.2,0.729,0,0,0.389,2,0.244,0.6976,HIGH,DEMO
35.1,291.8,53.8,12.6,31.7,42.9,53.8,0.375,1,1,0.661,0,0.294,0.2275,LOW,DEMO
15.4,2024.0,117.0,15.4,38.9,71.7,117.0,0.429,2,0,0.229,0,0.416,0.2989,MEDIUM,DEMO
43.5,941.9,76.2,7.3,23.1,50.8,76.2,0.353,1,2,0.561,0,0.405,0.2496,LOW,DEMO
36.3,583.9,37.5,5.0,18.7,27.8,37.5,0.303,1,2,0.477,1,0.132,0.1746,LOW,DEMO
44.2,261.2,57.5,5.7,21.1,46.7,57.5,0.278,3,2,0.394,1,0.266,0.2577,MEDIUM,DEMO
42.8,2647.3,147.6,34.6,78.6,110.4,147.6,0.513,2,1,0.682,2,0.448,0.5444,HIGH,DEMO
45.3,1346.1,70.6,5.8,26.4,56.6,70.6,0.374,2,0,0.21,1,0.065,0.3457,MEDIUM,DEMO
34.1,289.9,52.1,8.6,23.3,36.1,52.1,0.37,0,1,0.525,3,0.164,0.2139,LOW,DEMO
20.1,450.8,169.5,21.3,73.1,129.7,169.5,0.595,1,2,0.769,0,0.208,0.3373,MEDIUM,DEMO
39.5,1573.1,144.9,17.5,62.5,122.3,144.9,0.524,1,3,0.273,1,0.699,0.5196,HIGH,DEMO
37.6,1150.7,59.1,8.9,25.4,35.2,59.1,0.278,1,1,0.321,1,0.135,0.2708,MEDIUM,DEMO
42.4,1386.4,226.9,59.4,126.6,187.9,226.9,0.61,0,0,0.622,0,0.045,0.5976,HIGH,DEMO
21.6,603.8,73.0,11.0,28.5,51.6,73.0,0.355,1,0,0.707,0,0.149,0.1843,LOW,DEMO
22.8,1214.4,96.1,16.7,38.2,71.4,96.1,0.461,2,2,0.335,0,0.121,0.2307,LOW,DEMO
50.3,519.7,81.0,16.8,44.2,65.9,81.0,0.431,1,1,0.394,2,0.54,0.496,MEDIUM,DEMO
42.8,293.6,42.1,8.1,19.8,28.3,42.1,0.316,2,1,0.682,0,0.156,0.2173,LOW,DEMO
51.5,981.4,69.2,10.2,31.1,46.7,69.2,0.496,1,0,0.337,0,0.232,0.3994,MEDIUM,DEMO
43.1,3437.3,75.4,16.4,34.3,53.4,75.4,0.468,1,0,0.626,2,0.162,0.3937,MEDIUM,DEMO
36.8,414.7,16.5,1.7,4.8,9.2,16.5,0.343,0,3,0.241,1,0.171,0.149,LOW,DEMO
38.8,636.2,93.0,16.8,45.9,65.0,93.0,0.458,2,2,0.433,0,0.292,0.3192,MEDIUM,DEMO
50.2,1088.8,133.7,20.6,57.5,85.2,133.7,0.521,0,1,0.643,3,0.348,0.5701,HIGH,DEMO
36.1,781.8,33.3,4.9,16.7,27.6,33.3,0.331,2,1,0.47,0,0.54,0.1838,LOW,DEMO
38.0,1748.8,119.1,11.2,41.4,68.6,119.1,0.381,1,3,0.135,0,0.089,0.3022,MEDIUM,DEMO
20.9,1371.0,152.3,14.4,65.0,104.8,152.3,0.48,1,0,0.429,0,0.035,0.3337,MEDIUM,DEMO
32.7,134.1,3.2,0.8,1.9,2.7,3.2,0.245,3,2,0.339,0,0.367,0.1004,LOW,DEMO
41.3,4200.0,69.9,11.1,38.6,57.3,69.9,0.386,0,0,0.197,0,0.236,0.3161,MEDIUM,DEMO
26.0,1336.4,224.5,38.2,120.7,170.7,224.5,0.661,1,3,0.127,1,0.23,0.5213,HIGH,DEMO
23.1,1875.0,91.5,19.1,40.1,66.5,91.5,0.434,1,1,0.155,3,0.102,0.2968,MEDIUM,DEMO
27.5,1027.9,15.8,2.4,6.4,10.0,15.8,0.174,3,1,0.841,1,0.188,0.1214,LOW,DEMO
24.8,1825.9,28.5,3.0,13.3,18.8,28.5,0.328,2,2,0.69,0,0.482,0.102,LOW,DEMO
23.7,187.3,94.3,12.4,28.3,54.4,94.3,0.428,2,0,0.834,3,0.159,0.2436,LOW,DEMO
31.2,464.6,115.1,14.6,52.8,90.5,115.1,0.454,0,0,0.207,0,0.228,0.3533,MEDIUM,DEMO
51.5,1961.8,79.9,12.0,32.9,51.7,79.9,0.445,0,1,0.554,1,0.322,0.4583,MEDIUM,DEMO
33.8,282.7,90.7,17.4,49.3,68.0,90.7,0.366,0,1,0.183,0,0.134,0.3215,MEDIUM,DEMO
22.4,153.3,81.5,6.6,24.4,53.6,81.5,0.39,2,0,0.14,1,0.221,0.2444,LOW,DEMO
16.2,1476.6,48.6,4.0,17.2,33.5,48.6,0.354,1,0,0.474,1,0.353,0.164,LOW,DEMO
40.5,1704.3,81.7,8.0,30.4,58.5,81.7,0.359,1,0,0.611,1,0.047,0.3155,MEDIUM,DEMO
29.9,239.8,22.3,2.2,9.7,17.7,22.3,0.191,2,1,0.168,1,0.155,0.1555,LOW,DEMO
46.2,1813.9,61.1,5.7,20.0,37.5,61.1,0.306,2,3,0.397,3,0.219,0.2446,LOW,DEMO
39.0,1124.7,110.1,23.1,46.2,73.7,110.1,0.451,0,0,0.189,0,0.224,0.4296,MEDIUM,DEMO
44.9,740.7,40.1,5.4,16.9,23.6,40.1,0.312,3,0,0.395,2,0.352,0.2783,MEDIUM,DEMO
26.0,1676.1,64.9,10.9,23.8,37.2,64.9,0.37,0,1,0.479,0,0.594,0.213,LOW,DEMO
40.3,569.1,85.5,11.9,32.7,62.5,85.5,0.376,0,1,0.377,1,0.8,0.4065,MEDIUM,DEMO
25.7,274.1,216.5,37.3,93.2,131.4,216.5,0.587,2,2,0.558,0,0.344,0.4329,MEDIUM,DEMO
54.0,381.7,144.3,12.9,52.4,81.9,144.3,0.525,1,0,0.564,3,0.006,0.5796,HIGH,DEMO
38.2,713.2,21.6,2.6,9.1,17.7,21.6,0.282,3,1,0.373,2,0.199,0.1775,LOW,DEMO
27.9,762.1,248.5,34.8,98.6,176.5,248.5,0.743,1,0,0.416,1,0.17,0.5999,HIGH,DEMO
25.9,1554.0,176.8,33.3,71.7,104.4,176.8,0.541,3,0,0.455,3,0.172,0.4736,MEDIUM,DEMO
22.6,1490.4,89.1,7.2,33.9,50.5,89.1,0.315,0,2,0.405,2,0.08,0.1776,LOW,DEMO
40.4,863.7,129.6,16.7,47.3,75.9,129.6,0.36,2,2,0.698,3,0.445,0.3972,MEDIUM,DEMO
23.8,1445.9,44.5,3.3,15.2,30.8,44.5,0.313,3,0,0.226,2,0.045,0.1581,LOW,DEMO
36.7,271.6,75.6,13.2,39.2,56.7,75.6,0.397,1,1,0.771,0,0.193,0.2607,MEDIUM,DEMO
25.7,126.2,42.6,6.7,17.1,31.6,42.6,0.317,0,0,0.372,1,0.096,0.1863,LOW,DEMO
39.1,1941.7,114.4,19.6,46.2,67.9,114.4,0.434,0,2,0.67,3,0.396,0.3786,MEDIUM,DEMO
45.9,150.7,294.7,33.9,140.5,218.1,294.7,0.718,3,0,0.792,0,0.127,0.6447,HIGH,DEMO
44.0,334.9,58.8,5.2,20.9,39.5,58.8,0.265,1,0,0.794,2,0.273,0.2674,MEDIUM,DEMO
43.2,1149.6,70.2,8.5,24.9,48.4,70.2,0.399,1,3,0.464,0,0.406,0.2506,MEDIUM,DEMO
22.4,554.0,77.4,14.9,29.9,61.2,77.4,0.382,2,1,0.315,1,0.119,0.2644,MEDIUM,DEMO
17.0,1961.0,61.1,6.4,20.7,39.7,61.1,0.345,2,1,0.58,0,0.085,0.1347,LOW,DEMO
40.6,398.4,110.3,10.7,32.6,65.5,110.3,0.378,1,2,0.26,0,0.576,0.3347,MEDIUM,DEMO
29.4,90.7,151.2,25.7,78.0,122.8,151.2,0.482,3,1,0.721,2,0.349,0.4315,MEDIUM,DEMO
31.5,401.9,51.8,4.5,20.0,31.8,51.8,0.348,1,1,0.661,0,0.172,0.1584,LOW,DEMO
12.1,856.6,76.7,13.2,30.6,49.0,76.7,0.407,2,0,0.725,0,0.24,0.1934,LOW,DEMO
25.5,504.4,119.6,16.2,58.6,91.1,119.6,0.464,0,3,0.449,1,0.337,0.3197,MEDIUM,DEMO
12.4,768.9,39.7,8.6,20.8,30.0,39.7,0.393,0,0,0.544,3,0.471,0.1623,LOW,DEMO
49.5,1963.1,30.2,5.9,17.3,23.9,30.2,0.277,3,3,0.198,0,0.579,0.2376,LOW,DEMO
24.9,2272.4,51.1,6.2,16.0,30.9,51.1,0.409,1,2,0.643,0,0.335,0.1304,LOW,DEMO
35.4,358.3,123.4,11.0,50.7,80.9,123.4,0.49,1,1,0.49,0,0.239,0.34,MEDIUM,DEMO
12.9,638.1,38.2,5.0,10.6,22.5,38.2,0.326,2,0,0.507,0,0.321,0.1253,LOW,DEMO
39.3,796.9,53.6,5.1,18.6,38.2,53.6,0.396,1,0,0.764,1,0.436,0.264,MEDIUM,DEMO
27.9,2760.3,77.2,12.8,31.8,49.2,77.2,0.362,0,1,0.707,3,0.609,0.2556,MEDIUM,DEMO
50.8,4200.0,86.0,17.0,38.8,65.0,86.0,0.393,2,2,0.527,1,0.225,0.4447,MEDIUM,DEMO
50.1,321.6,70.3,9.5,26.2,38.7,70.3,0.319,2,2,0.39,0,0.228,0.3008,MEDIUM,DEMO
28.0,1248.4,78.4,7.7,25.7,44.5,78.4,0.442,3,1,0.459,2,0.533,0.2514,MEDIUM,DEMO
51.0,507.4,24.1,3.9,8.0,16.4,24.1,0.311,1,3,0.387,0,0.105,0.1964,LOW,DEMO
62.2,87.3,49.6,8.4,29.5,41.5,49.6,0.397,1,3,0.235,0,0.135,0.3557,MEDIUM,DEMO
46.4,88.4,129.3,24.3,50.2,105.7,129.3,0.5,1,1,0.611,1,0.055,0.5352,HIGH,DEMO
47.5,635.5,46.7,5.0,20.1,39.6,46.7,0.392,0,0,0.646,0,0.036,0.2471,LOW,DEMO
25.1,683.1,87.5,10.0,31.5,59.1,87.5,0.375,0,1,0.858,1,0.239,0.2352,LOW,DEMO
36.0,100.5,82.0,8.4,34.6,46.2,82.0,0.452,0,2,0.466,0,0.415,0.2333,LOW,DEMO
15.4,1125.2,121.1,9.0,44.7,77.7,121.1,0.455,3,1,0.878,3,0.146,0.222,LOW,DEMO
17.4,393.3,132.4,16.6,59.8,99.6,132.4,0.496,3,0,0.262,0,0.358,0.3398,MEDIUM,DEMO
63.5,818.7,155.5,14.1,62.5,91.8,155.5,0.575,1,2,0.619,1,0.348,0.6707,HIGH,DEMO
28.0,402.2,184.9,37.6,75.8,118.3,184.9,0.71,0,1,0.876,0,0.472,0.4899,MEDIUM,DEMO
42.7,244.6,38.6,6.6,15.4,21.9,38.6,0.363,0,3,0.607,0,0.397,0.1867,LOW,DEMO
45.4,550.6,13.2,1.1,5.5,9.2,13.2,0.32,1,1,0.464,1,0.454,0.2225,LOW,DEMO
48.2,317.9,59.0,7.2,26.8,36.1,59.0,0.332,3,3,0.512,3,0.25,0.2632,MEDIUM,DEMO
62.8,768.8,36.4,5.8,14.5,21.0,36.4,0.325,1,0,0.763,1,0.312,0.4046,MEDIUM,DEMO
24.8,279.5,42.7,5.2,16.4,28.7,42.7,0.324,2,3,0.834,2,0.484,0.1282,LOW,DEMO
13.1,719.1,107.4,17.9,39.7,70.4,107.4,0.52,1,0,0.465,0,0.424,0.2999,MEDIUM,DEMO
30.8,234.1,149.9,27.3,77.7,106.6,149.9,0.521,2,2,0.707,0,0.151,0.3488,MEDIUM,DEMO
19.5,1080.5,89.1,17.9,45.2,69.0,89.1,0.482,2,3,0.83,0,0.132,0.1929,LOW,DEMO
11.0,1342.0,48.2,6.8,17.9,28.1,48.2,0.274,0,1,0.334,1,0.034,0.1545,LOW,DEMO
29.2,185.3,92.0,19.2,49.1,72.4,92.0,0.491,1,2,0.495,3,0.53,0.3027,MEDIUM,DEMO
44.3,647.7,123.8,11.5,42.7,69.1,123.8,0.437,3,3,0.877,1,0.31,0.3876,MEDIUM,DEMO
35.7,146.2,24.2,2.6,8.2,16.5,24.2,0.338,1,0,0.389,1,0.43,0.2034,LOW,DEMO
27.5,900.6,62.0,5.3,24.6,45.0,62.0,0.322,1,1,0.591,3,0.293,0.1785,LOW,DEMO
38.8,356.4,65.7,12.8,33.9,55.0,65.7,0.403,1,3,0.619,1,0.522,0.2875,MEDIUM,DEMO
24.4,755.0,69.0,7.7,22.7,49.8,69.0,0.33,1,1,0.237,1,0.049,0.2119,LOW,DEMO
9.8,735.8,40.4,6.0,14.0,24.2,40.4,0.377,1,3,0.733,0,0.185,0.0943,LOW,DEMO
43.4,2403.5,93.4,11.7,44.6,65.9,93.4,0.466,0,1,0.434,0,0.179,0.352,MEDIUM,DEMO
37.7,796.8,99.2,11.0,33.1,66.3,99.2,0.404,3,2,0.5,2,0.06,0.2863,MEDIUM,DEMO
43.3,867.2,38.0,3.1,12.4,26.3,38.0,0.349,0,0,0.609,2,0.171,0.2306,LOW,DEMO
12.9,542.2,172.4,28.3,73.6,105.0,172.4,0.618,1,0,0.432,2,0.036,0.4383,MEDIUM,DEMO
47.0,2759.7,31.0,6.3,13.8,21.7,31.0,0.261,0,2,0.367,0,0.278,0.205,LOW,DEMO
37.6,1431.3,46.9,6.0,14.0,27.9,46.9,0.285,0,1,0.535,0,0.183,0.1895,LOW,DEMO
35.6,382.4,28.6,7.4,15.3,22.1,28.6,0.25,2,0,0.384,2,0.076,0.2001,LOW,DEMO
37.7,1753.3,25.2,5.8,11.9,18.3,25.2,0.236,3,3,0.45,3,0.155,0.1501,LOW,DEMO
48.6,589.7,83.3,11.3,26.3,47.8,83.3,0.351,2,1,0.202,2,0.143,0.4117,MEDIUM,DEMO
36.4,1667.7,46.8,6.2,21.5,38.2,46.8,0.383,1,0,0.762,0,0.308,0.1965,LOW,DEMO
36.2,1637.9,132.9,12.9,48.5,97.6,132.9,0.525,1,1,0.433,0,0.197,0.3829,MEDIUM,DEMO
60.7,268.4,40.8,6.2,18.4,26.3,40.8,0.241,0,1,0.183,3,0.195,0.393,MEDIUM,DEMO
43.1,1167.0,47.2,8.0,16.0,26.6,47.2,0.312,1,3,0.72,0,0.085,0.1832,LOW,DEMO
31.8,389.1,122.0,18.0,55.7,90.2,122.0,0.419,0,2,0.135,0,0.15,0.3311,MEDIUM,DEMO
40.9,397.8,33.6,4.1,15.9,22.2,33.6,0.355,2,1,0.576,1,0.184,0.2215,LOW,DEMO
30.1,396.3,55.1,10.0,20.6,45.3,55.1,0.33,0,1,0.654,0,0.067,0.1773,LOW,DEMO
24.3,1243.7,170.7,14.2,45.0,95.6,170.7,0.49,0,3,0.265,0,0.448,0.353,MEDIUM,DEMO
36.7,315.0,7.2,0.8,2.0,4.0,7.2,0.272,3,1,0.22,0,0.185,0.1344,LOW,DEMO
53.1,80.8,3.4,0.6,1.3,2.9,3.4,0.287,3,0,0.207,3,0.469,0.2594,MEDIUM,DEMO
53.2,1210.5,24.2,6.0,13.2,20.4,24.2,0.247,0,1,0.875,0,0.093,0.2329,LOW,DEMO
28.5,249.0,189.2,30.2,67.6,105.6,189.2,0.588,1,0,0.694,3,0.132,0.5021,HIGH,DEMO
34.4,179.3,100.4,17.8,39.4,76.8,100.4,0.391,2,3,0.358,0,0.173,0.2906,MEDIUM,DEMO
23.5,324.1,93.1,11.4,28.4,57.4,93.1,0.485,1,2,0.375,2,0.297,0.235,LOW,DEMO
62.1,510.1,24.3,2.9,9.1,18.5,24.3,0.274,3,0,0.613,3,0.368,0.3408,MEDIUM,DEMO
58.9,661.5,81.1,19.4,48.4,65.8,81.1,0.365,1,0,0.468,1,0.383,0.6012,HIGH,DEMO
38.7,121.0,38.5,6.6,14.7,22.4,38.5,0.319,0,0,0.326,2,0.147,0.235,LOW,DEMO
45.3,3253.3,135.1,16.0,52.5,84.0,135.1,0.491,0,1,0.163,0,0.154,0.499,MEDIUM,DEMO
41.2,1213.1,139.1,12.2,42.4,77.5,139.1,0.543,1,1,0.716,1,0.284,0.4758,MEDIUM,DEMO
36.6,431.3,50.5,5.0,16.5,28.4,50.5,0.405,2,1,0.795,1,0.17,0.2162,LOW,DEMO
14.3,425.4,105.4,10.3,28.1,58.9,105.4,0.507,2,3,0.277,3,0.325,0.2151,LOW,DEMO
32.1,615.7,96.3,12.3,57.0,76.1,96.3,0.41,3,3,0.168,1,0.176,0.2925,MEDIUM,DEMO
39.6,965.7,69.7,13.1,30.2,44.6,69.7,0.395,0,0,0.21,0,0.097,0.3094,MEDIUM,DEMO
39.7,222.4,39.6,4.3,17.6,27.6,39.6,0.398,2,0,0.435,0,0.036,0.1976,LOW,DEMO
29.6,268.5,55.3,6.5,27.2,43.5,55.3,0.429,2,2,0.348,3,0.515,0.185,LOW,DEMO
54.3,1845.9,131.8,14.4,55.4,92.1,131.8,0.451,2,1,0.176,0,0.417,0.5767,HIGH,DEMO
21.5,346.5,172.2,23.0,61.6,116.9,172.2,0.599,1,0,0.466,1,0.191,0.4851,MEDIUM,DEMO
33.5,510.5,59.0,4.8,16.9,32.6,59.0,0.381,2,0,0.275,1,0.109,0.241,LOW,DEMO
40.3,1925.0,183.2,25.2,81.2,132.0,183.2,0.637,1,0,0.171,0,0.157,0.6016,HIGH,DEMO
40.5,1059.3,100.5,13.3,27.8,59.0,100.5,0.499,1,0,0.62,0,0.08,0.3543,MEDIUM,DEMO
38.6,456.3,71.4,11.9,26.3,55.6,71.4,0.331,1,3,0.555,2,0.281,0.256,MEDIUM,DEMO
26.1,1116.0,65.8,11.6,25.5,41.3,65.8,0.338,2,1,0.748,2,0.347,0.2165,LOW,DEMO
20.9,97.9,41.5,8.5,22.7,31.2,41.5,0.372,2,0,0.35,1,0.327,0.1941,LOW,DEMO
38.2,1277.4,110.2,27.3,59.4,82.0,110.2,0.462,0,0,0.223,2,0.062,0.4473,MEDIUM,DEMO
36.8,680.8,202.7,29.3,67.5,149.0,202.7,0.515,1,0,0.394,1,0.271,0.6226,HIGH,DEMO
22.0,1589.9,69.4,10.2,21.1,43.7,69.4,0.296,1,1,0.712,0,0.331,0.1733,LOW,DEMO
40.8,2863.8,35.9,3.1,14.1,22.6,35.9,0.35,2,2,0.304,2,0.343,0.1939,LOW,DEMO
32.2,2420.8,122.0,14.5,69.5,98.7,122.0,0.518,2,0,0.314,3,0.408,0.4101,MEDIUM,DEMO
39.4,2239.8,56.9,5.9,23.2,31.5,56.9,0.288,1,3,0.232,0,0.016,0.1799,LOW,DEMO
47.1,726.0,41.1,8.4,17.6,24.8,41.1,0.381,2,2,0.87,3,0.255,0.2301,LOW,DEMO
21.6,481.9,23.3,4.3,11.2,17.1,23.3,0.283,1,2,0.855,3,0.102,0.0896,LOW,DEMO
10.6,643.0,107.9,14.4,43.8,85.8,107.9,0.399,0,0,0.62,0,0.106,0.2355,LOW,DEMO
44.1,1133.8,155.4,17.1,48.2,102.2,155.4,0.511,0,0,0.283,3,0.12,0.5671,HIGH,DEMO
37.2,2018.7,29.4,4.6,10.2,21.9,29.4,0.243,0,1,0.703,2,0.285,0.1798,LOW,DEMO
40.6,288.7,61.2,13.3,27.8,43.9,61.2,0.333,2,1,0.564,1,0.334,0.3291,MEDIUM,DEMO
47.1,2333.1,65.2,7.2,17.1,37.1,65.2,0.278,3,0,0.69,0,0.024,0.2728,MEDIUM,DEMO
45.2,1599.5,43.3,9.2,21.4,31.9,43.3,0.327,1,3,0.774,1,0.041,0.2317,LOW,DEMO
56.2,3550.8,180.1,28.1,95.0,143.1,180.1,0.614,3,2,0.362,2,0.411,0.7089,HIGH,DEMO
34.7,1990.1,22.4,3.1,9.0,19.0,22.4,0.224,2,0,0.814,0,0.003,0.1287,LOW,DEMO
33.2,375.6,101.1,19.0,40.8,56.5,101.1,0.439,0,3,0.803,1,0.075,0.3065,MEDIUM,DEMO
30.5,180.8,114.0,22.5,51.7,85.2,114.0,0.421,0,1,0.536,2,0.209,0.3671,MEDIUM,DEMO
20.8,187.1,43.0,8.5,20.9,29.0,43.0,0.363,2,0,0.64,0,0.353,0.1516,LOW,DEMO
35.9,389.8,35.4,3.1,14.1,19.6,35.4,0.2,2,0,0.432,3,0.249,0.1827,LOW,DEMO
26.2,937.2,48.7,3.9,18.2,35.7,48.7,0.376,0,0,0.618,3,0.287,0.1642,LOW,DEMO
52.5,1548.1,15.8,1.3,5.2,9.3,15.8,0.188,1,0,0.537,1,0.244,0.2654,MEDIUM,DEMO
36.3,2145.6,206.1,25.1,67.1,136.8,206.1,0.622,3,0,0.365,0,0.46,0.5991,HIGH,DEMO
36.6,959.8,51.7,8.0,22.2,32.5,51.7,0.311,0,1,0.365,3,0.256,0.2315,LOW,DEMO
29.0,85.1,56.9,10.9,22.5,37.5,56.9,0.338,2,0,0.615,2,0.331,0.2301,LOW,DEMO
14.2,265.6,228.4,47.4,116.1,159.4,228.4,0.598,0,0,0.847,0,0.298,0.4298,MEDIUM,DEMO
12.2,174.6,18.4,1.8,6.2,12.1,18.4,0.367,1,0,0.273,1,0.534,0.1398,LOW,DEMO
31.2,486.3,69.0,8.1,32.4,49.4,69.0,0.314,1,0,0.418,0,0.203,0.2138,LOW,DEMO
16.7,706.3,124.1,26.2,57.6,77.1,124.1,0.42,1,1,0.732,0,0.22,0.2747,MEDIUM,DEMO
37.1,119.9,206.4,33.6,99.3,152.9,206.4,0.723,1,0,0.213,0,0.582,0.6464,HIGH,DEMO
49.6,465.6,20.5,3.1,7.8,16.6,20.5,0.304,1,1,0.876,1,0.138,0.233,LOW,DEMO
49.8,257.7,224.5,32.1,86.8,138.6,224.5,0.604,2,0,0.635,3,0.123,0.6862,HIGH,DEMO
39.0,1017.3,61.0,5.0,21.6,42.9,61.0,0.357,1,0,0.812,0,0.427,0.223,LOW,DEMO
23.5,641.7,61.4,4.6,21.0,45.7,61.4,0.352,2,3,0.757,2,0.378,0.1381,LOW,DEMO
48.5,695.4,29.9,3.7,11.8,21.5,29.9,0.221,2,1,0.711,3,0.402,0.2368,LOW,DEMO
50.0,582.3,79.5,8.6,27.8,52.5,79.5,0.36,2,1,0.145,1,0.416,0.4387,MEDIUM,DEMO
22.8,2891.6,225.1,46.2,114.8,167.2,225.1,0.667,0,0,0.429,2,0.299,0.5419,HIGH,DEMO
42.2,297.6,78.5,9.6,24.6,43.8,78.5,0.459,2,1,0.273,3,0.139,0.3315,MEDIUM,DEMO
26.5,734.3,39.8,8.7,17.6,26.3,39.8,0.315,2,3,0.782,2,0.144,0.1332,LOW,DEMO
45.2,1278.7,46.3,6.8,15.0,32.9,46.3,0.33,1,0,0.637,2,0.13,0.2735,MEDIUM,DEMO
62.7,812.5,48.0,4.2,12.1,26.7,48.0,0.298,1,0,0.201,0,0.112,0.378,MEDIUM,DEMO
12.0,2460.8,188.8,21.3,60.8,132.6,188.8,0.656,1,1,0.393,1,0.293,0.502,HIGH,DEMO
50.7,507.3,214.9,33.3,82.7,160.4,214.9,0.694,1,0,0.173,1,0.463,0.7797,VERY HIGH,DEMO
37.7,640.7,22.3,2.3,9.8,17.3,22.3,0.331,2,3,0.682,1,0.535,0.1587,LOW,DEMO
57.7,163.4,31.8,5.9,11.8,18.6,31.8,0.315,3,1,0.438,1,0.201,0.3673,MEDIUM,DEMO
32.5,925.1,35.0,7.9,22.1,29.6,35.0,0.235,2,0,0.298,3,0.044,0.1886,LOW,DEMO
47.6,386.0,50.2,9.7,20.4,36.8,50.2,0.398,1,0,0.513,3,0.365,0.3366,MEDIUM,DEMO
15.1,237.2,240.6,36.3,74.0,158.5,240.6,0.7,3,0,0.152,0,0.34,0.5046,HIGH,DEMO
28.3,787.8,222.4,26.5,70.6,138.9,222.4,0.648,1,0,0.316,1,0.165,0.586,HIGH,DEMO
15.4,764.0,75.5,9.1,39.2,54.5,75.5,0.413,1,1,0.253,3,0.303,0.2003,LOW,DEMO
58.0,151.0,54.9,11.0,29.5,44.7,54.9,0.363,3,0,0.827,1,0.347,0.4575,MEDIUM,DEMO
46.0,1158.2,12.3,2.3,6.0,8.7,12.3,0.219,0,0,0.407,2,0.286,0.2177,LOW,DEMO
47.9,959.8,87.0,13.9,31.7,65.1,87.0,0.395,0,0,0.564,1,0.476,0.4728,MEDIUM,DEMO
53.9,268.6,80.5,5.6,26.0,52.9,80.5,0.304,2,2,0.502,1,0.573,0.3884,MEDIUM,DEMO
16.7,650.4,28.9,3.2,9.3,19.3,28.9,0.308,3,0,0.621,0,0.257,0.1076,LOW,DEMO
30.0,1226.7,99.1,21.2,44.5,63.0,99.1,0.5,0,0,0.332,0,0.554,0.3666,MEDIUM,DEMO
15.7,758.4,136.6,26.6,53.4,104.1,136.6,0.414,2,0,0.212,3,0.472,0.3772,MEDIUM,DEMO
23.5,533.0,28.6,3.1,12.1,18.8,28.6,0.31,1,0,0.182,0,0.151,0.1288,LOW,DEMO
24.3,430.2,52.3,8.9,19.2,31.8,52.3,0.381,2,3,0.267,1,0.25,0.1758,LOW,DEMO
32.6,928.4,132.3,13.1,53.6,87.4,132.3,0.536,0,1,0.487,2,0.145,0.3884,MEDIUM,DEMO
25.9,2598.8,44.4,8.2,18.2,35.8,44.4,0.295,3,0,0.299,1,0.511,0.2204,LOW,DEMO
17.8,1082.6,50.7,7.1,25.0,39.1,50.7,0.289,3,3,0.45,1,0.451,0.1459,LOW,DEMO
21.5,149.9,53.2,7.8,16.0,34.6,53.2,0.319,1,0,0.142,3,0.231,0.1868,LOW,DEMO
20.4,635.7,102.1,25.7,62.8,83.9,102.1,0.499,3,2,0.597,2,0.217,0.2634,MEDIUM,DEMO
57.7,2073.3,148.8,12.5,39.0,85.2,148.8,0.441,3,1,0.787,3,0.1,0.5834,HIGH,DEMO
43.2,169.3,198.6,14.8,52.2,112.2,198.6,0.558,1,1,0.156,1,0.048,0.639,HIGH,DEMO
57.0,4128.8,142.0,12.4,45.7,83.5,142.0,0.491,3,1,0.286,2,0.124,0.6191,HIGH,DEMO
31.7,2759.6,75.0,12.4,30.7,43.9,75.0,0.34,3,3,0.362,0,0.312,0.2102,LOW,DEMO
26.2,153.4,114.0,16.2,34.6,65.7,114.0,0.46,0,1,0.338,0,0.47,0.3289,MEDIUM,DEMO
45.0,2518.3,27.0,5.1,11.9,20.2,27.0,0.371,0,0,0.151,0,0.453,0.2523,MEDIUM,DEMO
28.0,486.1,259.7,38.9,86.4,189.7,259.7,0.672,1,0,0.201,1,0.271,0.6051,HIGH,DEMO
27.0,1756.2,41.2,6.3,14.5,30.7,41.2,0.319,1,0,0.813,0,0.284,0.1467,LOW,DEMO
24.4,567.7,108.5,25.6,51.9,82.1,108.5,0.451,0,1,0.661,3,0.059,0.2983,MEDIUM,DEMO
19.5,603.2,83.4,14.1,33.0,64.8,83.4,0.388,0,0,0.848,2,0.408,0.2432,LOW,DEMO
25.4,985.2,24.6,2.6,9.9,15.1,24.6,0.217,3,0,0.455,0,0.521,0.1294,LOW,DEMO
29.0,1420.4,41.4,9.1,20.9,30.5,41.4,0.295,2,1,0.788,0,0.522,0.1674,LOW,DEMO
39.6,110.9,154.9,23.5,79.1,112.2,154.9,0.506,3,1,0.741,2,0.29,0.5129,HIGH,DEMO
15.1,889.4,68.4,13.9,27.9,57.0,68.4,0.409,3,0,0.785,2,0.318,0.2135,LOW,DEMO
23.5,266.0,36.1,4.1,13.1,22.4,36.1,0.338,1,0,0.15,2,0.175,0.1623,LOW,DEMO
45.6,462.1,61.3,7.3,25.5,34.8,61.3,0.286,2,0,0.616,1,0.424,0.3357,MEDIUM,DEMO
20.4,464.9,36.1,5.0,18.4,26.9,36.1,0.298,0,0,0.551,0,0.201,0.1249,LOW,DEMO
28.6,649.8,50.3,7.5,18.8,38.8,50.3,0.318,1,1,0.534,2,0.354,0.1939,LOW,DEMO
48.6,446.0,19.9,1.8,7.6,12.6,19.9,0.385,0,0,0.503,2,0.121,0.2387,LOW,DEMO
20.8,182.2,74.9,19.1,39.3,54.1,74.9,0.404,0,2,0.725,2,0.103,0.2064,LOW,DEMO
16.6,221.7,82.9,7.9,27.4,47.1,82.9,0.35,0,0,0.856,0,0.143,0.1616,LOW,DEMO
33.1,110.6,50.9,8.6,29.9,42.6,50.9,0.306,1,0,0.75,2,0.155,0.211,LOW,DEMO
27.1,651.8,154.5,11.5,53.9,90.1,154.5,0.518,3,3,0.782,3,0.207,0.3005,MEDIUM,DEMO
35.6,2860.0,53.1,4.0,14.6,30.3,53.1,0.367,0,1,0.488,0,0.075,0.1784,LOW,DEMO
45.3,190.6,68.3,6.2,19.0,38.5,68.3,0.401,1,0,0.645,2,0.214,0.3143,MEDIUM,DEMO
19.9,2711.3,48.6,4.8,15.3,33.0,48.6,0.35,2,3,0.436,0,0.019,0.1031,LOW,DEMO
36.2,1269.7,56.9,4.7,16.7,32.9,56.9,0.345,1,0,0.394,0,0.26,0.2111,LOW,DEMO
33.7,993.3,117.1,13.8,65.0,90.6,117.1,0.461,3,3,0.8,1,0.584,0.3414,MEDIUM,DEMO
20.3,1012.8,27.7,4.2,14.6,22.7,27.7,0.295,0,0,0.808,3,0.577,0.1311,LOW,DEMO
37.7,1657.6,98.4,18.0,41.5,61.8,98.4,0.344,0,2,0.638,0,0.11,0.2924,MEDIUM,DEMO
26.1,181.8,44.2,6.9,20.8,32.6,44.2,0.329,1,0,0.757,3,0.396,0.17,LOW,DEMO
33.2,712.4,28.7,2.6,9.2,16.2,28.7,0.275,1,3,0.394,2,0.198,0.1338,LOW,DEMO
16.5,1154.9,58.2,5.8,20.0,38.8,58.2,0.275,1,1,0.45,1,0.509,0.1775,LOW,DEMO
32.3,875.5,188.5,32.0,87.5,120.2,188.5,0.721,0,0,0.744,1,0.261,0.5942,HIGH,DEMO
27.3,1689.6,107.8,11.7,40.3,66.7,107.8,0.466,2,2,0.423,1,0.213,0.2794,MEDIUM,DEMO
46.2,147.5,57.3,9.9,25.3,42.6,57.3,0.357,0,0,0.15,3,0.681,0.3796,MEDIUM,DEMO
14.6,1136.1,37.2,8.2,16.4,21.9,37.2,0.301,1,2,0.389,0,0.211,0.1084,LOW,DEMO
31.0,767.3,217.6,21.1,99.4,175.8,217.6,0.691,3,1,0.423,1,0.724,0.6317,HIGH,DEMO
32.3,509.0,90.0,11.9,47.6,67.5,90.0,0.359,2,2,0.238,0,0.101,0.2309,LOW,DEMO
41.7,454.3,76.8,10.5,41.5,58.6,76.8,0.377,1,0,0.382,0,0.197,0.3111,MEDIUM,DEMO
36.0,952.8,105.7,15.3,45.6,87.8,105.7,0.399,1,3,0.83,2,0.085,0.2902,MEDIUM,DEMO
39.3,2074.7,113.1,9.6,45.1,94.2,113.1,0.496,1,1,0.772,0,0.655,0.3525,MEDIUM,DEMO
44.0,697.0,52.6,9.6,27.9,37.6,52.6,0.306,2,0,0.459,0,0.15,0.2711,MEDIUM,DEMO
48.5,1647.2,127.4,24.6,51.4,89.0,127.4,0.542,2,0,0.66,0,0.263,0.5292,HIGH,DEMO
27.5,543.0,23.8,1.4,7.0,15.5,23.8,0.289,2,2,0.235,0,0.595,0.114,LOW,DEMO
34.8,177.2,109.9,15.6,50.4,84.0,109.9,0.493,2,2,0.692,2,0.231,0.3274,MEDIUM,DEMO
47.2,137.1,55.0,10.7,24.9,39.2,55.0,0.372,0,1,0.482,1,0.443,0.3682,MEDIUM,DEMO
60.4,127.4,157.5,22.0,89.3,130.7,157.5,0.596,0,0,0.669,2,0.199,0.7292,HIGH,DEMO
50.2,510.5,52.3,5.3,23.8,32.5,52.3,0.3,2,0,0.609,1,0.318,0.3388,MEDIUM,DEMO
29.5,450.2,139.9,25.4,65.2,90.0,139.9,0.555,1,1,0.297,0,0.456,0.424,MEDIUM,DEMO
22.8,1219.1,91.9,8.8,43.4,59.3,91.9,0.328,3,0,0.754,2,0.36,0.2305,LOW,DEMO
33.2,1302.2,124.1,19.9,45.2,98.3,124.1,0.483,1,0,0.555,0,0.04,0.3766,MEDIUM,DEMO
42.4,127.0,78.0,6.6,30.0,45.2,78.0,0.368,1,1,0.716,1,0.166,0.302,MEDIUM,DEMO
33.3,304.9,17.5,2.2,6.2,12.0,17.5,0.212,2,0,0.191,0,0.561,0.1579,LOW,DEMO
33.0,368.5,150.4,21.8,51.6,102.0,150.4,0.485,2,0,0.588,0,0.162,0.4284,MEDIUM,DEMO
47.1,793.9,156.6,16.8,61.8,89.6,156.6,0.509,2,0,0.342,1,0.113,0.6201,HIGH,DEMO
29.2,220.5,58.9,5.3,22.8,39.7,58.9,0.35,2,1,0.774,0,0.275,0.1607,LOW,DEMO
48.3,209.4,45.4,5.9,23.2,32.0,45.4,0.308,1,1,0.842,1,0.036,0.2719,MEDIUM,DEMO
30.7,2670.8,130.7,15.7,34.5,74.5,130.7,0.497,3,2,0.162,1,0.081,0.3776,MEDIUM,DEMO
28.1,1547.6,90.9,18.2,44.1,63.9,90.9,0.377,3,1,0.67,3,0.167,0.2882,MEDIUM,DEMO
32.1,259.3,66.8,7.1,27.5,56.0,66.8,0.35,1,0,0.198,1,0.444,0.2805,MEDIUM,DEMO
43.3,549.6,102.4,18.0,43.4,86.4,102.4,0.426,2,3,0.772,0,0.212,0.3397,MEDIUM,DEMO
19.3,475.5,58.8,10.2,24.7,41.7,58.8,0.368,3,1,0.215,1,0.158,0.2065,LOW,DEMO
22.8,1488.9,155.2,31.0,62.2,109.3,155.2,0.581,2,3,0.268,1,0.042,0.3893,MEDIUM,DEMO
55.2,722.4,62.2,7.5,23.5,39.5,62.2,0.408,1,3,0.311,0,0.635,0.3508,MEDIUM,DEMO
21.9,203.1,130.8,37.3,81.3,111.0,130.8,0.505,2,1,0.673,0,0.213,0.316,MEDIUM,DEMO
35.7,1288.9,77.9,10.6,31.9,49.2,77.9,0.416,0,3,0.342,1,0.321,0.2755,MEDIUM,DEMO
36.1,535.1,94.9,16.4,35.0,65.1,94.9,0.442,0,0,0.573,2,0.178,0.3736,MEDIUM,DEMO
33.2,354.6,213.4,13.4,59.0,117.6,213.4,0.631,2,0,0.555,0,0.268,0.5117,HIGH,DEMO
38.5,503.7,53.5,5.1,20.2,35.1,53.5,0.394,1,0,0.426,2,0.026,0.2385,LOW,DEMO
24.3,699.8,125.3,19.1,41.9,71.6,125.3,0.437,0,1,0.53,0,0.353,0.3277,MEDIUM,DEMO
35.2,458.2,183.8,39.9,89.6,142.1,183.8,0.489,1,1,0.21,1,0.164,0.5741,HIGH,DEMO
29.6,329.3,122.4,13.6,46.6,87.9,122.4,0.425,1,3,0.786,3,0.343,0.2764,MEDIUM,DEMO
39.1,537.5,160.7,29.9,78.9,116.0,160.7,0.619,3,1,0.277,3,0.56,0.5808,HIGH,DEMO
20.1,97.4,83.4,8.0,25.4,53.0,83.4,0.39,1,2,0.789,1,0.25,0.1763,LOW,DEMO
35.9,1412.5,118.2,11.8,58.0,93.9,118.2,0.483,1,3,0.514,0,0.244,0.2904,MEDIUM,DEMO
22.3,248.7,139.5,10.2,49.0,76.8,139.5,0.495,0,1,0.587,3,0.39,0.3119,MEDIUM,DEMO
26.2,120.4,76.8,5.5,25.6,49.9,76.8,0.421,2,0,0.316,0,0.442,0.2124,LOW,DEMO
23.8,1034.4,41.1,8.1,21.4,30.7,41.1,0.33,3,2,0.289,3,0.107,0.1381,LOW,DEMO
22.2,1418.2,35.9,5.3,18.7,29.5,35.9,0.313,2,1,0.493,2,0.023,0.1363,LOW,DEMO
46.4,1593.0,198.9,19.3,79.4,123.4,198.9,0.65,1,2,0.323,3,0.519,0.657,HIGH,DEMO
26.5,692.2,179.2,36.9,76.5,127.7,179.2,0.56,2,1,0.442,2,0.16,0.4822,MEDIUM,DEMO
53.0,286.9,46.2,5.6,23.8,32.9,46.2,0.354,0,0,0.455,3,0.265,0.3377,MEDIUM,DEMO
57.3,1282.8,160.7,34.5,85.9,130.5,160.7,0.54,0,0,0.326,1,0.698,0.7622,VERY HIGH,DEMO
35.9,1162.7,103.0,15.4,32.9,58.2,103.0,0.436,1,0,0.342,0,0.272,0.3626,MEDIUM,DEMO
20.2,334.4,78.5,6.9,27.7,53.2,78.5,0.355,0,0,0.859,1,0.471,0.2099,LOW,DEMO
29.6,2183.5,45.1,3.4,12.8,27.3,45.1,0.323,1,2,0.566,1,0.427,0.1579,LOW,DEMO
45.0,179.2,71.1,7.4,19.8,39.6,71.1,0.355,1,1,0.752,1,0.176,0.3137,MEDIUM,DEMO
29.4,3730.7,38.7,6.1,17.2,23.0,38.7,0.378,1,0,0.155,3,0.135,0.1889,LOW,DEMO
16.9,1851.1,63.1,10.8,30.4,53.2,63.1,0.283,3,0,0.121,1,0.032,0.2125,LOW,DEMO
35.4,1128.0,38.0,6.2,16.8,23.3,38.0,0.365,0,1,0.515,2,0.2,0.1999,LOW,DEMO
47.5,2593.5,26.2,5.3,10.9,21.8,26.2,0.211,3,0,0.748,0,0.144,0.212,LOW,DEMO
44.9,1233.1,163.2,12.5,57.6,99.8,163.2,0.58,1,0,0.584,3,0.16,0.5443,HIGH,DEMO
21.8,270.2,68.1,17.8,41.7,56.5,68.1,0.335,1,0,0.59,0,0.294,0.2287,LOW,DEMO
39.5,605.3,97.1,9.3,34.6,72.5,97.1,0.459,0,1,0.226,0,0.67,0.3564,MEDIUM,DEMO
23.9,146.8,51.6,5.9,18.9,30.1,51.6,0.34,1,3,0.864,2,0.112,0.1229,LOW,DEMO
23.8,524.4,65.9,7.9,34.6,47.7,65.9,0.301,3,3,0.523,2,0.408,0.1646,LOW,DEMO
49.2,1297.9,37.1,5.9,17.6,23.9,37.1,0.387,2,1,0.198,1,0.248,0.3246,MEDIUM,DEMO
25.1,519.6,200.0,41.3,93.6,133.0,200.0,0.66,0,1,0.435,1,0.22,0.5496,HIGH,DEMO
25.7,440.8,12.1,1.3,5.8,8.3,12.1,0.298,1,1,0.175,1,0.184,0.1337,LOW,DEMO
6.0,894.3,134.1,16.6,58.6,90.8,134.1,0.467,1,0,0.438,0,0.184,0.3105,MEDIUM,DEMO
49.0,1931.6,50.9,6.1,19.7,38.1,50.9,0.385,0,0,0.661,2,0.071,0.3038,MEDIUM,DEMO
44.7,123.9,37.0,4.5,19.3,28.8,37.0,0.254,3,0,0.366,2,0.114,0.2497,LOW,DEMO
37.8,518.2,24.4,5.1,11.8,15.9,24.4,0.184,1,0,0.358,1,0.099,0.2058,LOW,DEMO
42.8,235.0,83.2,18.3,41.9,68.9,83.2,0.326,1,0,0.511,1,0.419,0.4465,MEDIUM,DEMO
20.7,1149.7,123.7,24.5,54.3,102.9,123.7,0.434,1,1,0.499,0,0.355,0.3107,MEDIUM,DEMO
32.3,180.6,115.8,15.2,40.5,65.1,115.8,0.427,0,0,0.475,1,0.174,0.3947,MEDIUM,DEMO
28.9,1063.7,56.1,7.2,20.5,31.1,56.1,0.333,3,0,0.513,3,0.246,0.199,LOW,DEMO
17.3,383.4,65.5,6.3,22.7,44.4,65.5,0.352,0,1,0.156,2,0.328,0.1864,LOW,DEMO
33.1,279.6,36.1,6.9,17.5,26.3,36.1,0.285,1,1,0.48,1,0.206,0.2,LOW,DEMO
52.5,2559.0,41.1,5.4,16.3,26.0,41.1,0.22,2,0,0.874,0,0.202,0.2643,MEDIUM,DEMO
13.1,96.8,162.8,31.8,64.8,102.2,162.8,0.562,1,2,0.701,3,0.229,0.3347,MEDIUM,DEMO
26.7,598.3,17.7,3.5,7.2,13.3,17.7,0.27,1,1,0.339,0,0.268,0.1205,LOW,DEMO
23.3,99.7,15.6,2.7,5.7,11.4,15.6,0.244,1,0,0.635,0,0.337,0.1075,LOW,DEMO
24.6,674.8,46.2,5.4,17.7,27.7,46.2,0.406,3,3,0.371,1,0.149,0.1486,LOW,DEMO
51.5,705.7,198.5,31.4,101.3,161.9,198.5,0.607,2,0,0.266,1,0.222,0.7531,VERY HIGH,DEMO
32.5,429.3,77.4,14.7,32.2,58.4,77.4,0.397,3,1,0.708,3,0.704,0.304,MEDIUM,DEMO
32.5,207.6,288.4,42.9,102.4,190.0,288.4,0.825,2,0,0.279,0,0.334,0.6183,HIGH,DEMO
43.2,505.0,60.4,10.4,25.3,45.6,60.4,0.288,1,0,0.773,2,0.23,0.2998,MEDIUM,DEMO
20.8,1084.0,118.4,11.7,41.3,69.1,118.4,0.469,1,0,0.409,0,0.407,0.2844,MEDIUM,DEMO
33.1,1452.6,149.3,34.4,76.5,103.1,149.3,0.567,2,1,0.695,0,0.499,0.4439,MEDIUM,DEMO
31.4,761.0,257.5,39.3,105.0,154.7,257.5,0.724,1,1,0.317,2,0.649,0.6254,HIGH,DEMO
36.7,882.1,49.3,6.5,19.6,27.7,49.3,0.276,1,3,0.616,2,0.312,0.1823,LOW,DEMO
64.1,281.5,76.8,13.8,30.1,50.1,76.8,0.369,3,1,0.282,1,0.416,0.5759,HIGH,DEMO
43.6,384.9,67.1,7.7,24.3,39.9,67.1,0.384,0,3,0.137,2,0.027,0.2674,MEDIUM,DEMO
30.4,239.0,124.7,18.7,47.2,92.3,124.7,0.376,1,0,0.739,3,0.153,0.3649,MEDIUM,DEMO
46.5,338.1,185.5,31.6,93.0,139.5,185.5,0.527,2,0,0.771,3,0.137,0.6201,HIGH,DEMO
21.6,309.3,185.1,24.0,63.5,110.1,185.1,0.692,2,0,0.789,0,0.057,0.44,MEDIUM,DEMO
12.0,739.5,48.5,3.9,18.2,27.0,48.5,0.364,1,2,0.148,0,0.498,0.1203,LOW,DEMO
23.2,824.4,41.2,6.3,18.6,32.5,41.2,0.401,1,0,0.698,2,0.611,0.1784,LOW,DEMO
28.5,2689.5,116.3,11.3,30.9,64.0,116.3,0.509,0,3,0.755,2,0.34,0.2685,MEDIUM,DEMO
33.9,275.9,32.7,3.7,10.7,21.3,32.7,0.33,1,0,0.357,1,0.551,0.2181,LOW,DEMO
37.4,1003.7,126.7,27.9,61.3,88.5,126.7,0.47,1,3,0.478,0,0.352,0.3694,MEDIUM,DEMO
51.7,1609.7,76.7,9.4,32.2,61.0,76.7,0.412,3,1,0.43,1,0.338,0.4378,MEDIUM,DEMO
33.8,819.4,167.4,33.0,71.0,134.2,167.4,0.633,0,1,0.454,1,0.617,0.5785,HIGH,DEMO
33.6,344.9,151.1,27.1,84.5,116.0,151.1,0.572,2,3,0.763,0,0.081,0.3619,MEDIUM,DEMO
14.0,354.1,83.5,13.8,33.7,52.1,83.5,0.413,2,3,0.438,1,0.379,0.2157,LOW,DEMO
12.5,116.0,30.4,2.6,11.3,23.3,30.4,0.298,2,3,0.35,2,0.531,0.1073,LOW,DEMO
35.2,408.0,32.6,2.6,10.0,20.3,32.6,0.335,1,1,0.219,1,0.052,0.1898,LOW,DEMO
31.6,1308.4,79.4,11.1,25.9,48.8,79.4,0.371,1,3,0.633,2,0.03,0.2088,LOW,DEMO
47.2,123.8,104.2,9.5,46.7,74.4,104.2,0.468,2,1,0.184,0,0.219,0.4048,MEDIUM,DEMO
21.1,302.8,61.2,15.3,31.2,46.1,61.2,0.329,3,2,0.166,1,0.461,0.2273,LOW,DEMO
11.4,1182.5,38.3,3.0,11.5,21.7,38.3,0.303,1,2,0.638,3,0.104,0.0931,LOW,DEMO
32.0,1453.6,62.7,11.9,25.3,35.6,62.7,0.315,3,2,0.648,0,0.266,0.1833,LOW,DEMO
24.6,626.8,168.2,22.6,63.8,132.1,168.2,0.54,1,1,0.271,0,0.128,0.4189,MEDIUM,DEMO
14.0,1157.8,62.7,9.6,26.0,50.7,62.7,0.332,3,2,0.847,1,0.354,0.1526,LOW,DEMO
41.6,521.9,49.7,6.1,27.0,36.4,49.7,0.427,0,1,0.719,0,0.551,0.2367,LOW,DEMO
18.4,236.8,31.8,3.3,10.6,21.6,31.8,0.264,2,2,0.642,0,0.394,0.0909,LOW,DEMO
37.2,537.0,73.2,10.4,42.1,58.8,73.2,0.405,2,0,0.693,3,0.237,0.2818,MEDIUM,DEMO
26.3,860.7,152.1,27.7,77.3,116.9,152.1,0.485,2,1,0.433,0,0.056,0.3754,MEDIUM,DEMO
21.8,2741.8,156.7,19.5,53.5,113.4,156.7,0.543,2,1,0.466,0,0.328,0.3861,MEDIUM,DEMO
29.8,144.1,42.5,6.8,16.4,27.5,42.5,0.343,1,3,0.781,3,0.252,0.1371,LOW,DEMO
45.2,717.2,83.9,14.4,31.0,51.1,83.9,0.313,1,1,0.139,1,0.573,0.4587,MEDIUM,DEMO
30.2,439.0,45.7,7.7,22.5,30.9,45.7,0.265,1,1,0.73,2,0.423,0.1884,LOW,DEMO
42.8,718.9,59.1,5.8,21.7,37.6,59.1,0.312,1,0,0.46,1,0.171,0.2946,MEDIUM,DEMO
19.3,101.8,72.3,8.3,27.5,47.1,72.3,0.319,1,3,0.473,3,0.326,0.1534,LOW,DEMO
43.8,417.9,53.7,8.3,18.3,37.9,53.7,0.354,1,0,0.368,0,0.325,0.2825,MEDIUM,DEMO
24.6,1622.7,3.8,0.4,1.5,2.3,3.8,0.269,2,3,0.581,2,0.093,0.0802,LOW,DEMO
39.7,806.6,200.4,31.6,81.4,158.7,200.4,0.569,2,1,0.634,2,0.098,0.5922,HIGH,DEMO
35.7,619.0,49.5,2.8,13.9,29.4,49.5,0.348,0,0,0.242,0,0.16,0.1916,LOW,DEMO
53.2,382.6,46.6,6.6,24.3,32.4,46.6,0.315,2,3,0.55,2,0.308,0.29,MEDIUM,DEMO
30.0,398.5,42.3,6.6,17.4,32.8,42.3,0.324,1,0,0.473,2,0.187,0.1911,LOW,DEMO
15.4,514.7,22.8,2.6,7.8,15.9,22.8,0.261,0,0,0.714,3,0.57,0.1155,LOW,DEMO
10.6,1704.7,204.0,30.8,88.6,134.3,204.0,0.653,2,0,0.534,3,0.052,0.4702,MEDIUM,DEMO
46.5,3156.0,75.7,14.5,36.5,52.4,75.7,0.472,1,3,0.446,1,0.158,0.3702,MEDIUM,DEMO
34.3,599.7,105.0,10.7,39.6,84.5,105.0,0.484,1,2,0.522,1,0.134,0.3002,MEDIUM,DEMO
43.9,529.8,96.3,11.2,39.3,81.6,96.3,0.499,0,3,0.493,3,0.16,0.3291,MEDIUM,DEMO
24.5,1766.9,52.6,7.5,18.6,38.9,52.6,0.278,2,0,0.831,0,0.313,0.1535,LOW,DEMO
28.6,581.0,75.5,10.0,27.6,59.5,75.5,0.356,0,0,0.357,1,0.616,0.296,MEDIUM,DEMO
12.0,802.7,120.4,8.8,43.2,66.7,120.4,0.502,0,1,0.148,0,0.318,0.2534,MEDIUM,DEMO
56.3,316.3,25.2,5.2,12.8,20.5,25.2,0.372,1,1,0.623,2,0.451,0.3305,MEDIUM,DEMO
39.4,1304.6,58.3,12.2,31.7,48.8,58.3,0.391,2,2,0.579,2,0.152,0.2468,LOW,DEMO
53.5,763.3,65.6,6.4,28.5,47.4,65.6,0.321,0,1,0.812,2,0.38,0.3595,MEDIUM,DEMO
25.7,1570.1,51.4,11.8,27.7,39.9,51.4,0.324,0,0,0.209,3,0.047,0.2093,LOW,DEMO
37.3,1445.7,50.7,7.8,21.9,35.7,50.7,0.361,0,0,0.517,1,0.205,0.2616,MEDIUM,DEMO
39.8,297.9,85.4,10.3,39.4,54.3,85.4,0.4,1,1,0.235,1,0.133,0.3532,MEDIUM,DEMO
27.7,1211.7,173.3,30.6,83.2,139.6,173.3,0.532,1,0,0.466,1,0.076,0.5005,HIGH,DEMO
47.7,1528.7,101.8,19.3,51.0,74.2,101.8,0.425,1,3,0.728,3,0.073,0.392,MEDIUM,DEMO
54.8,462.3,41.5,8.2,17.2,30.0,41.5,0.326,3,3,0.772,3,0.481,0.2949,MEDIUM,DEMO
49.9,250.5,324.5,59.5,140.9,242.6,324.5,0.798,0,2,0.754,3,0.205,0.6717,HIGH,DEMO
42.3,82.4,174.3,28.8,99.1,140.6,174.3,0.623,1,0,0.536,3,0.09,0.5946,HIGH,DEMO
26.2,619.5,54.1,4.7,20.1,41.7,54.1,0.329,3,0,0.602,3,0.188,0.1675,LOW,DEMO
26.4,471.1,175.9,30.5,66.8,107.9,175.9,0.573,0,1,0.539,3,0.641,0.495,MEDIUM,DEMO
56.5,808.5,86.7,18.1,39.9,59.8,86.7,0.463,2,2,0.547,0,0.276,0.4655,MEDIUM,DEMO
9.1,267.5,31.2,4.5,17.8,26.3,31.2,0.302,1,3,0.793,0,0.448,0.0871,LOW,DEMO
41.3,1847.4,162.4,16.0,73.0,116.3,162.4,0.601,3,3,0.279,3,0.326,0.5075,HIGH,DEMO
40.9,348.3,41.5,8.3,20.2,34.5,41.5,0.276,3,0,0.453,2,0.059,0.249,LOW,DEMO
37.7,311.1,104.9,18.3,44.0,83.3,104.9,0.466,1,3,0.584,3,0.478,0.3598,MEDIUM,DEMO
60.6,669.8,83.6,11.5,45.3,62.7,83.6,0.447,0,0,0.702,2,0.187,0.5285,HIGH,DEMO
27.5,701.8,110.6,16.3,40.6,72.4,110.6,0.414,1,2,0.699,0,0.679,0.2767,MEDIUM,DEMO
28.5,298.0,213.6,26.8,94.5,137.0,213.6,0.638,3,1,0.209,3,0.179,0.5461,HIGH,DEMO
16.3,365.5,74.7,7.1,25.5,55.5,74.7,0.381,1,1,0.289,2,0.445,0.201,LOW,DEMO
31.8,247.4,30.8,3.2,10.9,21.0,30.8,0.318,3,1,0.813,1,0.459,0.1689,LOW,DEMO
25.6,1220.7,46.0,7.2,20.1,36.3,46.0,0.359,2,3,0.392,1,0.371,0.1641,LOW,DEMO
28.6,1403.1,29.1,6.5,14.7,22.6,29.1,0.258,1,1,0.122,1,0.178,0.1832,LOW,DEMO
46.9,638.5,22.1,2.7,7.8,14.2,22.1,0.288,2,2,0.272,1,0.133,0.2098,LOW,DEMO
53.7,1206.9,150.1,15.3,52.8,114.2,150.1,0.608,0,0,0.857,2,0.12,0.6222,HIGH,DEMO
22.3,1278.4,81.7,13.3,28.6,57.0,81.7,0.454,1,3,0.355,3,0.356,0.2141,LOW,DEMO
29.6,213.9,68.9,5.1,23.5,44.6,68.9,0.418,1,3,0.586,0,0.187,0.1491,LOW,DEMO
53.1,3128.0,55.0,8.2,18.7,37.1,55.0,0.343,1,1,0.672,0,0.314,0.3243,MEDIUM,DEMO
15.0,1628.5,128.7,23.4,53.9,105.4,128.7,0.596,1,3,0.611,0,0.547,0.2847,MEDIUM,DEMO
17.2,285.9,188.3,23.3,84.3,123.9,188.3,0.651,1,0,0.407,2,0.548,0.5205,HIGH,DEMO
21.2,265.4,40.6,3.8,14.8,25.8,40.6,0.327,2,2,0.447,3,0.453,0.122,LOW,DEMO
36.7,200.9,102.2,17.7,38.3,67.0,102.2,0.451,2,0,0.757,0,0.398,0.3696,MEDIUM,DEMO
20.6,214.0,143.6,24.0,65.3,88.2,143.6,0.494,3,1,0.624,0,0.094,0.3247,MEDIUM,DEMO
57.0,1321.1,89.3,8.0,37.2,63.7,89.3,0.436,2,1,0.138,3,0.19,0.4821,MEDIUM,DEMO
31.9,650.8,122.2,24.7,52.9,72.6,122.2,0.507,2,1,0.275,0,0.428,0.3997,MEDIUM,DEMO
33.6,1454.8,30.5,4.0,13.1,24.3,30.5,0.342,1,1,0.338,0,0.152,0.1547,LOW,DEMO
25.0,1314.3,191.5,20.4,67.4,118.3,191.5,0.597,0,0,0.398,0,0.463,0.5067,HIGH,DEMO
32.6,915.1,129.1,21.1,53.6,94.2,129.1,0.416,0,3,0.558,3,0.106,0.3341,MEDIUM,DEMO
39.1,1123.6,108.9,15.6,39.3,64.0,108.9,0.464,1,0,0.399,0,0.402,0.4094,MEDIUM,DEMO
42.8,96.7,137.3,22.2,72.4,115.9,137.3,0.54,2,1,0.747,0,0.152,0.4648,MEDIUM,DEMO
42.9,416.3,61.6,5.4,22.2,42.2,61.6,0.315,2,3,0.48,3,0.119,0.2138,LOW,DEMO
36.1,994.1,35.2,7.1,19.3,28.0,35.2,0.311,3,3,0.502,0,0.241,0.1495,LOW,DEMO
51.2,88.5,29.2,5.3,13.7,22.8,29.2,0.371,1,2,0.445,2,0.231,0.2531,MEDIUM,DEMO
46.0,110.2,25.7,4.1,8.9,19.6,25.7,0.238,2,1,0.356,0,0.269,0.2104,LOW,DEMO
43.1,1798.8,101.3,17.5,50.7,80.9,101.3,0.424,3,1,0.671,2,0.21,0.4273,MEDIUM,DEMO
14.5,1116.9,56.8,8.9,22.7,32.9,56.8,0.43,1,1,0.294,0,0.281,0.1626,LOW,DEMO
8.3,357.5,184.2,15.8,72.9,138.8,184.2,0.6,1,1,0.644,1,0.855,0.488,MEDIUM,DEMO
23.6,1128.2,161.2,21.9,46.8,101.5,161.2,0.523,3,1,0.523,1,0.349,0.4534,MEDIUM,DEMO
39.2,1495.2,128.6,20.9,69.9,101.0,128.6,0.488,1,2,0.198,2,0.41,0.458,MEDIUM,DEMO
30.8,409.8,111.3,27.0,69.2,93.1,111.3,0.498,2,1,0.134,2,0.599,0.431,MEDIUM,DEMO
30.5,113.0,45.8,8.4,17.8,37.6,45.8,0.325,3,2,0.249,3,0.431,0.1812,LOW,DEMO
49.9,2509.8,52.2,9.9,22.3,30.5,52.2,0.377,1,1,0.698,1,0.41,0.3647,MEDIUM,DEMO
50.6,461.1,45.7,6.6,16.8,30.2,45.7,0.347,0,0,0.412,2,0.411,0.3469,MEDIUM,DEMO
51.6,181.3,34.3,6.8,16.6,22.6,34.3,0.33,2,3,0.732,3,0.127,0.2325,LOW,DEMO
27.5,689.3,70.4,12.7,26.6,41.3,70.4,0.414,2,3,0.501,0,0.129,0.1793,LOW,DEMO
40.3,1396.7,142.4,26.2,59.2,82.5,142.4,0.5,0,0,0.145,0,0.5,0.5302,HIGH,DEMO
26.0,305.5,67.3,11.8,30.7,44.8,67.3,0.328,1,2,0.763,2,0.216,0.1802,LOW,DEMO
22.6,362.6,43.9,6.8,17.1,37.2,43.9,0.355,1,1,0.832,1,0.207,0.1579,LOW,DEMO
22.3,330.2,67.4,5.6,22.8,48.5,67.4,0.368,2,0,0.176,1,0.781,0.2461,LOW,DEMO
28.5,4200.0,85.0,13.0,38.0,62.6,85.0,0.385,1,0,0.278,1,0.288,0.318,MEDIUM,DEMO
31.4,277.9,53.4,5.2,18.1,36.9,53.4,0.376,1,0,0.664,3,0.258,0.1931,LOW,DEMO
46.7,851.2,70.8,10.3,31.2,53.0,70.8,0.445,2,2,0.878,0,0.243,0.2662,MEDIUM,DEMO
18.9,2414.4,321.1,78.9,197.9,268.8,321.1,0.839,1,0,0.786,1,0.072,0.5466,HIGH,DEMO
42.1,223.0,25.0,2.4,9.8,18.2,25.0,0.297,3,0,0.195,0,0.671,0.219,LOW,DEMO
34.5,3261.9,12.5,0.9,4.2,7.1,12.5,0.214,3,0,0.582,3,0.287,0.1405,LOW,DEMO
26.6,2731.9,81.0,10.2,31.9,56.5,81.0,0.389,0,0,0.626,0,0.071,0.2093,LOW,DEMO
33.3,2023.2,98.3,15.8,53.3,83.4,98.3,0.444,1,1,0.599,0,0.409,0.3204,MEDIUM,DEMO
27.0,297.4,68.4,7.5,23.1,45.6,68.4,0.376,0,1,0.552,3,0.227,0.1978,LOW,DEMO
36.7,984.7,36.7,6.8,14.1,26.7,36.7,0.3,1,0,0.342,1,0.671,0.2638,MEDIUM,DEMO
31.5,1367.8,182.2,30.9,75.1,106.1,182.2,0.625,2,2,0.628,2,0.164,0.4733,MEDIUM,DEMO
21.3,3923.6,77.8,9.5,32.0,46.1,77.8,0.397,1,0,0.674,1,0.288,0.2307,LOW,DEMO
18.7,259.1,83.5,11.8,46.6,67.8,83.5,0.535,0,1,0.558,1,0.069,0.2414,LOW,DEMO
35.0,1387.3,127.3,21.4,55.5,81.5,127.3,0.497,0,0,0.498,3,0.118,0.4317,MEDIUM,DEMO
51.1,452.3,66.4,10.0,25.1,42.6,66.4,0.236,0,2,0.286,3,0.191,0.3263,MEDIUM,DEMO
28.6,253.8,62.3,9.6,27.7,41.5,62.3,0.31,1,0,0.534,1,0.087,0.2298,LOW,DEMO
42.0,572.4,182.2,22.9,86.7,153.1,182.2,0.615,2,1,0.217,3,0.324,0.6278,HIGH,DEMO
39.0,1501.2,19.1,1.1,5.3,11.0,19.1,0.253,1,1,0.175,3,0.071,0.1654,LOW,DEMO
53.4,642.7,95.0,12.0,42.9,75.6,95.0,0.397,0,0,0.711,1,0.216,0.4941,MEDIUM,DEMO
46.2,774.0,89.6,9.8,29.1,58.4,89.6,0.354,2,2,0.634,3,0.426,0.3249,MEDIUM,DEMO
35.7,4200.0,56.3,11.2,25.7,45.3,56.3,0.331,3,1,0.613,0,0.43,0.2324,LOW,DEMO
38.9,538.4,68.5,14.3,31.3,58.0,68.5,0.387,1,1,0.825,3,0.426,0.3032,MEDIUM,DEMO
50.8,940.0,172.5,23.0,71.1,112.9,172.5,0.59,1,0,0.409,0,0.757,0.6889,HIGH,DEMO
30.4,489.1,41.4,6.0,13.6,24.4,41.4,0.276,0,1,0.424,0,0.066,0.1523,LOW,DEMO
28.0,529.0,122.0,23.9,47.9,72.4,122.0,0.517,0,0,0.434,2,0.28,0.406,MEDIUM,DEMO
9.2,1150.6,76.2,14.8,35.8,59.3,76.2,0.332,2,1,0.474,3,0.539,0.2296,LOW,DEMO
46.5,2580.9,113.9,20.5,49.1,67.6,113.9,0.483,1,0,0.51,0,0.512,0.5055,HIGH,DEMO
45.1,783.5,99.4,14.1,29.8,62.4,99.4,0.451,2,2,0.711,1,0.086,0.3779,MEDIUM,DEMO
18.0,1396.5,11.8,1.4,4.7,7.2,11.8,0.225,3,0,0.285,2,0.48,0.1198,LOW,DEMO
36.1,164.1,40.7,3.5,17.4,26.7,40.7,0.273,2,3,0.45,0,0.322,0.1427,LOW,DEMO
32.4,293.5,45.5,9.5,19.1,26.0,45.5,0.354,1,3,0.504,0,0.052,0.1504,LOW,DEMO
18.9,707.7,36.4,5.7,16.5,29.4,36.4,0.29,1,3,0.249,1,0.38,0.134,LOW,DEMO
58.8,98.2,49.9,9.5,21.8,40.3,49.9,0.333,0,3,0.653,1,0.192,0.372,MEDIUM,DEMO
23.6,342.3,83.4,12.5,28.2,56.2,83.4,0.439,2,3,0.163,2,0.658,0.2499,LOW,DEMO
15.4,735.7,134.9,16.7,52.4,99.0,134.9,0.524,0,3,0.565,0,0.088,0.2498,LOW,DEMO
36.7,93.6,27.9,4.5,12.4,20.7,27.9,0.256,0,0,0.274,2,0.157,0.1981,LOW,DEMO
42.3,356.5,77.0,15.1,41.8,59.6,77.0,0.39,0,1,0.126,1,0.459,0.4277,MEDIUM,DEMO
12.2,729.4,91.7,9.2,34.7,64.8,91.7,0.374,0,0,0.36,3,0.215,0.2185,LOW,DEMO
39.0,846.2,151.2,12.4,52.9,106.3,151.2,0.574,2,1,0.446,1,0.134,0.494,MEDIUM,DEMO
34.6,2420.3,195.1,27.8,76.7,144.2,195.1,0.689,3,1,0.741,1,0.314,0.6032,HIGH,DEMO
17.9,1013.0,66.1,5.7,24.2,50.3,66.1,0.331,3,3,0.43,0,0.454,0.1293,LOW,DEMO
21.7,562.1,37.0,5.4,17.6,24.2,37.0,0.317,2,3,0.816,0,0.292,0.0971,LOW,DEMO
35.8,2477.9,95.8,11.3,44.2,62.2,95.8,0.474,0,0,0.76,1,0.338,0.3534,MEDIUM,DEMO
26.9,1462.9,38.4,5.4,13.1,24.2,38.4,0.323,1,1,0.266,1,0.148,0.1774,LOW,DEMO
53.9,280.8,90.7,15.7,34.0,64.8,90.7,0.446,0,1,0.238,1,0.068,0.536,HIGH,DEMO
46.1,206.2,43.9,7.8,20.8,28.9,43.9,0.334,0,1,0.305,3,0.157,0.2798,MEDIUM,DEMO
59.3,1093.8,105.8,11.0,33.9,75.3,105.8,0.394,1,1,0.393,1,0.554,0.5965,HIGH,DEMO
25.5,818.6,46.2,9.8,19.5,31.0,46.2,0.342,3,3,0.563,0,0.326,0.1372,LOW,DEMO
57.3,1483.2,184.1,22.1,106.9,147.5,184.1,0.648,2,3,0.214,3,0.768,0.7428,HIGH,DEMO
31.4,1288.2,76.4,7.7,26.3,43.7,76.4,0.408,2,0,0.524,2,0.283,0.2566,MEDIUM,DEMO
28.7,963.3,20.9,1.9,6.8,15.1,20.9,0.37,1,0,0.561,0,0.172,0.1238,LOW,DEMO
14.0,3946.7,137.4,15.7,51.2,99.3,137.4,0.417,1,2,0.622,0,0.109,0.2383,LOW,DEMO
14.2,766.4,66.8,8.7,32.3,44.5,66.8,0.393,3,1,0.538,0,0.548,0.1709,LOW,DEMO
40.3,188.0,110.9,9.5,34.1,75.0,110.9,0.424,2,1,0.747,0,0.136,0.3126,MEDIUM,DEMO
32.2,1665.7,139.0,17.3,62.4,109.8,139.0,0.464,1,3,0.608,3,0.285,0.3581,MEDIUM,DEMO
24.2,341.1,79.2,12.1,34.5,50.2,79.2,0.464,1,0,0.823,1,0.117,0.2489,LOW,DEMO
37.4,1431.7,26.4,4.8,15.0,21.4,26.4,0.286,0,1,0.653,3,0.2,0.1711,LOW,DEMO
25.2,2914.1,84.1,16.0,40.9,68.9,84.1,0.389,2,3,0.451,2,0.222,0.2351,LOW,DEMO
36.1,1154.0,169.2,23.2,65.5,126.1,169.2,0.581,0,1,0.279,0,0.495,0.534,HIGH,DEMO
29.1,895.8,71.0,8.9,35.0,55.5,71.0,0.274,1,1,0.128,1,0.5,0.2712,MEDIUM,DEMO
46.3,635.2,99.6,17.1,38.7,73.1,99.6,0.503,2,0,0.189,3,0.041,0.4854,MEDIUM,DEMO
46.2,487.9,41.7,5.3,15.5,29.5,41.7,0.423,2,0,0.264,0,0.023,0.2558,MEDIUM,DEMO
32.8,471.9,22.8,3.3,13.3,19.2,22.8,0.338,0,0,0.284,0,0.279,0.1564,LOW,DEMO
28.8,990.5,67.8,5.3,21.4,43.1,67.8,0.397,0,1,0.684,0,0.156,0.1702,LOW,DEMO
29.2,1332.3,77.6,9.2,20.9,46.3,77.6,0.383,2,1,0.413,1,0.159,0.2554,MEDIUM,DEMO
45.4,1101.3,149.3,21.5,52.3,95.0,149.3,0.473,1,3,0.367,0,0.652,0.5075,HIGH,DEMO
28.1,279.0,81.0,12.5,35.5,59.5,81.0,0.46,0,0,0.16,1,0.433,0.3314,MEDIUM,DEMO
23.4,693.1,142.1,16.6,56.9,86.1,142.1,0.56,3,0,0.529,0,0.281,0.3684,MEDIUM,DEMO
16.7,1491.6,55.7,10.6,31.4,45.8,55.7,0.376,2,0,0.586,0,0.264,0.1643,LOW,DEMO
32.5,661.1,25.8,4.4,11.3,17.4,25.8,0.315,1,2,0.787,0,0.296,0.1155,LOW,DEMO
33.0,772.3,103.2,24.6,53.0,83.1,103.2,0.457,2,3,0.502,0,0.27,0.2927,MEDIUM,DEMO
47.3,1407.2,180.2,26.8,73.2,112.6,180.2,0.558,0,3,0.126,0,0.62,0.6085,HIGH,DEMO
23.9,1054.3,50.3,4.9,17.2,32.4,50.3,0.468,3,2,0.17,1,0.571,0.1827,LOW,DEMO
29.8,553.9,113.1,7.7,36.3,64.2,113.1,0.446,3,0,0.326,3,0.039,0.2916,MEDIUM,DEMO
45.5,2112.0,115.8,11.6,46.1,72.6,115.8,0.444,2,0,0.226,2,0.241,0.4776,MEDIUM,DEMO
46.3,239.7,23.0,3.0,7.5,16.0,23.0,0.349,2,3,0.706,2,0.443,0.191,LOW,DEMO
30.0,4200.0,65.8,7.3,29.6,54.9,65.8,0.371,2,1,0.202,2,0.279,0.2339,LOW,DEMO
32.3,193.9,119.0,15.6,45.4,79.3,119.0,0.47,2,0,0.242,3,0.898,0.4493,MEDIUM,DEMO
27.2,93.6,95.6,17.7,43.2,70.9,95.6,0.498,1,1,0.627,3,0.36,0.3181,MEDIUM,DEMO
53.4,2066.7,119.1,14.1,48.1,80.8,119.1,0.505,1,0,0.302,2,0.479,0.6009,HIGH,DEMO
18.9,332.9,106.8,16.1,40.1,60.2,106.8,0.485,1,1,0.857,2,0.149,0.2693,MEDIUM,DEMO
53.5,1257.4,71.7,11.1,29.7,50.2,71.7,0.312,1,3,0.776,0,0.195,0.3108,MEDIUM,DEMO
40.0,1579.5,77.5,10.6,31.8,44.2,77.5,0.414,1,0,0.686,0,0.093,0.2798,MEDIUM,DEMO
34.5,1843.0,146.8,31.7,67.5,119.7,146.8,0.472,1,1,0.381,0,0.574,0.4612,MEDIUM,DEMO
12.3,4200.0,84.0,16.1,39.6,65.2,84.0,0.383,2,0,0.163,2,0.287,0.2767,MEDIUM,DEMO
32.8,393.4,45.5,4.2,13.6,30.2,45.5,0.343,1,3,0.376,0,0.416,0.147,LOW,DEMO
30.7,1194.8,66.5,11.8,26.8,49.4,66.5,0.372,1,0,0.406,2,0.326,0.2718,MEDIUM,DEMO
21.2,190.4,99.3,17.3,41.2,58.0,99.3,0.467,0,1,0.217,1,0.531,0.3531,MEDIUM,DEMO
38.9,550.0,141.1,25.8,59.1,107.4,141.1,0.551,1,0,0.212,0,0.226,0.4998,MEDIUM,DEMO
57.4,1775.3,22.6,3.7,9.5,18.0,22.6,0.334,2,3,0.628,1,0.562,0.298,MEDIUM,DEMO
35.6,492.5,64.1,9.8,31.3,51.1,64.1,0.302,1,0,0.297,2,0.333,0.2841,MEDIUM,DEMO
41.2,884.8,134.6,12.3,40.5,85.5,134.6,0.618,1,1,0.635,0,0.076,0.416,MEDIUM,DEMO
15.5,710.7,41.3,6.3,15.8,26.0,41.3,0.325,2,0,0.537,0,0.033,0.1224,LOW,DEMO
31.0,1014.5,41.4,3.8,15.8,29.3,41.4,0.388,1,2,0.805,2,0.307,0.1417,LOW,DEMO
18.7,3327.2,76.9,16.3,36.5,64.6,76.9,0.267,1,0,0.726,3,0.152,0.2203,LOW,DEMO
37.3,131.6,21.1,3.7,12.0,17.4,21.1,0.276,0,0,0.235,1,0.17,0.2048,LOW,DEMO
54.0,847.9,209.9,34.9,89.6,138.1,209.9,0.567,1,2,0.584,1,0.467,0.7128,HIGH,DEMO
39.1,1869.2,98.5,15.8,45.1,77.2,98.5,0.39,2,2,0.616,2,0.562,0.3558,MEDIUM,DEMO
16.2,670.9,112.8,20.7,58.1,93.2,112.8,0.462,1,1,0.775,2,0.047,0.2796,MEDIUM,DEMO
29.0,153.6,153.0,27.6,65.4,96.1,153.0,0.517,1,0,0.607,0,0.595,0.442,MEDIUM,DEMO
35.2,820.0,282.0,58.9,151.8,225.3,282.0,0.839,1,1,0.227,0,0.045,0.6086,HIGH,DEMO
30.6,443.2,71.8,6.3,22.9,45.3,71.8,0.472,0,1,0.316,3,0.158,0.2267,LOW,DEMO
46.9,231.5,22.3,1.8,7.9,14.6,22.3,0.243,0,1,0.605,3,0.373,0.2094,LOW,DEMO
45.8,1781.6,93.0,14.2,31.4,56.7,93.0,0.398,1,0,0.813,1,0.255,0.4339,MEDIUM,DEMO
37.3,743.6,43.2,7.2,15.4,30.4,43.2,0.279,0,3,0.798,1,0.536,0.196,LOW,DEMO
29.6,2516.5,31.6,2.9,11.5,25.4,31.6,0.367,2,0,0.393,0,0.336,0.151,LOW,DEMO
25.3,1556.0,53.9,5.6,19.2,38.2,53.9,0.358,3,0,0.751,2,0.312,0.177,LOW,DEMO
18.1,1142.7,70.9,8.2,28.8,41.6,70.9,0.383,0,0,0.509,0,0.377,0.1796,LOW,DEMO
29.0,84.5,154.7,28.6,59.4,96.8,154.7,0.553,3,3,0.473,0,0.223,0.3636,MEDIUM,DEMO
30.9,582.5,213.3,22.1,84.7,153.3,213.3,0.631,2,2,0.387,0,0.121,0.4705,MEDIUM,DEMO
39.7,278.0,35.0,4.0,16.0,25.3,35.0,0.272,3,2,0.635,2,0.095,0.1627,LOW,DEMO
39.0,2255.2,56.7,7.0,27.5,41.0,56.7,0.358,0,0,0.576,1,0.618,0.298,MEDIUM,DEMO
15.7,252.7,109.6,14.6,35.0,62.8,109.6,0.44,3,1,0.405,0,0.491,0.2661,MEDIUM,DEMO
30.3,383.3,119.3,25.5,54.6,92.6,119.3,0.489,3,0,0.7,2,0.028,0.3754,MEDIUM,DEMO
22.2,734.7,38.1,4.7,14.7,31.4,38.1,0.239,3,3,0.408,2,0.384,0.1229,LOW,DEMO
20.9,355.1,134.8,14.4,59.6,94.8,134.8,0.51,2,1,0.564,3,0.199,0.3202,MEDIUM,DEMO
46.5,292.0,45.3,7.3,19.3,34.7,45.3,0.3,0,1,0.418,1,0.022,0.2903,MEDIUM,DEMO
13.2,902.6,37.0,4.6,17.7,30.5,37.0,0.326,0,0,0.209,2,0.102,0.1428,LOW,DEMO
31.1,163.8,106.7,10.0,45.7,79.2,106.7,0.493,3,1,0.243,3,0.308,0.3207,MEDIUM,DEMO
21.5,133.9,157.3,35.3,75.7,118.3,157.3,0.514,0,2,0.619,3,0.32,0.3498,MEDIUM,DEMO
49.5,499.0,93.0,20.4,44.3,71.2,93.0,0.482,1,1,0.737,1,0.197,0.4972,MEDIUM,DEMO
35.4,1227.8,83.1,14.8,30.1,52.2,83.1,0.317,0,1,0.476,1,0.151,0.33,MEDIUM,DEMO
24.4,808.3,71.8,8.1,23.7,52.1,71.8,0.461,2,1,0.367,3,0.318,0.2151,LOW,DEMO
33.6,574.7,80.0,11.8,40.9,64.2,80.0,0.461,1,2,0.376,0,0.382,0.2421,LOW,DEMO
41.9,830.7,65.3,12.8,29.8,41.7,65.3,0.327,3,3,0.574,2,0.192,0.2682,MEDIUM,DEMO
55.9,489.4,108.7,15.4,60.6,89.0,108.7,0.408,3,0,0.475,3,0.205,0.5587,HIGH,DEMO
23.9,2556.0,80.1,12.0,43.9,58.9,80.1,0.324,1,0,0.121,2,0.203,0.2629,MEDIUM,DEMO
50.0,130.8,271.6,25.0,90.4,183.9,271.6,0.801,2,1,0.706,2,0.616,0.7511,VERY HIGH,DEMO
53.6,1087.1,95.5,17.6,36.4,70.3,95.5,0.411,1,0,0.228,0,0.127,0.5168,HIGH,DEMO
52.1,2077.1,65.3,11.2,26.8,43.8,65.3,0.351,0,0,0.633,0,0.511,0.3884,MEDIUM,DEMO
38.1,1546.1,35.4,3.5,14.8,28.3,35.4,0.26,3,0,0.382,2,0.315,0.2124,LOW,DEMO
37.9,263.1,38.9,2.8,12.5,27.1,38.9,0.413,1,1,0.559,2,0.057,0.1907,LOW,DEMO
30.6,395.8,98.0,20.8,45.9,80.4,98.0,0.383,1,0,0.77,0,0.12,0.2969,MEDIUM,DEMO
42.9,1216.2,51.8,8.6,19.5,36.4,51.8,0.347,0,1,0.237,0,0.093,0.2553,MEDIUM,DEMO
34.5,159.2,85.9,13.6,34.0,64.2,85.9,0.42,2,3,0.711,0,0.025,0.2199,LOW,DEMO
39.7,1583.5,162.9,26.4,101.8,138.4,162.9,0.533,1,2,0.149,1,0.369,0.5519,HIGH,DEMO
31.3,1222.2,30.0,3.2,9.3,17.8,30.0,0.276,1,2,0.82,1,0.081,0.1258,LOW,DEMO
41.9,1257.1,68.3,9.8,25.8,52.7,68.3,0.358,3,0,0.273,0,0.083,0.2921,MEDIUM,DEMO
46.4,175.1,9.1,1.3,2.6,5.4,9.1,0.295,0,0,0.724,0,0.407,0.1816,LOW,DEMO
20.4,1218.5,23.1,3.2,12.8,18.5,23.1,0.276,1,0,0.171,2,0.074,0.1314,LOW,DEMO
46.8,1105.0,88.1,15.1,42.7,64.2,88.1,0.495,2,3,0.369,0,0.427,0.373,MEDIUM,DEMO
34.8,1679.7,25.3,2.5,10.3,21.1,25.3,0.258,2,1,0.601,0,0.122,0.1345,LOW,DEMO
47.5,118.2,29.4,4.1,12.3,23.8,29.4,0.342,2,0,0.621,0,0.109,0.2203,LOW,DEMO
31.4,101.0,198.8,20.0,76.7,113.8,198.8,0.531,3,1,0.651,3,0.671,0.5518,HIGH,DEMO
29.8,500.1,48.1,6.8,15.1,28.5,48.1,0.301,0,0,0.387,1,0.269,0.2174,LOW,DEMO
52.0,225.0,36.9,5.5,20.1,26.9,36.9,0.278,3,1,0.626,1,0.225,0.3083,MEDIUM,DEMO
25.2,815.6,162.2,22.8,70.1,114.5,162.2,0.496,0,0,0.446,0,0.422,0.4297,MEDIUM,DEMO
47.4,2323.8,36.7,3.6,11.2,22.0,36.7,0.332,1,0,0.55,1,0.376,0.289,MEDIUM,DEMO
33.0,527.1,94.4,18.1,39.4,55.6,94.4,0.42,0,0,0.536,1,0.42,0.3987,MEDIUM,DEMO
34.0,1757.6,96.2,16.1,37.8,69.2,96.2,0.315,3,0,0.248,0,0.631,0.3623,MEDIUM,DEMO
27.4,80.2,129.3,8.5,39.2,73.0,129.3,0.59,1,2,0.763,3,0.048,0.2528,MEDIUM,DEMO
35.9,246.1,32.2,3.2,14.3,26.2,32.2,0.319,1,1,0.779,2,0.377,0.1745,LOW,DEMO
28.0,107.8,41.2,8.1,22.2,32.6,41.2,0.326,0,0,0.275,2,0.207,0.1992,LOW,DEMO
13.0,437.9,48.6,6.3,19.1,38.1,48.6,0.406,0,1,0.437,1,0.365,0.1699,LOW,DEMO
26.0,2229.2,42.6,3.8,13.3,23.6,42.6,0.379,2,0,0.473,0,0.357,0.1521,LOW,DEMO
8.2,171.8,124.0,14.1,32.1,70.0,124.0,0.465,0,1,0.537,1,0.174,0.3052,MEDIUM,DEMO
58.5,919.2,96.3,11.5,48.1,68.9,96.3,0.331,1,0,0.137,0,0.254,0.5223,HIGH,DEMO
56.8,620.5,105.9,24.4,49.6,89.9,105.9,0.475,2,0,0.697,0,0.314,0.5614,HIGH,DEMO
30.3,2589.4,22.1,1.6,7.6,14.4,22.1,0.243,2,0,0.775,1,0.442,0.153,LOW,DEMO
41.8,197.6,86.6,8.3,35.3,56.6,86.6,0.473,2,1,0.228,1,0.195,0.3698,MEDIUM,DEMO
28.7,294.5,178.2,20.4,69.6,105.2,178.2,0.542,1,3,0.801,0,0.382,0.39,MEDIUM,DEMO
39.5,107.0,250.9,46.2,131.0,188.7,250.9,0.693,0,0,0.767,1,0.214,0.6486,HIGH,DEMO
45.4,592.1,54.5,6.0,22.5,40.6,54.5,0.284,2,0,0.532,1,0.562,0.3273,MEDIUM,DEMO
54.7,372.9,131.0,22.2,52.8,76.0,131.0,0.43,2,0,0.329,3,0.378,0.6334,HIGH,DEMO
30.5,1915.5,42.0,5.2,17.1,29.0,42.0,0.322,1,0,0.278,2,0.42,0.2054,LOW,DEMO
44.3,915.8,22.8,1.7,8.2,17.1,22.8,0.282,2,0,0.492,0,0.518,0.2029,LOW,DEMO
25.8,936.9,24.1,5.5,11.8,16.8,24.1,0.271,1,0,0.505,2,0.127,0.1456,LOW,DEMO
60.6,763.2,163.7,36.6,75.7,123.2,163.7,0.657,0,3,0.615,3,0.029,0.6717,HIGH,DEMO
11.5,166.7,57.5,11.1,28.8,45.7,57.5,0.387,1,0,0.729,2,0.383,0.1891,LOW,DEMO
37.0,609.9,49.7,12.1,27.5,37.6,49.7,0.343,0,2,0.83,2,0.335,0.2149,LOW,DEMO
39.0,4200.0,121.3,13.0,55.0,89.1,121.3,0.337,1,0,0.725,0,0.199,0.3571,MEDIUM,DEMO
40.1,1702.9,28.5,2.9,10.4,23.0,28.5,0.344,0,0,0.811,3,0.571,0.2013,LOW,DEMO
19.0,2095.3,102.9,17.9,60.0,84.4,102.9,0.591,0,2,0.5,0,0.187,0.246,LOW,DEMO
54.0,1639.6,65.2,11.4,23.3,43.5,65.2,0.362,3,2,0.15,2,0.341,0.4033,MEDIUM,DEMO
22.1,177.9,236.5,30.2,85.5,142.4,236.5,0.649,0,0,0.159,1,0.19,0.5636,HIGH,DEMO
37.7,312.3,56.3,4.6,22.9,44.8,56.3,0.363,0,0,0.324,1,0.215,0.2622,MEDIUM,DEMO
24.0,82.8,68.7,7.1,22.7,42.2,68.7,0.306,3,0,0.587,0,0.671,0.1939,LOW,DEMO
27.3,405.5,23.8,2.6,12.9,19.7,23.8,0.317,1,0,0.375,1,0.254,0.1594,LOW,DEMO
35.0,183.5,258.7,22.6,83.4,144.0,258.7,0.805,1,3,0.246,2,0.28,0.597,HIGH,DEMO
31.0,656.1,59.1,10.5,31.2,48.8,59.1,0.326,2,1,0.766,3,0.307,0.2108,LOW,DEMO
21.1,1097.4,204.4,30.8,103.6,148.6,204.4,0.598,1,3,0.869,1,0.216,0.4285,MEDIUM,DEMO
21.6,1947.9,18.0,1.6,7.8,14.1,18.0,0.28,0,0,0.133,2,0.224,0.1303,LOW,DEMO
31.0,1324.9,91.0,8.9,37.8,60.9,91.0,0.394,1,1,0.188,2,0.134,0.279,MEDIUM,DEMO
43.1,2591.1,242.2,51.2,140.3,205.3,242.2,0.624,2,0,0.499,0,0.326,0.6345,HIGH,DEMO
50.8,129.9,48.2,8.1,19.8,29.8,48.2,0.32,3,2,0.377,3,0.145,0.2798,MEDIUM,DEMO
16.7,91.0,87.0,10.8,33.5,54.7,87.0,0.382,1,0,0.714,0,0.163,0.189,LOW,DEMO
30.2,1054.5,167.1,22.4,53.4,94.5,167.1,0.629,1,1,0.617,3,0.214,0.4774,MEDIUM,DEMO
17.7,387.4,59.7,7.1,28.4,49.6,59.7,0.419,1,0,0.172,3,0.415,0.1949,LOW,DEMO
10.2,343.1,23.1,2.2,9.2,15.9,23.1,0.363,1,1,0.534,0,0.184,0.0956,LOW,DEMO
39.1,441.6,53.6,10.1,22.4,40.3,53.6,0.39,1,1,0.376,3,0.414,0.2783,MEDIUM,DEMO
36.9,363.0,91.8,13.8,45.8,69.4,91.8,0.431,3,2,0.853,1,0.634,0.3258,MEDIUM,DEMO
21.3,724.7,91.1,11.9,36.1,74.0,91.1,0.375,3,0,0.481,2,0.466,0.2676,MEDIUM,DEMO
24.5,602.1,117.1,31.5,65.0,87.8,117.1,0.534,2,1,0.825,0,0.664,0.3317,MEDIUM,DEMO
11.2,726.5,40.6,6.5,19.9,29.2,40.6,0.343,3,1,0.143,2,0.21,0.1535,LOW,DEMO
46.9,1085.2,230.8,19.1,95.0,176.1,230.8,0.616,1,0,0.198,1,0.068,0.7149,HIGH,DEMO
57.9,520.6,41.6,7.2,14.9,32.3,41.6,0.282,2,1,0.414,1,0.067,0.3855,MEDIUM,DEMO
19.8,340.5,80.0,6.6,32.2,48.5,80.0,0.335,2,3,0.794,1,0.239,0.1567,LOW,DEMO
24.4,243.6,93.9,14.6,36.7,54.8,93.9,0.322,1,3,0.534,2,0.319,0.2319,LOW,DEMO
48.9,467.0,88.2,11.1,37.3,50.5,88.2,0.433,1,0,0.746,0,0.122,0.3705,MEDIUM,DEMO
52.9,1298.6,32.4,3.8,11.3,21.4,32.4,0.248,1,3,0.335,3,0.308,0.2466,LOW,DEMO
31.1,1352.1,169.6,20.5,56.3,118.6,169.6,0.527,2,3,0.205,0,0.486,0.4364,MEDIUM,DEMO
14.1,1069.4,51.7,8.9,27.5,38.0,51.7,0.348,3,0,0.307,3,0.033,0.1637,LOW,DEMO
13.0,319.9,99.4,19.0,43.9,83.2,99.4,0.425,2,1,0.61,0,0.209,0.2439,LOW,DEMO
36.0,878.2,86.5,17.9,37.4,56.1,86.5,0.375,2,3,0.782,3,0.261,0.2809,MEDIUM,DEMO
30.2,841.0,86.2,7.1,31.4,67.1,86.2,0.486,1,1,0.466,3,0.157,0.2429,LOW,DEMO
11.8,675.9,21.4,4.5,10.3,15.2,21.4,0.213,2,0,0.267,0,0.422,0.1174,LOW,DEMO
36.3,798.6,48.6,3.5,14.6,29.9,48.6,0.266,2,1,0.605,2,0.37,0.2005,LOW,DEMO
9.3,689.2,98.8,10.7,47.8,72.6,98.8,0.456,0,0,0.27,1,0.03,0.2627,MEDIUM,DEMO
44.5,830.1,22.5,5.6,11.5,18.9,22.5,0.26,3,0,0.553,1,0.555,0.2661,MEDIUM,DEMO
27.3,1211.3,65.0,9.8,28.1,38.2,65.0,0.337,1,2,0.198,0,0.228,0.1744,LOW,DEMO
13.1,184.5,81.5,6.5,26.4,57.2,81.5,0.347,2,0,0.736,0,0.385,0.1664,LOW,DEMO
36.5,1326.3,113.5,12.8,34.5,64.2,113.5,0.478,1,2,0.732,3,0.104,0.2999,MEDIUM,DEMO
30.4,211.4,80.3,6.8,24.4,51.9,80.3,0.41,3,0,0.531,1,0.116,0.2557,MEDIUM,DEMO
57.8,142.1,66.5,11.9,34.9,49.0,66.5,0.379,0,1,0.149,0,0.449,0.4678,MEDIUM,DEMO
35.0,3439.7,89.2,17.4,44.9,71.5,89.2,0.386,1,1,0.333,1,0.234,0.3792,MEDIUM,DEMO
26.1,2911.7,63.7,13.8,29.9,49.0,63.7,0.331,0,2,0.225,3,0.267,0.2056,LOW,DEMO
41.0,136.1,39.5,2.7,13.3,27.2,39.5,0.315,0,3,0.518,0,0.555,0.1678,LOW,DEMO
26.0,607.1,53.2,6.9,26.1,43.7,53.2,0.397,1,2,0.197,0,0.85,0.1747,LOW,DEMO
51.2,265.5,98.0,8.2,35.8,62.8,98.0,0.51,1,1,0.781,1,0.144,0.4366,MEDIUM,DEMO
29.6,677.8,66.9,6.5,28.3,51.9,66.9,0.43,2,0,0.766,3,0.452,0.2177,LOW,DEMO
35.1,1675.7,303.8,69.3,143.3,210.3,303.8,0.839,1,1,0.239,3,0.108,0.6363,HIGH,DEMO
14.1,2787.2,31.2,5.8,12.0,25.6,31.2,0.357,1,0,0.648,2,0.297,0.1362,LOW,DEMO
31.3,985.2,96.0,20.7,48.8,75.8,96.0,0.369,3,0,0.649,0,0.116,0.3034,MEDIUM,DEMO
46.8,473.1,106.0,23.8,60.6,86.9,106.0,0.411,2,0,0.422,2,0.203,0.5042,HIGH,DEMO
45.4,912.2,79.0,15.9,35.1,48.6,79.0,0.423,0,0,0.236,2,0.218,0.4406,MEDIUM,DEMO
24.1,416.6,60.9,6.7,30.8,45.7,60.9,0.357,0,0,0.22,2,0.227,0.205,LOW,DEMO
24.1,2245.4,74.7,7.3,30.8,57.6,74.7,0.406,0,0,0.682,1,0.189,0.2186,LOW,DEMO
46.0,1919.0,75.0,10.8,36.5,58.0,75.0,0.438,0,1,0.287,1,0.113,0.39,MEDIUM,DEMO
53.3,815.3,190.2,29.5,65.7,133.4,190.2,0.644,1,0,0.579,0,0.179,0.6988,HIGH,DEMO
17.4,433.5,16.6,1.5,4.4,9.2,16.6,0.226,2,0,0.778,2,0.1,0.0981,LOW,DEMO
32.0,392.5,38.7,5.5,15.6,24.3,38.7,0.323,0,1,0.571,2,0.054,0.1703,LOW,DEMO
28.4,110.6,89.5,11.0,40.9,57.9,89.5,0.37,1,0,0.86,0,0.252,0.229,LOW,DEMO
49.0,1602.7,143.9,21.5,54.5,115.9,143.9,0.478,1,0,0.611,0,0.534,0.5771,HIGH,DEMO
16.6,618.7,40.6,7.3,15.7,32.6,40.6,0.24,1,1,0.359,3,0.503,0.1513,LOW,DEMO
23.5,433.9,33.0,3.5,11.9,19.2,33.0,0.318,3,1,0.768,0,0.339,0.1158,LOW,DEMO
42.9,653.3,68.7,11.4,29.6,57.4,68.7,0.288,3,3,0.356,1,0.301,0.3021,MEDIUM,DEMO
14.1,1617.0,39.0,4.5,14.9,23.6,39.0,0.342,2,0,0.858,1,0.444,0.1445,LOW,DEMO
33.3,199.8,69.1,10.5,24.0,46.6,69.1,0.446,1,1,0.483,2,0.099,0.2584,MEDIUM,DEMO
31.8,1834.6,39.5,4.0,11.8,24.3,39.5,0.35,2,0,0.844,0,0.215,0.1493,LOW,DEMO
28.3,2130.2,114.6,17.2,56.9,92.6,114.6,0.465,2,0,0.26,2,0.472,0.4059,MEDIUM,DEMO
30.3,2718.8,40.4,7.2,22.2,31.3,40.4,0.402,1,0,0.129,1,0.83,0.2649,MEDIUM,DEMO
34.5,536.0,19.5,1.9,8.4,12.8,19.5,0.302,2,1,0.269,3,0.161,0.1526,LOW,DEMO
21.2,300.3,114.9,27.7,60.3,86.7,114.9,0.42,1,0,0.195,1,0.701,0.4077,MEDIUM,DEMO
35.9,501.0,75.8,11.8,24.3,45.9,75.8,0.397,3,2,0.678,2,0.133,0.2416,LOW,DEMO
45.4,444.4,56.3,9.2,26.8,37.4,56.3,0.453,0,2,0.321,1,0.095,0.2975,MEDIUM,DEMO
43.2,254.4,57.5,5.7,21.5,38.1,57.5,0.302,1,0,0.606,3,0.246,0.2642,MEDIUM,DEMO
20.8,921.2,81.6,14.3,35.8,50.7,81.6,0.332,1,0,0.628,1,0.293,0.2612,MEDIUM,DEMO
20.5,662.7,33.0,5.3,15.9,26.9,33.0,0.342,2,1,0.643,2,0.161,0.1316,LOW,DEMO
25.8,1886.9,25.4,2.8,10.1,19.1,25.4,0.286,0,0,0.753,0,0.389,0.1205,LOW,DEMO
29.2,109.4,40.3,2.9,13.5,25.6,40.3,0.298,1,2,0.233,1,0.338,0.1568,LOW,DEMO
30.7,1009.2,61.0,11.0,23.6,38.0,61.0,0.3,2,3,0.158,0,0.187,0.1828,LOW,DEMO
39.8,1375.5,37.9,4.4,10.0,21.1,37.9,0.223,2,0,0.143,0,0.574,0.2271,LOW,DEMO
14.6,1362.5,189.5,40.5,90.4,123.9,189.5,0.529,1,2,0.199,1,0.052,0.4253,MEDIUM,DEMO
12.5,2035.0,40.3,5.0,15.2,28.6,40.3,0.406,1,1,0.408,1,0.317,0.155,LOW,DEMO
30.2,1255.2,77.7,11.5,27.1,49.2,77.7,0.394,2,1,0.855,1,0.141,0.2521,MEDIUM,DEMO
40.5,2445.6,101.9,15.1,40.3,77.5,101.9,0.341,2,0,0.388,1,0.558,0.4571,MEDIUM,DEMO
22.7,444.0,155.2,14.7,47.1,104.5,155.2,0.597,3,0,0.464,0,0.554,0.4035,MEDIUM,DEMO
38.4,709.6,207.6,39.9,88.1,133.9,207.6,0.697,2,1,0.739,1,0.076,0.6179,HIGH,DEMO
25.5,92.8,256.3,66.8,133.7,213.2,256.3,0.788,0,1,0.818,3,0.328,0.5343,HIGH,DEMO
50.0,86.3,150.6,30.8,65.6,94.7,150.6,0.509,2,3,0.858,3,0.085,0.506,HIGH,DEMO
50.6,327.1,136.6,18.3,42.3,91.4,136.6,0.49,0,1,0.748,1,0.113,0.5807,HIGH,DEMO
26.9,175.6,34.8,7.1,16.8,23.1,34.8,0.321,1,1,0.502,2,0.013,0.1563,LOW,DEMO
24.3,351.3,105.8,14.3,36.2,65.8,105.8,0.516,1,3,0.294,2,0.491,0.2891,MEDIUM,DEMO
30.8,255.4,63.4,12.9,28.2,39.0,63.4,0.34,3,0,0.575,0,0.115,0.2227,LOW,DEMO
24.7,106.0,63.8,6.9,19.7,40.9,63.8,0.331,0,0,0.27,1,0.242,0.2217,LOW,DEMO
39.5,2240.2,56.6,7.8,30.8,45.8,56.6,0.39,2,1,0.162,2,0.014,0.2678,MEDIUM,DEMO
46.4,87.4,34.2,7.2,16.6,26.6,34.2,0.374,0,0,0.819,1,0.173,0.2781,MEDIUM,DEMO
39.6,1278.9,50.3,10.1,21.1,37.9,50.3,0.341,3,3,0.488,1,0.59,0.2574,MEDIUM,DEMO
46.4,228.5,38.7,3.8,12.6,26.6,38.7,0.355,1,1,0.506,1,0.548,0.2876,MEDIUM,DEMO
30.4,2269.7,16.6,3.2,7.4,11.6,16.6,0.286,2,0,0.583,1,0.096,0.1502,LOW,DEMO
20.9,2089.7,169.8,13.8,49.0,107.0,169.8,0.553,2,0,0.463,2,0.34,0.4262,MEDIUM,DEMO
42.2,1034.9,76.7,12.7,26.3,43.9,76.7,0.351,1,1,0.458,1,0.123,0.3562,MEDIUM,DEMO
29.2,1083.9,78.8,13.1,32.3,51.1,78.8,0.339,3,0,0.816,0,0.08,0.2219,LOW,DEMO
39.5,84.8,72.0,12.5,33.7,50.3,72.0,0.353,2,0,0.741,1,0.629,0.3577,MEDIUM,DEMO
25.9,3852.1,143.4,26.4,60.8,81.3,143.4,0.467,1,1,0.282,1,0.258,0.4357,MEDIUM,DEMO
16.5,1972.1,83.6,11.3,25.4,48.2,83.6,0.419,1,0,0.342,1,0.154,0.2471,LOW,DEMO
61.2,2109.3,173.2,27.8,59.5,108.9,173.2,0.632,3,0,0.622,0,0.239,0.7333,HIGH,DEMO
20.9,1048.9,112.5,19.3,41.0,74.3,112.5,0.469,0,1,0.554,0,0.373,0.2965,MEDIUM,DEMO
60.2,460.5,44.2,4.3,19.8,29.5,44.2,0.286,1,0,0.702,0,0.23,0.3437,MEDIUM,DEMO
58.3,2096.9,157.4,15.9,67.2,92.2,157.4,0.585,2,3,0.673,0,0.096,0.5857,HIGH,DEMO
44.8,390.2,93.5,19.2,42.9,57.8,93.5,0.439,0,0,0.658,1,0.186,0.4683,MEDIUM,DEMO
39.0,824.4,70.9,15.8,32.7,44.6,70.9,0.406,2,1,0.789,2,0.208,0.32,MEDIUM,DEMO
36.1,174.6,133.3,15.9,54.3,76.0,133.3,0.472,1,0,0.703,3,0.394,0.4353,MEDIUM,DEMO
48.7,2375.4,77.2,7.6,37.4,50.0,77.2,0.45,0,0,0.305,3,0.243,0.3867,MEDIUM,DEMO
26.7,216.5,118.7,11.3,38.2,67.8,118.7,0.527,2,2,0.783,2,0.37,0.2716,MEDIUM,DEMO
32.5,309.3,30.1,5.3,16.8,22.9,30.1,0.297,2,1,0.375,2,0.601,0.1939,LOW,DEMO
37.5,815.1,78.4,15.2,35.4,52.2,78.4,0.431,1,0,0.812,1,0.31,0.3564,MEDIUM,DEMO
30.8,1379.9,46.4,3.2,15.1,30.1,46.4,0.391,0,0,0.746,0,0.11,0.1506,LOW,DEMO
31.3,949.3,251.0,18.0,68.4,147.6,251.0,0.693,1,0,0.176,1,0.463,0.6463,HIGH,DEMO
28.1,317.7,166.0,24.7,52.7,102.6,166.0,0.554,3,1,0.706,0,0.39,0.4282,MEDIUM,DEMO
35.6,80.8,86.9,9.1,36.8,53.9,86.9,0.415,0,2,0.5,1,0.163,0.2652,MEDIUM,DEMO
47.8,1353.8,156.7,36.3,84.8,132.5,156.7,0.486,0,0,0.863,0,0.493,0.5698,HIGH,DEMO
23.1,3872.3,47.0,6.0,19.5,37.7,47.0,0.359,3,0,0.468,0,0.202,0.1504,LOW,DEMO
53.6,1574.2,54.9,8.2,20.5,30.4,54.9,0.403,3,2,0.171,2,0.315,0.3576,MEDIUM,DEMO
40.2,634.9,13.7,1.1,4.9,10.1,13.7,0.268,2,2,0.343,0,0.287,0.1313,LOW,DEMO
46.3,2186.9,114.9,14.3,50.2,72.0,114.9,0.48,0,0,0.447,1,0.195,0.5117,HIGH,DEMO
35.4,554.6,12.3,1.6,4.9,7.1,12.3,0.343,0,0,0.57,2,0.596,0.1722,LOW,DEMO
44.1,749.9,50.9,13.2,28.8,38.8,50.9,0.324,0,3,0.236,0,0.254,0.257,MEDIUM,DEMO
10.1,663.6,29.3,3.2,8.6,17.3,29.3,0.322,2,2,0.511,0,0.156,0.0848,LOW,DEMO
46.0,614.2,141.2,14.9,69.7,96.5,141.2,0.484,1,0,0.487,0,0.133,0.4973,MEDIUM,DEMO
13.1,1423.3,236.4,42.5,96.6,174.8,236.4,0.659,0,0,0.756,2,0.162,0.4771,MEDIUM,DEMO
50.2,753.4,126.5,11.3,52.1,90.6,126.5,0.502,1,3,0.35,0,0.256,0.4296,MEDIUM,DEMO
61.0,422.8,113.0,27.0,56.3,95.3,113.0,0.472,3,1,0.462,3,0.191,0.6271,HIGH,DEMO
26.8,348.8,87.6,11.6,43.9,68.8,87.6,0.44,2,2,0.415,1,0.499,0.2618,MEDIUM,DEMO
23.5,114.6,82.6,16.8,48.4,64.6,82.6,0.407,2,0,0.6,0,0.318,0.2546,MEDIUM,DEMO
43.4,867.6,41.1,3.8,17.0,27.0,41.1,0.35,0,2,0.756,0,0.125,0.165,LOW,DEMO
25.2,315.2,21.8,3.2,8.8,12.0,21.8,0.374,3,1,0.633,1,0.723,0.1577,LOW,DEMO
48.7,224.3,81.5,11.5,33.1,62.8,81.5,0.454,1,0,0.473,3,0.32,0.4213,MEDIUM,DEMO
17.9,1034.7,94.3,14.7,45.7,80.2,94.3,0.442,1,0,0.605,1,0.483,0.2972,MEDIUM,DEMO
19.3,1108.9,93.9,8.0,37.9,63.1,93.9,0.45,3,0,0.365,0,0.758,0.2411,LOW,DEMO
58.6,1335.5,102.8,22.0,47.5,86.9,102.8,0.426,0,2,0.23,1,0.387,0.5984,HIGH,DEMO
39.6,710.3,120.3,23.4,53.0,71.3,120.3,0.466,1,2,0.363,3,0.038,0.3913,MEDIUM,DEMO
47.6,2100.3,79.2,13.2,33.8,50.6,79.2,0.422,2,1,0.457,0,0.138,0.3645,MEDIUM,DEMO
27.9,2558.8,38.1,5.0,13.6,22.9,38.1,0.325,0,1,0.454,2,0.656,0.183,LOW,DEMO
39.7,1562.3,100.6,19.2,47.0,69.7,100.6,0.476,1,1,0.681,0,0.434,0.3883,MEDIUM,DEMO
36.7,988.5,115.7,13.1,53.9,91.3,115.7,0.528,3,0,0.832,2,0.155,0.3808,MEDIUM,DEMO
37.0,405.8,61.7,8.8,18.3,40.3,61.7,0.36,0,0,0.416,3,0.182,0.2611,MEDIUM,DEMO
39.9,3744.2,115.9,16.7,58.4,95.3,115.9,0.365,1,0,0.186,1,0.237,0.4834,MEDIUM,DEMO
36.0,368.4,82.1,14.8,37.3,58.6,82.1,0.504,2,0,0.145,3,0.252,0.3685,MEDIUM,DEMO
31.4,283.8,33.9,6.6,17.4,23.4,33.9,0.28,1,3,0.123,1,0.129,0.1664,LOW,DEMO
26.1,605.3,284.9,40.5,103.5,224.0,284.9,0.789,1,0,0.833,3,0.211,0.5443,HIGH,DEMO
43.6,132.7,59.6,9.7,20.9,34.6,59.6,0.397,0,1,0.877,2,0.317,0.2919,MEDIUM,DEMO
24.1,3535.5,35.9,3.9,13.5,28.1,35.9,0.387,0,3,0.159,2,0.332,0.1352,LOW,DEMO
40.3,879.0,46.1,6.0,14.2,28.7,46.1,0.426,3,1,0.392,2,0.112,0.2433,LOW,DEMO
24.4,812.7,9.2,1.4,3.7,5.8,9.2,0.249,2,1,0.629,0,0.678,0.1054,LOW,DEMO
37.8,1039.9,63.0,5.3,23.9,46.0,63.0,0.427,1,0,0.256,0,0.357,0.2508,MEDIUM,DEMO
42.6,698.5,171.2,30.7,94.8,140.4,171.2,0.578,1,0,0.572,0,0.065,0.5535,HIGH,DEMO
23.8,109.3,86.7,17.1,37.9,62.7,86.7,0.548,1,1,0.738,0,0.198,0.2543,MEDIUM,DEMO
14.9,932.8,42.8,4.8,16.4,31.9,42.8,0.385,1,0,0.772,3,0.434,0.1388,LOW,DEMO
19.6,1213.5,73.6,11.9,34.5,57.6,73.6,0.378,2,0,0.657,0,0.046,0.1829,LOW,DEMO
37.1,565.2,13.8,1.3,3.9,8.6,13.8,0.236,0,1,0.182,0,0.069,0.1392,LOW,DEMO
47.7,1354.3,74.1,16.1,41.9,59.1,74.1,0.256,3,2,0.385,0,0.273,0.3351,MEDIUM,DEMO
13.5,311.7,60.7,8.7,18.6,41.0,60.7,0.396,1,0,0.855,1,0.684,0.2015,LOW,DEMO
42.1,305.1,135.8,9.3,37.0,81.8,135.8,0.553,3,0,0.266,2,0.618,0.5077,HIGH,DEMO
28.5,238.4,95.0,13.9,39.4,62.3,95.0,0.464,1,0,0.465,1,0.526,0.3552,MEDIUM,DEMO
32.9,498.7,37.2,5.6,17.2,23.2,37.2,0.201,2,1,0.374,2,0.449,0.194,LOW,DEMO
53.1,1769.7,133.5,16.8,58.3,82.6,133.5,0.435,2,2,0.276,1,0.247,0.577,HIGH,DEMO
28.2,1663.8,161.4,25.6,53.8,102.4,161.4,0.574,1,0,0.366,3,0.662,0.5099,HIGH,DEMO
32.5,514.3,97.0,6.0,29.8,58.6,97.0,0.519,2,3,0.264,0,0.177,0.2188,LOW,DEMO
9.7,880.5,65.1,7.4,31.2,48.8,65.1,0.368,2,1,0.787,1,0.11,0.1647,LOW,DEMO
16.5,1228.3,52.1,11.0,26.3,37.7,52.1,0.401,1,1,0.253,2,0.379,0.1964,LOW,DEMO
25.5,328.4,194.8,22.6,81.0,145.0,194.8,0.56,1,0,0.594,0,0.093,0.4661,MEDIUM,DEMO
11.7,245.7,92.1,14.5,34.9,60.2,92.1,0.431,1,0,0.836,2,0.189,0.2403,LOW,DEMO
38.0,3301.1,80.8,13.8,30.6,63.1,80.8,0.386,1,3,0.844,1,0.399,0.289,MEDIUM,DEMO
31.3,945.1,31.2,2.5,9.1,18.4,31.2,0.367,1,3,0.576,0,0.19,0.1111,LOW,DEMO
35.1,3666.9,40.1,4.6,17.9,28.9,40.1,0.297,0,1,0.326,1,0.031,0.2007,LOW,DEMO
21.8,450.9,24.6,1.8,7.5,15.6,24.6,0.38,3,1,0.308,2,0.096,0.1243,LOW,DEMO
26.9,1172.7,64.5,6.1,23.3,45.7,64.5,0.354,2,0,0.688,0,0.461,0.1828,LOW,DEMO
39.2,306.6,51.3,4.8,17.3,33.2,51.3,0.292,1,3,0.865,1,0.177,0.1833,LOW,DEMO
56.7,352.5,83.4,17.6,38.3,65.7,83.4,0.353,0,2,0.179,2,0.268,0.5081,HIGH,DEMO
14.0,725.5,148.9,24.3,56.4,121.7,148.9,0.495,2,0,0.72,2,0.531,0.3915,MEDIUM,DEMO
50.3,426.6,116.3,10.8,53.9,89.9,116.3,0.485,0,2,0.213,1,0.162,0.4721,MEDIUM,DEMO
36.1,245.1,130.9,26.6,57.5,78.9,130.9,0.463,2,0,0.347,1,0.259,0.4939,MEDIUM,DEMO
35.6,354.5,146.7,9.5,42.4,92.8,146.7,0.481,0,0,0.551,3,0.24,0.4031,MEDIUM,DEMO
33.5,112.8,42.6,8.9,22.5,35.2,42.6,0.374,2,2,0.346,0,0.208,0.1671,LOW,DEMO
15.6,1176.9,57.4,6.7,27.4,39.1,57.4,0.196,1,1,0.614,3,0.15,0.1391,LOW,DEMO
17.1,689.8,51.9,5.1,23.5,43.2,51.9,0.325,2,1,0.437,1,0.344,0.1645,LOW,DEMO
36.9,169.1,120.1,16.8,39.3,80.2,120.1,0.406,0,1,0.287,0,0.874,0.4408,MEDIUM,DEMO
28.5,249.5,30.4,4.0,11.8,25.4,30.4,0.263,0,0,0.524,0,0.414,0.1445,LOW,DEMO
52.2,177.4,176.1,35.6,93.7,145.8,176.1,0.589,0,0,0.138,0,0.525,0.7068,HIGH,DEMO
30.7,933.5,55.9,8.4,25.7,41.8,55.9,0.344,1,1,0.683,2,0.231,0.2036,LOW,DEMO
20.2,169.1,32.1,2.0,9.2,17.7,32.1,0.295,1,0,0.517,1,0.172,0.1358,LOW,DEMO
41.2,1343.2,57.6,11.4,27.0,38.6,57.6,0.416,0,1,0.839,0,0.272,0.255,MEDIUM,DEMO
26.8,98.7,60.3,14.9,33.3,49.6,60.3,0.361,1,1,0.198,3,0.071,0.2367,LOW,DEMO
34.3,338.2,66.4,6.1,28.8,54.1,66.4,0.464,2,3,0.677,2,0.269,0.1965,LOW,DEMO
40.5,2072.0,68.4,8.8,28.0,41.5,68.4,0.413,1,0,0.349,0,0.589,0.3084,MEDIUM,DEMO
50.9,1221.0,145.8,18.8,51.1,97.7,145.8,0.473,3,1,0.404,0,0.429,0.5886,HIGH,DEMO
44.7,148.2,93.2,18.6,48.7,74.6,93.2,0.52,1,3,0.385,0,0.087,0.3652,MEDIUM,DEMO
39.7,1629.0,31.8,4.2,11.2,23.0,31.8,0.323,1,0,0.392,1,0.229,0.2324,LOW,DEMO
39.8,691.4,59.4,12.8,31.4,47.8,59.4,0.454,2,2,0.447,2,0.484,0.2893,MEDIUM,DEMO
54.7,1768.3,50.8,10.4,21.2,40.6,50.8,0.331,1,0,0.136,1,0.305,0.4524,MEDIUM,DEMO
26.9,906.3,78.6,12.7,40.2,64.6,78.6,0.41,2,3,0.764,2,0.348,0.2091,LOW,DEMO
6.3,1110.7,71.4,7.7,21.0,41.8,71.4,0.404,3,1,0.79,3,0.454,0.1719,LOW,DEMO
26.0,4200.0,209.2,34.0,82.9,124.2,209.2,0.63,1,3,0.15,1,0.372,0.524,HIGH,DEMO
23.8,318.0,130.5,13.3,35.1,75.0,130.5,0.556,1,0,0.71,1,0.512,0.3817,MEDIUM,DEMO
39.1,960.2,109.4,14.3,45.4,90.9,109.4,0.55,2,1,0.175,1,0.089,0.4461,MEDIUM,DEMO
38.1,635.1,12.6,1.7,4.4,8.7,12.6,0.159,2,1,0.734,0,0.169,0.1271,LOW,DEMO
36.6,116.2,127.3,13.2,33.5,72.5,127.3,0.527,1,2,0.586,3,0.249,0.3528,MEDIUM,DEMO
10.1,93.1,17.4,2.8,7.6,11.2,17.4,0.238,0,0,0.353,2,0.321,0.1192,LOW,DEMO
41.8,194.3,54.2,6.9,26.5,35.5,54.2,0.221,3,0,0.587,2,0.388,0.273,MEDIUM,DEMO
27.9,1022.5,59.2,11.3,32.1,47.0,59.2,0.386,1,0,0.505,0,0.203,0.2067,LOW,DEMO
39.2,833.7,142.4,36.2,77.7,109.8,142.4,0.54,1,0,0.603,2,0.134,0.5069,HIGH,DEMO
35.4,805.5,36.2,5.7,12.4,27.4,36.2,0.351,3,1,0.481,2,0.166,0.1941,LOW,DEMO
28.6,109.1,66.5,7.6,18.0,37.0,66.5,0.392,3,0,0.707,1,0.289,0.2321,LOW,DEMO
19.8,650.2,26.3,5.5,13.4,21.7,26.3,0.343,1,2,0.154,1,0.448,0.1378,LOW,DEMO
17.4,2406.7,104.1,11.7,47.6,64.0,104.1,0.413,1,1,0.382,3,0.02,0.2337,LOW,DEMO
46.7,536.1,54.6,8.8,26.2,40.4,54.6,0.365,2,0,0.545,0,0.611,0.3189,MEDIUM,DEMO
52.3,962.6,84.1,6.3,26.9,47.8,84.1,0.441,1,0,0.567,0,0.28,0.3805,MEDIUM,DEMO
38.7,1442.0,5.9,0.7,1.7,3.4,5.9,0.329,1,0,0.249,3,0.468,0.1756,LOW,DEMO
17.9,1458.9,33.0,2.6,9.1,18.3,33.0,0.314,3,1,0.177,0,0.229,0.1155,LOW,DEMO
30.5,739.2,85.8,14.8,34.5,61.8,85.8,0.399,1,1,0.136,3,0.29,0.3135,MEDIUM,DEMO
41.8,1836.4,113.6,24.8,55.7,83.9,113.6,0.458,2,1,0.434,0,0.31,0.4338,MEDIUM,DEMO
44.1,526.9,177.5,21.6,46.1,100.3,177.5,0.52,2,3,0.371,2,0.115,0.552,HIGH,DEMO
18.8,2055.9,162.0,31.0,72.9,103.2,162.0,0.589,2,0,0.552,3,0.021,0.4029,MEDIUM,DEMO
5.2,327.3,49.1,10.7,29.0,39.6,49.1,0.268,3,2,0.462,1,0.423,0.1585,LOW,DEMO
41.1,375.9,83.2,13.1,34.6,48.3,83.2,0.424,1,2,0.419,1,0.312,0.3418,MEDIUM,DEMO
29.0,129.1,121.5,16.0,54.1,74.7,121.5,0.48,2,0,0.761,0,0.296,0.3341,MEDIUM,DEMO
25.3,1508.8,92.1,7.2,28.3,62.4,92.1,0.343,2,3,0.592,0,0.244,0.164,LOW,DEMO
9.6,565.7,59.6,8.5,35.6,47.9,59.6,0.286,3,3,0.611,3,0.591,0.1404,LOW,DEMO
34.8,314.2,85.6,7.6,30.0,53.6,85.6,0.366,2,0,0.41,2,0.215,0.2878,MEDIUM,DEMO
47.8,317.3,169.7,49.2,102.4,144.1,169.7,0.548,3,1,0.71,0,0.434,0.5939,HIGH,DEMO
55.8,2165.0,73.6,6.1,24.4,48.3,73.6,0.461,0,2,0.236,2,0.321,0.3981,MEDIUM,DEMO
35.7,1695.7,105.5,17.1,41.0,70.2,105.5,0.44,0,1,0.426,1,0.591,0.4379,MEDIUM,DEMO
34.0,805.7,89.3,6.2,24.3,52.4,89.3,0.443,0,2,0.156,1,0.273,0.2681,MEDIUM,DEMO
16.7,941.7,47.2,8.1,16.4,35.6,47.2,0.401,0,0,0.208,0,0.384,0.1654,LOW,DEMO
35.1,658.8,141.9,20.1,64.8,88.4,141.9,0.567,0,0,0.182,1,0.433,0.5495,HIGH,DEMO
29.8,527.3,75.0,12.4,38.4,55.4,75.0,0.389,0,0,0.455,1,0.116,0.2846,MEDIUM,DEMO
37.1,2303.7,59.2,7.1,22.2,36.5,59.2,0.325,3,1,0.65,2,0.449,0.2455,LOW,DEMO
30.1,200.8,88.6,16.0,35.9,59.1,88.6,0.44,1,3,0.358,2,0.038,0.2636,MEDIUM,DEMO
24.7,567.8,152.0,22.0,82.7,122.6,152.0,0.498,1,1,0.14,1,0.587,0.4839,MEDIUM,DEMO
17.4,460.2,85.1,16.3,36.3,65.6,85.1,0.499,2,1,0.657,0,0.084,0.2177,LOW,DEMO
27.6,700.5,84.0,13.5,34.0,50.1,84.0,0.449,0,0,0.278,0,0.282,0.2741,MEDIUM,DEMO
17.5,630.6,103.4,12.0,45.1,75.7,103.4,0.452,1,0,0.669,0,0.447,0.241,LOW,DEMO
21.9,738.5,119.0,12.4,56.4,87.9,119.0,0.497,0,2,0.126,3,0.518,0.29,MEDIUM,DEMO
60.0,215.7,63.6,11.7,27.2,36.7,63.6,0.377,0,1,0.357,3,0.582,0.5054,HIGH,DEMO
31.8,727.8,69.2,7.5,28.2,47.7,69.2,0.36,3,3,0.592,2,0.019,0.1791,LOW,DEMO
34.6,329.9,60.4,10.2,21.8,38.0,60.4,0.387,3,1,0.782,0,0.266,0.2128,LOW,DEMO
49.2,263.4,102.8,12.2,51.2,70.9,102.8,0.429,3,1,0.693,2,0.365,0.4515,MEDIUM,DEMO
62.0,140.3,74.9,16.3,42.3,58.7,74.9,0.486,3,3,0.462,0,0.082,0.4581,MEDIUM,DEMO
36.3,1374.4,77.5,14.1,34.6,46.3,77.5,0.359,0,0,0.666,1,0.552,0.3553,MEDIUM,DEMO
45.7,581.9,79.2,11.4,28.6,46.5,79.2,0.422,2,0,0.529,2,0.078,0.3759,MEDIUM,DEMO
28.0,966.7,29.4,3.0,10.3,18.6,29.4,0.265,2,1,0.738,0,0.351,0.1219,LOW,DEMO
27.3,1250.4,112.8,22.8,49.2,94.2,112.8,0.42,3,1,0.707,1,0.317,0.3591,MEDIUM,DEMO
30.5,1103.6,62.2,9.6,22.2,48.2,62.2,0.276,0,1,0.862,0,0.485,0.1925,LOW,DEMO
39.5,652.2,75.5,9.9,28.0,42.0,75.5,0.411,1,0,0.2,1,0.529,0.378,MEDIUM,DEMO
39.9,521.8,55.0,7.3,19.2,36.8,55.0,0.325,1,3,0.379,1,0.078,0.2244,LOW,DEMO
27.6,504.4,36.1,5.3,14.3,22.6,36.1,0.371,1,2,0.266,2,0.267,0.1481,LOW,DEMO
19.7,999.6,84.6,22.0,45.5,62.7,84.6,0.428,2,0,0.599,1,0.715,0.3257,MEDIUM,DEMO
38.0,694.5,99.0,23.5,50.1,68.1,99.0,0.441,0,0,0.625,0,0.135,0.365,MEDIUM,DEMO
19.4,1782.2,282.1,28.9,106.9,236.8,282.1,0.703,1,3,0.275,3,0.455,0.4725,MEDIUM,DEMO
36.1,1949.4,51.8,4.8,17.4,31.9,51.8,0.375,2,0,0.44,3,0.324,0.226,LOW,DEMO
40.4,248.3,124.2,31.3,63.3,90.2,124.2,0.448,0,1,0.578,2,0.476,0.4799,MEDIUM,DEMO
40.7,211.8,61.4,7.7,28.5,46.7,61.4,0.292,1,0,0.621,1,0.469,0.3044,MEDIUM,DEMO
42.9,975.8,130.9,35.1,72.3,104.4,130.9,0.515,3,0,0.198,3,0.168,0.5308,HIGH,DEMO
49.1,402.6,108.9,20.4,51.7,73.2,108.9,0.389,2,1,0.82,1,0.582,0.5331,HIGH,DEMO
33.5,96.9,52.3,5.0,23.0,39.5,52.3,0.243,2,1,0.146,0,0.462,0.1989,LOW,DEMO
41.9,2055.5,33.8,3.6,12.1,21.7,33.8,0.378,3,0,0.859,0,0.038,0.1794,LOW,DEMO
37.5,311.6,26.1,3.6,10.4,17.8,26.1,0.27,0,3,0.36,2,0.037,0.1467,LOW,DEMO
22.4,2464.1,138.9,33.0,73.4,113.7,138.9,0.421,0,0,0.36,2,0.066,0.3793,MEDIUM,DEMO
11.5,1217.5,40.8,5.7,19.1,34.1,40.8,0.278,0,2,0.459,3,0.149,0.1082,LOW,DEMO
26.5,1374.4,22.7,3.5,11.8,17.4,22.7,0.256,1,0,0.648,2,0.227,0.1364,LOW,DEMO
31.8,282.5,137.0,31.2,65.4,90.8,137.0,0.562,1,2,0.241,1,0.445,0.4479,MEDIUM,DEMO
37.5,320.1,78.0,7.4,33.2,62.1,78.0,0.312,0,3,0.314,0,0.403,0.22,LOW,DEMO
47.8,743.0,64.3,9.7,26.5,35.9,64.3,0.302,0,0,0.851,1,0.675,0.3817,MEDIUM,DEMO
22.8,250.0,118.8,15.4,44.0,69.0,118.8,0.52,2,1,0.786,1,0.255,0.3307,MEDIUM,DEMO
19.3,408.0,61.6,7.1,32.9,46.1,61.6,0.342,1,0,0.281,0,0.569,0.1823,LOW,DEMO
56.5,429.0,112.1,7.8,34.4,71.5,112.1,0.47,3,2,0.555,2,0.133,0.4528,MEDIUM,DEMO
18.2,236.5,52.3,7.2,23.0,43.7,52.3,0.323,0,2,0.275,0,0.403,0.1307,LOW,DEMO
32.9,286.7,168.2,15.0,62.6,114.5,168.2,0.663,2,0,0.538,1,0.446,0.5516,HIGH,DEMO
36.4,1478.4,46.9,5.9,17.2,31.8,46.9,0.273,2,0,0.398,1,0.349,0.2467,LOW,DEMO
34.9,244.7,113.1,16.4,42.7,85.2,113.1,0.474,3,0,0.395,0,0.275,0.3824,MEDIUM,DEMO
16.8,106.0,150.1,33.9,83.2,117.1,150.1,0.604,1,0,0.603,1,0.089,0.4102,MEDIUM,DEMO
14.6,973.3,4.0,0.6,1.6,2.8,4.0,0.239,0,0,0.311,0,0.23,0.0875,LOW,DEMO
18.1,3436.1,106.4,15.2,48.3,65.3,106.4,0.41,0,0,0.427,0,0.206,0.2613,MEDIUM,DEMO
36.4,442.1,47.5,5.5,23.2,37.1,47.5,0.377,2,0,0.823,0,0.473,0.1987,LOW,DEMO
35.0,193.7,118.4,10.3,37.6,76.5,118.4,0.52,1,3,0.694,0,0.252,0.2703,MEDIUM,DEMO
24.5,840.4,89.4,10.8,33.1,53.9,89.4,0.376,1,0,0.411,3,0.533,0.269,MEDIUM,DEMO
38.2,2211.4,104.2,27.5,57.6,77.0,104.2,0.517,0,0,0.295,1,0.238,0.4732,MEDIUM,DEMO
46.1,1459.5,74.4,6.9,26.6,42.9,74.4,0.391,1,0,0.621,0,0.16,0.2995,MEDIUM,DEMO
13.2,956.8,156.0,19.2,59.2,131.3,156.0,0.565,1,3,0.734,3,0.325,0.3217,MEDIUM,DEMO
33.5,420.6,27.0,6.1,14.6,20.0,27.0,0.375,3,2,0.774,1,0.034,0.1467,LOW,DEMO
40.2,782.6,146.1,26.5,64.3,123.6,146.1,0.56,2,0,0.549,0,0.228,0.4977,MEDIUM,DEMO
25.2,166.1,52.9,11.1,22.6,34.5,52.9,0.348,1,2,0.513,2,0.128,0.1667,LOW,DEMO
27.3,1102.5,16.5,2.2,8.4,13.9,16.5,0.247,2,2,0.667,1,0.171,0.1073,LOW,DEMO
37.3,1242.2,80.0,5.3,26.0,47.5,80.0,0.534,0,3,0.254,1,0.317,0.2719,MEDIUM,DEMO
50.8,3098.0,48.7,4.3,14.7,27.4,48.7,0.301,2,3,0.768,1,0.251,0.2576,MEDIUM,DEMO
45.6,351.5,101.8,10.2,41.5,57.0,101.8,0.455,0,0,0.176,0,0.121,0.3989,MEDIUM,DEMO
36.3,96.8,107.9,19.6,53.8,74.4,107.9,0.476,2,1,0.578,3,0.082,0.3802,MEDIUM,DEMO
41.9,789.9,69.9,11.4,24.3,40.2,69.9,0.408,1,2,0.568,0,0.274,0.2538,MEDIUM,DEMO
29.3,1184.2,104.7,15.8,38.9,73.7,104.7,0.551,1,3,0.356,1,0.447,0.3404,MEDIUM,DEMO
38.3,1486.3,92.9,7.0,28.9,60.2,92.9,0.425,1,0,0.147,3,0.211,0.3288,MEDIUM,DEMO
32.5,273.8,79.1,6.0,25.6,51.5,79.1,0.392,0,0,0.666,0,0.124,0.2107,LOW,DEMO
22.5,353.1,68.4,14.6,30.7,50.7,68.4,0.455,1,1,0.138,1,0.024,0.261,MEDIUM,DEMO
40.7,726.8,55.4,6.2,18.0,33.2,55.4,0.346,3,1,0.257,3,0.382,0.2659,MEDIUM,DEMO
35.4,441.2,210.4,36.2,75.9,164.1,210.4,0.685,1,1,0.534,3,0.202,0.5846,HIGH,DEMO
29.1,1852.8,76.7,13.7,32.6,55.6,76.7,0.402,1,0,0.834,2,0.102,0.2564,MEDIUM,DEMO
51.8,657.8,95.6,26.5,53.1,78.8,95.6,0.474,2,3,0.17,1,0.141,0.5017,HIGH,DEMO
10.8,1526.6,115.1,25.1,54.5,75.9,115.1,0.5,1,2,0.56,1,0.147,0.2813,MEDIUM,DEMO
27.6,862.1,64.6,11.1,34.2,54.6,64.6,0.35,1,2,0.37,1,0.059,0.2029,LOW,DEMO
14.6,1414.9,99.9,20.6,48.2,72.2,99.9,0.343,0,1,0.629,2,0.245,0.2675,MEDIUM,DEMO
43.5,444.0,199.2,32.0,93.8,167.7,199.2,0.536,2,3,0.844,0,0.329,0.5281,HIGH,DEMO
40.7,1682.3,46.8,4.2,15.6,26.1,46.8,0.245,2,0,0.324,3,0.164,0.2308,LOW,DEMO
28.2,368.9,199.1,27.9,102.3,153.0,199.1,0.615,3,0,0.847,0,0.207,0.4871,MEDIUM,DEMO
39.7,790.9,120.2,20.4,63.8,95.5,120.2,0.356,0,3,0.782,0,0.105,0.3252,MEDIUM,DEMO
30.3,296.7,52.4,4.0,17.1,29.7,52.4,0.339,0,1,0.581,1,0.536,0.2055,LOW,DEMO
43.0,660.8,44.8,5.0,19.9,32.4,44.8,0.34,3,0,0.696,0,0.288,0.2233,LOW,DEMO
32.1,424.7,198.4,39.9,114.1,156.9,198.4,0.661,2,3,0.777,1,0.056,0.5034,HIGH,DEMO
30.8,359.2,140.0,31.3,64.3,100.6,140.0,0.535,3,3,0.731,0,0.042,0.3192,MEDIUM,DEMO
53.6,3149.7,71.3,9.7,26.1,40.6,71.3,0.428,1,3,0.368,0,0.343,0.3476,MEDIUM,DEMO
25.2,237.0,56.9,9.5,29.6,43.1,56.9,0.376,1,0,0.738,1,0.048,0.2016,LOW,DEMO
19.0,1473.2,52.6,4.0,14.5,29.9,52.6,0.332,1,0,0.358,1,0.226,0.1706,LOW,DEMO
36.3,3811.0,69.1,8.6,33.3,54.9,69.1,0.373,0,1,0.779,1,0.603,0.2857,MEDIUM,DEMO
57.2,98.1,73.4,12.1,30.5,41.3,73.4,0.344,1,1,0.314,2,0.257,0.4844,MEDIUM,DEMO
29.7,1160.7,86.6,13.0,28.6,51.2,86.6,0.422,0,3,0.555,0,0.261,0.2135,LOW,DEMO
15.0,342.4,40.1,4.4,13.7,25.4,40.1,0.245,1,3,0.647,0,0.285,0.0898,LOW,DEMO
28.4,117.2,51.0,8.7,23.8,37.8,51.0,0.398,2,3,0.444,1,0.147,0.1779,LOW,DEMO
33.7,544.1,66.8,12.0,29.1,56.3,66.8,0.326,1,0,0.715,0,0.424,0.2457,LOW,DEMO
21.2,2543.1,243.3,19.1,87.8,142.4,243.3,0.71,0,2,0.823,0,0.146,0.4034,MEDIUM,DEMO
39.0,90.7,92.5,8.3,27.2,54.8,92.5,0.438,3,3,0.262,2,0.348,0.2954,MEDIUM,DEMO
62.9,877.8,29.9,5.2,12.3,19.7,29.9,0.364,0,0,0.145,1,0.492,0.4476,MEDIUM,DEMO
32.1,706.3,41.5,8.5,21.0,33.3,41.5,0.243,1,0,0.596,0,0.222,0.1779,LOW,DEMO
29.0,1939.9,197.0,16.9,78.2,136.0,197.0,0.6,2,2,0.578,1,0.19,0.491,MEDIUM,DEMO
30.5,159.0,156.8,15.5,57.3,101.4,156.8,0.569,1,0,0.379,1,0.267,0.4956,MEDIUM,DEMO
18.7,1109.8,61.1,9.3,23.0,43.9,61.1,0.451,2,3,0.717,0,0.354,0.1344,LOW,DEMO
49.8,1105.8,106.0,10.3,36.6,66.6,106.0,0.445,1,0,0.748,1,0.096,0.4595,MEDIUM,DEMO
30.9,1075.3,98.6,17.6,39.6,66.1,98.6,0.403,1,1,0.372,0,0.159,0.3118,MEDIUM,DEMO
30.0,2647.8,78.3,5.6,26.7,50.9,78.3,0.497,3,3,0.639,1,0.455,0.2144,LOW,DEMO
39.0,1638.9,45.2,6.3,24.5,35.8,45.2,0.374,2,3,0.608,1,0.793,0.2316,LOW,DEMO
31.8,118.6,20.9,3.3,11.5,17.3,20.9,0.357,2,2,0.38,1,0.121,0.139,LOW,DEMO
38.6,653.2,131.2,25.9,54.2,102.1,131.2,0.433,1,2,0.857,3,0.113,0.3706,MEDIUM,DEMO
15.0,536.7,100.0,14.3,32.7,68.2,100.0,0.462,1,3,0.383,0,0.388,0.2082,LOW,DEMO
45.8,414.1,45.7,6.7,14.4,32.1,45.7,0.281,1,3,0.591,1,0.45,0.2527,MEDIUM,DEMO
54.1,620.2,152.8,18.8,56.5,89.8,152.8,0.468,0,1,0.409,1,0.249,0.6696,HIGH,DEMO
38.6,516.3,192.5,34.2,76.5,149.0,192.5,0.637,0,2,0.129,1,0.554,0.6304,HIGH,DEMO
55.5,589.6,90.6,13.7,30.0,66.0,90.6,0.451,1,1,0.19,2,0.376,0.5431,HIGH,DEMO
20.7,3568.2,76.4,11.2,35.0,62.7,76.4,0.368,0,1,0.297,0,0.337,0.2046,LOW,DEMO
32.8,163.5,25.8,5.8,11.6,15.7,25.8,0.369,0,3,0.737,1,0.302,0.149,LOW,DEMO
36.9,2378.6,69.6,16.2,35.6,54.2,69.6,0.361,1,2,0.456,0,0.38,0.2612,MEDIUM,DEMO
36.2,668.9,37.5,9.9,20.0,28.3,37.5,0.306,2,3,0.567,0,0.269,0.1635,LOW,DEMO
30.5,959.7,72.2,10.3,22.4,45.4,72.2,0.382,0,0,0.837,2,0.062,0.2316,LOW,DEMO
28.4,1675.7,143.1,21.9,50.7,107.4,143.1,0.504,1,1,0.232,1,0.147,0.4512,MEDIUM,DEMO
19.3,482.3,114.7,20.8,43.0,94.9,114.7,0.527,1,0,0.775,1,0.358,0.3519,MEDIUM,DEMO
30.2,586.6,155.4,30.8,94.5,128.2,155.4,0.486,2,1,0.408,3,0.307,0.4506,MEDIUM,DEMO
21.2,554.1,65.9,11.9,27.2,50.5,65.9,0.335,2,1,0.376,2,0.132,0.2062,LOW,DEMO
42.1,502.6,31.3,2.7,10.4,17.7,31.3,0.249,3,2,0.595,2,0.227,0.1705,LOW,DEMO
23.4,2417.6,64.1,12.4,29.6,52.0,64.1,0.463,2,0,0.803,0,0.253,0.197,LOW,DEMO
14.7,1669.1,90.8,19.8,45.4,67.9,90.8,0.402,0,0,0.385,0,0.158,0.2508,MEDIUM,DEMO
35.2,183.9,159.4,23.1,55.7,102.5,159.4,0.508,1,3,0.699,1,0.313,0.4543,MEDIUM,DEMO
36.7,183.0,128.3,21.6,47.5,77.8,128.3,0.474,2,3,0.135,2,0.218,0.4173,MEDIUM,DEMO
49.1,582.5,22.7,3.2,9.9,13.3,22.7,0.335,1,0,0.594,1,0.271,0.2694,MEDIUM,DEMO
36.1,173.5,89.1,10.7,29.4,50.3,89.1,0.449,1,0,0.599,0,0.139,0.2836,MEDIUM,DEMO
28.7,948.7,142.3,13.8,68.0,110.5,142.3,0.486,2,0,0.543,2,0.248,0.3968,MEDIUM,DEMO
45.3,219.6,166.1,15.1,61.9,103.1,166.1,0.538,1,2,0.833,2,0.169,0.4996,MEDIUM,DEMO
34.8,745.0,148.9,22.6,57.3,83.0,148.9,0.454,3,1,0.833,3,0.072,0.4202,MEDIUM,DEMO
16.3,86.5,49.3,6.4,17.5,33.0,49.3,0.348,1,1,0.38,1,0.219,0.165,LOW,DEMO
35.7,422.6,51.0,4.6,17.8,35.4,51.0,0.409,2,1,0.467,0,0.368,0.1974,LOW,DEMO
51.5,1097.6,210.5,23.3,85.5,126.4,210.5,0.612,3,1,0.722,3,0.212,0.6888,HIGH,DEMO
30.3,675.6,58.4,5.7,18.9,32.9,58.4,0.39,2,0,0.761,2,0.328,0.2051,LOW,DEMO
26.9,3526.1,190.9,34.8,83.9,115.8,190.9,0.575,1,2,0.438,0,0.172,0.4243,MEDIUM,DEMO
20.2,1945.1,41.8,7.8,20.3,31.5,41.8,0.273,3,2,0.385,1,0.079,0.1373,LOW,DEMO
20.7,480.4,72.1,5.7,25.7,41.4,72.1,0.418,1,3,0.744,0,0.313,0.1289,LOW,DEMO
31.5,121.9,15.6,2.3,5.3,11.2,15.6,0.396,1,3,0.406,0,0.421,0.1127,LOW,DEMO
36.7,1761.5,68.9,7.6,27.4,40.9,68.9,0.405,3,2,0.428,0,0.105,0.1978,LOW,DEMO
16.4,2259.6,44.6,7.1,17.8,27.1,44.6,0.312,0,0,0.223,0,0.154,0.1433,LOW,DEMO
54.1,1626.5,115.2,11.7,49.4,76.9,115.2,0.446,1,0,0.533,1,0.071,0.5435,HIGH,DEMO
43.0,203.2,114.6,17.6,35.3,66.5,114.6,0.558,1,2,0.368,0,0.035,0.396,MEDIUM,DEMO
36.4,4200.0,102.3,10.1,45.2,61.6,102.3,0.455,2,0,0.569,0,0.112,0.3027,MEDIUM,DEMO
46.6,349.3,46.1,7.0,16.5,30.2,46.1,0.297,0,0,0.461,1,0.176,0.3105,MEDIUM,DEMO
16.4,1239.3,155.8,18.2,50.1,101.1,155.8,0.536,2,0,0.689,2,0.392,0.4045,MEDIUM,DEMO
32.8,2227.7,80.4,10.5,46.5,62.3,80.4,0.41,1,3,0.331,0,0.392,0.2226,LOW,DEMO
37.9,321.9,120.9,9.7,46.6,69.2,120.9,0.498,0,0,0.251,3,0.097,0.3897,MEDIUM,DEMO
46.6,2229.9,149.4,21.4,69.4,120.7,149.4,0.603,3,0,0.654,2,0.267,0.6013,HIGH,DEMO
44.3,413.3,86.2,22.1,50.1,68.5,86.2,0.474,0,3,0.412,1,0.148,0.3995,MEDIUM,DEMO
26.2,3452.4,29.0,2.3,10.8,22.6,29.0,0.314,1,1,0.548,1,0.252,0.1446,LOW,DEMO
54.2,377.2,92.5,11.7,28.3,59.5,92.5,0.42,0,0,0.835,1,0.033,0.475,MEDIUM,DEMO
19.2,2840.2,69.4,14.4,36.2,55.3,69.4,0.399,2,2,0.488,0,0.179,0.1672,LOW,DEMO
49.3,129.5,43.0,3.7,13.1,26.0,43.0,0.299,2,0,0.236,0,0.183,0.2697,MEDIUM,DEMO
57.4,1191.8,178.6,17.0,76.0,104.9,178.6,0.631,3,2,0.444,0,0.423,0.6759,HIGH,DEMO
21.9,763.6,64.5,12.1,25.5,36.4,64.5,0.36,1,1,0.484,0,0.454,0.1964,LOW,DEMO
41.5,664.9,110.5,14.5,49.8,91.9,110.5,0.48,1,0,0.702,2,0.417,0.4424,MEDIUM,DEMO
13.1,307.7,126.7,13.6,58.3,81.4,126.7,0.571,2,2,0.268,0,0.115,0.248,LOW,DEMO
30.6,1180.5,92.5,14.3,35.4,76.4,92.5,0.45,2,1,0.384,2,0.455,0.3339,MEDIUM,DEMO
34.1,270.5,59.9,6.2,23.3,37.8,59.9,0.373,2,1,0.158,1,0.413,0.2649,MEDIUM,DEMO
36.2,804.4,26.7,5.5,16.0,21.9,26.7,0.274,2,3,0.654,1,0.168,0.1547,LOW,DEMO
53.7,342.8,101.6,12.7,58.9,83.4,101.6,0.435,0,0,0.685,1,0.432,0.539,HIGH,DEMO
39.5,2883.5,64.9,14.9,29.9,53.7,64.9,0.314,0,0,0.467,1,0.065,0.3391,MEDIUM,DEMO
33.0,106.1,207.2,24.4,73.1,144.8,207.2,0.662,2,3,0.529,0,0.354,0.4922,MEDIUM,DEMO
45.6,280.5,50.1,10.4,20.8,40.6,50.1,0.236,1,1,0.69,1,0.195,0.3038,MEDIUM,DEMO
55.1,329.7,16.0,2.5,8.1,13.4,16.0,0.328,1,1,0.324,0,0.252,0.2575,MEDIUM,DEMO
11.0,561.1,34.8,4.3,14.2,22.6,34.8,0.351,1,0,0.581,1,0.46,0.151,LOW,DEMO
59.1,318.4,148.8,21.9,46.2,100.5,148.8,0.531,1,1,0.853,1,0.134,0.682,HIGH,DEMO
16.8,688.4,129.1,17.0,56.8,98.9,129.1,0.463,1,1,0.62,2,0.239,0.3203,MEDIUM,DEMO
45.8,1933.4,177.7,26.2,79.5,113.7,177.7,0.579,1,0,0.179,1,0.155,0.6785,HIGH,DEMO
26.3,1200.5,70.2,7.1,31.8,54.4,70.2,0.292,2,0,0.341,2,0.061,0.2089,LOW,DEMO
19.6,860.7,119.4,16.6,34.2,68.3,119.4,0.513,0,1,0.515,0,0.241,0.2923,MEDIUM,DEMO
31.7,163.9,89.8,10.5,46.8,63.5,89.8,0.409,2,0,0.175,0,0.078,0.2734,MEDIUM,DEMO
38.4,1145.7,52.7,7.1,16.4,30.9,52.7,0.424,2,1,0.634,1,0.189,0.2531,MEDIUM,DEMO
29.8,243.8,80.0,12.7,35.2,51.1,80.0,0.418,1,2,0.617,1,0.118,0.2388,LOW,DEMO
14.4,1469.1,61.9,4.3,19.8,38.9,61.9,0.377,1,0,0.786,2,0.337,0.1558,LOW,DEMO
36.8,339.0,171.7,15.9,79.4,137.7,171.7,0.589,0,2,0.5,0,0.429,0.4601,MEDIUM,DEMO
51.1,565.7,52.4,9.1,19.0,31.9,52.4,0.299,0,0,0.646,0,0.014,0.302,MEDIUM,DEMO
29.9,468.4,186.6,37.5,88.8,147.9,186.6,0.574,0,3,0.258,2,0.519,0.505,HIGH,DEMO
23.7,1841.9,50.2,9.7,23.9,39.5,50.2,0.35,0,3,0.122,3,0.208,0.1599,LOW,DEMO
31.8,201.8,62.0,7.4,22.4,43.4,62.0,0.35,2,2,0.251,1,0.706,0.2374,LOW,DEMO
13.9,830.5,82.5,8.4,30.9,51.1,82.5,0.374,3,0,0.167,1,0.334,0.2403,LOW,DEMO
46.1,217.9,48.6,7.2,17.9,30.0,48.6,0.326,0,3,0.445,1,0.555,0.2803,MEDIUM,DEMO
46.5,1178.1,82.0,11.1,29.0,56.6,82.0,0.405,0,3,0.476,1,0.714,0.3825,MEDIUM,DEMO
36.4,2199.2,89.1,15.4,36.8,49.2,89.1,0.531,3,1,0.61,3,0.079,0.3353,MEDIUM,DEMO
28.9,593.2,166.4,25.9,83.8,118.0,166.4,0.543,2,1,0.227,2,0.212,0.49,MEDIUM,DEMO
45.1,682.6,15.8,4.7,9.4,13.2,15.8,0.245,1,0,0.283,2,0.488,0.2499,LOW,DEMO
35.3,2440.8,50.5,4.3,19.7,30.1,50.5,0.336,3,0,0.727,0,0.374,0.1872,LOW,DEMO
46.4,742.4,200.9,16.2,72.2,145.0,200.9,0.698,1,1,0.558,0,0.539,0.6599,HIGH,DEMO
38.0,681.8,61.1,15.1,31.8,51.2,61.1,0.442,2,1,0.142,2,0.069,0.3262,MEDIUM,DEMO
44.3,857.2,61.1,13.6,34.4,49.4,61.1,0.461,2,0,0.765,1,0.119,0.3613,MEDIUM,DEMO
36.8,1131.8,48.3,5.3,17.9,38.9,48.3,0.343,0,0,0.599,2,0.12,0.2161,LOW,DEMO
30.9,181.7,117.8,24.1,56.2,93.8,117.8,0.501,1,2,0.262,0,0.114,0.3196,MEDIUM,DEMO
55.9,1628.9,25.1,3.1,9.2,16.2,25.1,0.244,0,1,0.312,1,0.365,0.3313,MEDIUM,DEMO
34.9,594.6,98.6,8.5,41.4,80.5,98.6,0.415,1,1,0.541,1,0.217,0.3145,MEDIUM,DEMO
37.0,147.6,218.4,40.5,102.5,181.8,218.4,0.6,0,1,0.546,3,0.142,0.5736,HIGH,DEMO
23.9,1468.4,20.4,2.9,10.6,14.3,20.4,0.312,1,1,0.732,0,0.213,0.1026,LOW,DEMO
37.8,505.8,118.6,12.2,51.9,77.9,118.6,0.472,1,0,0.393,0,0.301,0.3817,MEDIUM,DEMO
35.9,175.2,33.4,3.3,12.2,22.5,33.4,0.323,1,1,0.537,0,0.127,0.154,LOW,DEMO
22.3,984.1,102.2,14.4,42.0,66.5,102.2,0.398,0,0,0.563,1,0.39,0.3149,MEDIUM,DEMO
14.8,1989.2,97.0,6.7,31.2,59.5,97.0,0.473,2,2,0.545,3,0.234,0.1722,LOW,DEMO
37.0,2048.4,123.6,26.8,57.6,90.9,123.6,0.359,1,0,0.175,2,0.284,0.4695,MEDIUM,DEMO
43.4,2925.9,56.0,10.6,28.9,40.2,56.0,0.341,2,0,0.433,2,0.255,0.3223,MEDIUM,DEMO
34.3,1900.5,57.9,7.1,24.6,39.9,57.9,0.352,2,1,0.378,0,0.308,0.2092,LOW,DEMO
24.2,81.9,125.7,19.8,48.7,72.7,125.7,0.382,0,2,0.875,1,0.059,0.2899,MEDIUM,DEMO
39.3,510.6,55.6,11.4,25.7,43.9,55.6,0.373,1,2,0.474,2,0.417,0.2564,MEDIUM,DEMO
16.4,1616.1,134.6,18.9,49.2,81.1,134.6,0.491,2,0,0.451,2,0.094,0.3551,MEDIUM,DEMO
31.8,490.5,12.2,1.2,4.7,7.1,12.2,0.301,1,1,0.488,3,0.225,0.1285,LOW,DEMO
21.3,908.2,93.3,11.1,47.7,68.7,93.3,0.523,3,0,0.819,1,0.51,0.2818,MEDIUM,DEMO
22.3,919.0,129.5,25.7,56.2,86.7,129.5,0.507,1,2,0.585,0,0.212,0.2811,MEDIUM,DEMO
23.1,488.8,70.2,8.0,29.6,39.9,70.2,0.429,2,0,0.416,3,0.285,0.2116,LOW,DEMO
30.0,2193.5,170.5,16.1,77.9,112.0,170.5,0.636,2,2,0.814,3,0.348,0.4163,MEDIUM,DEMO
14.1,709.7,57.3,12.0,30.6,44.8,57.3,0.381,0,3,0.827,3,0.201,0.1357,LOW,DEMO
30.4,642.6,91.0,11.6,47.1,66.9,91.0,0.376,1,3,0.321,2,0.074,0.238,LOW,DEMO
33.9,4200.0,142.8,25.0,50.3,94.1,142.8,0.433,0,3,0.419,0,0.733,0.3981,MEDIUM,DEMO
33.0,692.2,36.2,5.9,12.7,22.0,36.2,0.336,1,0,0.855,0,0.076,0.1523,LOW,DEMO
29.9,256.8,150.2,26.3,68.8,111.1,150.2,0.509,0,1,0.531,2,0.171,0.4369,MEDIUM,DEMO
47.2,727.7,97.8,21.2,47.0,79.9,97.8,0.496,1,0,0.448,0,0.082,0.4558,MEDIUM,DEMO
20.3,1593.9,46.9,8.4,24.5,34.9,46.9,0.313,2,0,0.269,3,0.553,0.1887,LOW,DEMO
33.7,1430.0,77.8,12.3,28.3,61.7,77.8,0.394,0,0,0.412,1,0.182,0.3192,MEDIUM,DEMO
15.0,1478.5,44.1,6.3,16.0,31.2,44.1,0.274,2,1,0.6,0,0.187,0.1188,LOW,DEMO
15.7,1188.0,113.1,12.9,61.8,86.5,113.1,0.443,0,1,0.149,0,0.226,0.258,MEDIUM,DEMO
36.0,344.0,66.6,12.4,25.5,54.5,66.6,0.326,0,3,0.183,0,0.343,0.2306,LOW,DEMO
35.7,1863.0,61.3,11.4,24.8,47.9,61.3,0.321,3,1,0.124,2,0.125,0.2769,MEDIUM,DEMO
49.5,2095.2,115.2,25.6,52.7,94.8,115.2,0.461,0,1,0.286,2,0.635,0.5793,HIGH,DEMO
35.4,274.3,69.2,13.3,31.7,47.0,69.2,0.348,0,1,0.259,0,0.085,0.2617,MEDIUM,DEMO
56.1,205.8,80.3,13.2,40.8,65.9,80.3,0.531,0,2,0.767,1,0.241,0.4591,MEDIUM,DEMO
13.9,3422.0,76.7,10.9,41.6,56.5,76.7,0.434,1,3,0.261,0,0.296,0.1634,LOW,DEMO
17.6,1904.7,15.3,1.6,6.4,12.4,15.3,0.333,1,1,0.622,0,0.199,0.0886,LOW,DEMO
13.4,2093.4,28.7,2.8,11.5,16.1,28.7,0.298,0,0,0.21,1,0.204,0.1396,LOW,DEMO
22.3,2037.4,50.9,5.4,20.4,38.1,50.9,0.35,1,0,0.571,2,0.417,0.1748,LOW,DEMO
34.9,782.2,53.4,8.2,22.5,43.0,53.4,0.328,1,2,0.451,3,0.483,0.202,LOW,DEMO
38.5,1015.6,14.0,2.0,5.1,8.4,14.0,0.407,2,0,0.431,1,0.031,0.187,LOW,DEMO
13.6,789.4,80.2,8.3,28.3,60.0,80.2,0.394,3,2,0.771,0,0.434,0.1435,LOW,DEMO
54.7,127.3,72.7,12.0,32.8,58.0,72.7,0.355,1,2,0.247,3,0.481,0.4188,MEDIUM,DEMO
47.3,1311.6,86.1,9.2,30.5,54.8,86.1,0.372,1,1,0.572,1,0.204,0.3877,MEDIUM,DEMO
26.9,713.5,63.9,8.7,21.4,42.9,63.9,0.385,1,2,0.745,1,0.4,0.1892,LOW,DEMO
16.2,1019.0,183.1,46.4,93.5,132.0,183.1,0.661,0,2,0.663,3,0.132,0.3856,MEDIUM,DEMO
21.6,708.6,107.0,17.4,42.7,75.5,107.0,0.503,2,1,0.867,1,0.105,0.3034,MEDIUM,DEMO
19.3,689.2,197.0,17.9,82.4,110.7,197.0,0.578,2,0,0.122,0,0.124,0.4755,MEDIUM,DEMO
19.1,249.6,36.1,5.2,15.0,20.9,36.1,0.278,0,1,0.792,1,0.107,0.13,LOW,DEMO
34.1,374.0,62.7,8.0,18.5,36.4,62.7,0.429,0,1,0.586,1,0.065,0.2433,LOW,DEMO
25.0,235.7,54.1,7.4,20.5,34.0,54.1,0.456,1,3,0.122,3,0.153,0.1621,LOW,DEMO
29.1,276.0,23.9,4.6,9.4,14.9,23.9,0.287,2,1,0.474,0,0.103,0.1268,LOW,DEMO
60.4,3330.0,70.4,8.2,37.8,54.4,70.4,0.441,2,1,0.703,1,0.111,0.472,MEDIUM,DEMO
40.0,229.6,13.2,2.0,6.8,9.5,13.2,0.201,1,1,0.259,3,0.266,0.1713,LOW,DEMO
54.9,362.3,112.3,14.8,55.8,87.5,112.3,0.416,0,0,0.636,0,0.273,0.5206,HIGH,DEMO
20.2,883.7,157.8,17.9,41.5,90.1,157.8,0.493,1,1,0.226,0,0.097,0.371,MEDIUM,DEMO
29.9,927.9,67.7,10.0,28.0,47.1,67.7,0.396,2,0,0.731,0,0.213,0.2092,LOW,DEMO
35.3,230.5,85.5,9.6,39.6,55.4,85.5,0.4,1,0,0.552,2,0.191,0.2979,MEDIUM,DEMO
16.2,1500.7,158.7,24.2,84.9,127.8,158.7,0.557,0,0,0.146,2,0.07,0.426,MEDIUM,DEMO
7.6,1464.3,41.2,8.0,22.3,31.4,41.2,0.387,0,1,0.189,0,0.286,0.1446,LOW,DEMO
39.5,323.8,23.6,6.2,12.5,19.2,23.6,0.261,1,3,0.777,0,0.187,0.1355,LOW,DEMO
38.4,386.6,12.9,1.0,3.4,7.3,12.9,0.279,0,2,0.145,2,0.391,0.1528,LOW,DEMO
30.8,2582.4,44.4,6.2,25.2,34.0,44.4,0.266,2,0,0.347,0,0.068,0.1688,LOW,DEMO
33.2,1652.1,49.8,9.0,25.7,35.4,49.8,0.401,1,0,0.551,0,0.064,0.1987,LOW,DEMO
30.9,1157.0,117.5,13.4,45.7,93.7,117.5,0.523,3,1,0.282,2,0.027,0.3575,MEDIUM,DEMO
11.2,157.2,29.8,3.7,10.1,20.9,29.8,0.323,2,0,0.29,0,0.085,0.1132,LOW,DEMO
28.3,567.6,22.9,3.4,10.0,16.3,22.9,0.298,1,0,0.71,2,0.486,0.1513,LOW,DEMO
21.9,817.5,130.1,20.3,49.8,73.6,130.1,0.466,2,1,0.341,1,0.175,0.3804,MEDIUM,DEMO
17.6,266.8,52.1,10.5,22.1,39.1,52.1,0.277,1,0,0.149,1,0.193,0.2052,LOW,DEMO
55.7,615.2,86.0,6.9,26.7,54.3,86.0,0.425,0,0,0.668,0,0.125,0.4018,MEDIUM,DEMO
36.8,907.0,121.8,18.2,40.9,67.7,121.8,0.514,3,1,0.845,2,0.127,0.4123,MEDIUM,DEMO
41.8,436.9,302.5,46.1,95.0,172.4,302.5,0.913,1,1,0.752,3,0.08,0.6725,HIGH,DEMO
27.6,1446.6,99.1,14.4,46.1,83.0,99.1,0.414,0,1,0.537,2,0.12,0.292,MEDIUM,DEMO
30.2,1731.9,48.3,4.8,20.3,31.6,48.3,0.353,1,0,0.443,0,0.032,0.163,LOW,DEMO
24.6,431.9,128.6,33.3,74.6,104.2,128.6,0.544,0,0,0.823,2,0.241,0.3734,MEDIUM,DEMO
17.5,1721.8,39.4,8.4,20.4,33.0,39.4,0.38,1,0,0.702,1,0.119,0.1602,LOW,DEMO
22.0,178.4,157.6,22.7,86.2,131.3,157.6,0.512,0,0,0.554,3,0.158,0.405,MEDIUM,DEMO
45.0,1716.6,46.1,8.1,24.3,37.5,46.1,0.322,0,0,0.789,1,0.294,0.2964,MEDIUM,DEMO
39.7,229.2,34.2,6.4,17.2,28.0,34.2,0.287,2,0,0.577,0,0.023,0.1889,LOW,DEMO
35.0,157.9,79.4,6.9,27.5,50.6,79.4,0.352,2,1,0.86,0,0.074,0.2036,LOW,DEMO
32.8,1003.9,97.3,13.5,32.6,57.9,97.3,0.504,1,2,0.772,0,0.035,0.2366,LOW,DEMO
52.6,654.7,35.4,5.8,14.3,26.3,35.4,0.319,1,0,0.538,1,0.647,0.365,MEDIUM,DEMO
15.9,2226.3,51.1,12.0,25.8,35.6,51.1,0.341,0,0,0.821,0,0.089,0.1473,LOW,DEMO
26.3,486.2,104.2,15.6,42.1,60.4,104.2,0.456,0,1,0.38,0,0.156,0.2861,MEDIUM,DEMO
28.8,384.6,87.5,15.3,41.1,65.9,87.5,0.415,1,1,0.653,1,0.213,0.3026,MEDIUM,DEMO
44.2,705.2,100.6,20.2,52.3,72.3,100.6,0.426,2,0,0.25,0,0.151,0.4432,MEDIUM,DEMO
61.2,627.8,159.4,26.0,92.3,129.0,159.4,0.508,0,0,0.8,1,0.311,0.7343,HIGH,DEMO
24.7,460.0,93.5,21.3,49.9,68.5,93.5,0.502,1,1,0.309,1,0.432,0.3581,MEDIUM,DEMO
49.2,1145.0,185.9,27.7,69.4,134.3,185.9,0.567,3,0,0.841,2,0.102,0.6558,HIGH,DEMO
46.7,1362.8,133.1,27.3,60.4,90.8,133.1,0.451,2,1,0.133,3,0.593,0.5793,HIGH,DEMO
24.1,1805.5,51.9,9.7,22.6,35.8,51.9,0.342,0,2,0.638,0,0.336,0.1399,LOW,DEMO
30.4,3326.0,163.9,36.0,91.8,137.0,163.9,0.662,1,2,0.234,3,0.08,0.4492,MEDIUM,DEMO
30.8,359.1,91.1,7.1,28.5,53.9,91.1,0.378,3,0,0.706,0,0.336,0.2318,LOW,DEMO
58.4,1213.2,148.8,31.9,67.0,101.7,148.8,0.562,0,2,0.494,2,0.041,0.6366,HIGH,DEMO
22.1,531.2,101.8,13.5,43.5,76.0,101.8,0.427,1,3,0.811,2,0.038,0.2071,LOW,DEMO
45.1,1097.3,213.8,49.8,101.8,145.4,213.8,0.659,1,0,0.663,0,0.519,0.6607,HIGH,DEMO
28.3,661.6,34.3,4.8,15.0,21.8,34.3,0.36,1,0,0.704,2,0.205,0.1607,LOW,DEMO
41.9,4200.0,66.9,5.3,21.9,42.6,66.9,0.288,0,2,0.212,3,0.207,0.236,LOW,DEMO
31.1,1254.7,113.6,16.6,35.6,70.5,113.6,0.416,2,2,0.193,3,0.426,0.3401,MEDIUM,DEMO
36.1,2822.2,84.9,16.2,36.9,55.5,84.9,0.453,0,1,0.766,2,0.467,0.3494,MEDIUM,DEMO
46.8,1701.5,39.6,8.6,19.8,32.2,39.6,0.328,2,3,0.292,2,0.269,0.2579,MEDIUM,DEMO
45.3,2178.8,201.0,19.7,87.0,141.0,201.0,0.634,1,0,0.779,0,0.158,0.6246,HIGH,DEMO
48.7,1595.8,73.5,14.3,30.9,45.7,73.5,0.422,1,1,0.228,0,0.388,0.4079,MEDIUM,DEMO
14.8,633.2,140.1,25.0,65.9,93.2,140.1,0.466,2,0,0.354,0,0.39,0.3501,MEDIUM,DEMO
40.3,341.1,108.1,11.2,32.8,62.9,108.1,0.504,3,0,0.826,1,0.207,0.399,MEDIUM,DEMO
20.1,496.3,125.6,30.1,63.6,103.2,125.6,0.524,3,0,0.758,1,0.344,0.3729,MEDIUM,DEMO
31.0,98.4,32.6,6.1,15.3,21.9,32.6,0.322,0,1,0.161,2,0.117,0.182,LOW,DEMO
35.1,748.1,75.6,10.9,45.4,63.8,75.6,0.414,1,1,0.461,1,0.344,0.3103,MEDIUM,DEMO
30.5,713.0,127.6,15.9,44.8,83.5,127.6,0.545,2,0,0.811,2,0.163,0.3859,MEDIUM,DEMO
34.2,750.5,139.5,21.0,53.8,111.7,139.5,0.479,1,1,0.131,2,0.328,0.483,MEDIUM,DEMO
62.4,3365.8,132.0,20.2,43.0,82.8,132.0,0.528,2,1,0.202,2,0.386,0.707,HIGH,DEMO
19.8,2261.8,46.3,5.5,19.5,26.5,46.3,0.423,3,0,0.61,2,0.198,0.158,LOW,DEMO
39.7,238.8,21.0,3.0,6.9,11.7,21.0,0.321,1,0,0.2,2,0.274,0.2102,LOW,DEMO
30.3,494.2,29.4,5.5,12.4,21.5,29.4,0.294,2,0,0.461,2,0.345,0.1785,LOW,DEMO
19.7,576.4,78.1,5.4,22.8,50.3,78.1,0.511,0,1,0.506,0,0.049,0.1644,LOW,DEMO
21.0,482.4,83.3,5.4,26.5,56.9,83.3,0.416,3,1,0.774,1,0.213,0.1953,LOW,DEMO
55.0,1521.8,77.9,15.1,40.3,62.0,77.9,0.465,2,1,0.848,0,0.473,0.4515,MEDIUM,DEMO
49.6,748.2,33.3,5.7,13.0,20.8,33.3,0.291,1,0,0.509,2,0.323,0.2952,MEDIUM,DEMO
51.4,844.0,53.2,7.8,21.3,34.2,53.2,0.402,2,3,0.508,0,0.333,0.2746,MEDIUM,DEMO
60.9,1805.7,199.9,34.5,77.6,160.6,199.9,0.594,2,1,0.672,3,0.17,0.7593,VERY HIGH,DEMO
23.4,1555.6,97.9,14.7,38.0,68.3,97.9,0.448,1,2,0.266,1,0.473,0.2898,MEDIUM,DEMO
29.0,207.6,74.6,16.4,41.3,59.5,74.6,0.358,3,0,0.835,0,0.388,0.2535,MEDIUM,DEMO
39.4,1206.3,197.2,13.7,65.6,130.6,197.2,0.711,0,1,0.121,1,0.108,0.6378,HIGH,DEMO
33.0,594.5,224.5,24.3,107.4,150.3,224.5,0.656,3,1,0.121,2,0.119,0.5954,HIGH,DEMO
31.0,394.2,57.1,7.0,16.7,34.3,57.1,0.301,0,2,0.596,0,0.726,0.1706,LOW,DEMO
29.1,126.2,98.4,17.4,40.6,81.2,98.4,0.437,1,1,0.38,1,0.208,0.3571,MEDIUM,DEMO
36.6,681.2,24.6,4.3,12.0,20.2,24.6,0.323,0,0,0.423,0,0.696,0.1921,LOW,DEMO
36.0,475.3,19.4,4.5,12.0,16.4,19.4,0.285,1,0,0.288,2,0.333,0.1945,LOW,DEMO
21.2,340.7,66.7,9.4,24.5,44.7,66.7,0.333,2,3,0.43,0,0.17,0.1409,LOW,DEMO
32.7,1147.7,31.7,3.8,16.3,25.3,31.7,0.361,0,0,0.749,1,0.064,0.1731,LOW,DEMO
35.3,1400.7,53.2,9.0,22.5,35.9,53.2,0.412,3,0,0.651,1,0.239,0.2604,MEDIUM,DEMO
35.8,332.7,92.3,10.8,31.4,63.4,92.3,0.339,1,0,0.192,0,0.201,0.3042,MEDIUM,DEMO
23.4,125.6,173.4,27.7,72.7,138.6,173.4,0.528,1,0,0.163,3,0.074,0.4643,MEDIUM,DEMO
42.4,1780.0,100.1,16.2,44.0,60.4,100.1,0.428,3,0,0.505,1,0.692,0.4924,MEDIUM,DEMO
11.4,89.0,57.5,7.7,17.9,35.4,57.5,0.33,2,2,0.675,0,0.217,0.1148,LOW,DEMO
29.0,2569.8,232.2,29.1,98.5,149.6,232.2,0.707,2,1,0.625,2,0.148,0.5471,HIGH,DEMO
44.1,969.1,81.9,14.9,47.6,64.4,81.9,0.494,0,0,0.777,3,0.114,0.3794,MEDIUM,DEMO
35.6,429.5,140.6,14.4,45.2,93.0,140.6,0.492,2,3,0.221,3,0.201,0.3842,MEDIUM,DEMO
25.6,334.7,148.0,23.8,55.5,97.3,148.0,0.604,1,1,0.58,1,0.2,0.441,MEDIUM,DEMO
40.4,88.1,74.2,10.7,32.6,63.0,74.2,0.314,3,2,0.702,1,0.037,0.2609,MEDIUM,DEMO
35.7,321.6,8.7,0.8,3.0,5.8,8.7,0.289,2,1,0.833,3,0.186,0.1246,LOW,DEMO
44.9,213.4,48.7,7.3,14.8,30.4,48.7,0.311,2,1,0.197,0,0.25,0.2652,MEDIUM,DEMO
42.1,932.5,50.4,8.3,24.0,37.2,50.4,0.368,2,0,0.302,2,0.254,0.2975,MEDIUM,DEMO
37.2,244.0,75.9,9.4,40.5,60.0,75.9,0.303,1,2,0.389,0,0.243,0.2206,LOW,DEMO
33.2,756.9,65.3,9.8,24.3,37.3,65.3,0.307,2,3,0.531,1,0.12,0.209,LOW,DEMO
19.7,882.7,67.7,15.3,36.3,49.8,67.7,0.4,1,0,0.431,3,0.174,0.2306,LOW,DEMO
25.6,398.5,79.1,7.7,21.9,44.4,79.1,0.365,0,2,0.774,1,0.656,0.2054,LOW,DEMO
31.1,112.1,89.0,13.5,34.4,63.0,89.0,0.399,1,1,0.842,1,0.861,0.3351,MEDIUM,DEMO
36.8,114.2,20.4,1.8,7.1,12.8,20.4,0.38,1,0,0.173,0,0.173,0.166,LOW,DEMO
34.0,104.0,88.0,9.1,29.4,56.5,88.0,0.42,2,3,0.652,0,0.156,0.2034,LOW,DEMO
26.6,1289.3,119.2,10.1,40.5,82.2,119.2,0.516,1,0,0.207,0,0.163,0.303,MEDIUM,DEMO
8.2,424.5,234.1,36.5,115.6,193.9,234.1,0.647,2,0,0.802,3,0.111,0.4544,MEDIUM,DEMO
33.4,1512.0,86.0,16.9,46.0,65.6,86.0,0.343,2,3,0.228,1,0.151,0.3062,MEDIUM,DEMO
26.5,588.6,135.2,27.5,82.8,112.4,135.2,0.497,1,1,0.874,0,0.271,0.3365,MEDIUM,DEMO
42.1,623.0,112.5,15.6,41.1,84.2,112.5,0.384,0,1,0.445,1,0.091,0.443,MEDIUM,DEMO
11.2,727.3,44.6,6.0,17.2,24.6,44.6,0.298,0,2,0.41,2,0.193,0.1208,LOW,DEMO
36.3,1203.5,89.6,11.6,39.3,56.4,89.6,0.428,0,0,0.566,0,0.211,0.2969,MEDIUM,DEMO
54.2,367.6,186.9,21.2,87.0,153.6,186.9,0.592,0,0,0.42,0,0.665,0.7321,HIGH,DEMO
21.8,196.7,181.1,17.9,65.0,134.5,181.1,0.603,0,3,0.298,1,0.099,0.436,MEDIUM,DEMO
32.7,810.9,180.9,29.7,114.1,152.8,180.9,0.616,2,0,0.598,0,0.557,0.535,HIGH,DEMO
17.2,436.4,343.5,54.6,132.6,205.0,343.5,0.828,0,1,0.674,1,0.379,0.5525,HIGH,DEMO
37.8,605.8,118.2,25.1,56.2,75.5,118.2,0.422,0,0,0.838,3,0.569,0.4362,MEDIUM,DEMO
35.2,1017.0,58.4,9.5,22.9,38.5,58.4,0.25,3,3,0.431,1,0.536,0.2329,LOW,DEMO
30.7,693.3,119.9,17.4,44.2,77.7,119.9,0.454,3,3,0.656,2,0.483,0.3377,MEDIUM,DEMO
34.2,951.5,40.0,3.8,13.1,25.0,40.0,0.361,2,0,0.754,2,0.257,0.1863,LOW,DEMO
50.7,787.1,107.4,22.6,54.7,73.4,107.4,0.524,0,1,0.752,0,0.355,0.4951,MEDIUM,DEMO
22.8,1291.7,38.3,5.7,15.0,28.4,38.3,0.331,2,2,0.146,2,0.13,0.1351,LOW,DEMO
11.0,1181.6,48.4,3.0,14.2,31.1,48.4,0.409,1,2,0.39,0,0.044,0.0994,LOW,DEMO
48.4,767.6,18.6,3.0,6.4,10.7,18.6,0.304,0,1,0.13,3,0.064,0.2325,LOW,DEMO
36.1,1102.4,102.5,9.9,44.0,78.2,102.5,0.446,1,0,0.545,0,0.028,0.2938,MEDIUM,DEMO
50.3,1941.2,175.2,22.3,63.7,120.5,175.2,0.545,0,0,0.777,3,0.61,0.6711,HIGH,DEMO
36.8,589.5,86.3,14.0,39.6,61.9,86.3,0.291,3,2,0.739,2,0.406,0.2801,MEDIUM,DEMO
45.6,559.1,79.1,13.7,30.4,54.3,79.1,0.458,2,3,0.737,0,0.102,0.2883,MEDIUM,DEMO
31.4,1380.5,51.1,11.3,23.8,41.8,51.1,0.342,1,1,0.387,0,0.117,0.1998,LOW,DEMO
42.7,866.2,143.6,22.7,47.1,103.1,143.6,0.586,1,0,0.155,0,0.455,0.5651,HIGH,DEMO
51.9,146.3,158.5,30.5,82.2,131.1,158.5,0.497,1,0,0.251,0,0.809,0.6741,HIGH,DEMO
35.9,2084.0,25.7,3.5,8.8,18.1,25.7,0.419,3,3,0.63,2,0.042,0.1384,LOW,DEMO
22.1,108.1,91.4,6.8,30.0,58.3,91.4,0.407,1,1,0.222,1,0.219,0.243,LOW,DEMO
25.9,1321.9,140.4,21.2,61.3,92.2,140.4,0.476,0,2,0.215,1,0.446,0.4031,MEDIUM,DEMO
22.9,1359.9,58.0,10.5,22.3,41.0,58.0,0.347,0,1,0.389,0,0.085,0.1702,LOW,DEMO
25.0,2834.0,22.4,2.7,7.9,15.9,22.4,0.3,0,3,0.192,0,0.353,0.1025,LOW,DEMO
27.3,130.1,36.8,3.8,17.3,27.8,36.8,0.315,3,0,0.371,2,0.271,0.1683,LOW,DEMO
35.3,897.6,192.7,15.9,61.2,119.0,192.7,0.582,3,1,0.857,2,0.281,0.5349,HIGH,DEMO
36.4,582.5,155.1,20.3,61.6,116.0,155.1,0.448,1,3,0.135,1,0.43,0.495,MEDIUM,DEMO
31.3,441.3,167.4,22.6,83.5,131.1,167.4,0.521,0,1,0.751,0,0.078,0.4192,MEDIUM,DEMO
37.4,165.2,29.5,4.7,14.9,22.2,29.5,0.358,1,0,0.875,0,0.2,0.1641,LOW,DEMO
16.5,824.3,139.6,19.5,65.1,96.9,139.6,0.465,2,0,0.452,1,0.413,0.4011,MEDIUM,DEMO
16.9,666.9,200.3,29.8,101.0,169.8,200.3,0.536,1,0,0.837,1,0.525,0.4974,MEDIUM,DEMO
21.7,179.4,48.7,4.4,19.2,32.7,48.7,0.288,1,3,0.318,1,0.48,0.1465,LOW,DEMO
34.1,933.2,69.5,12.9,27.8,40.5,69.5,0.375,0,0,0.867,3,0.571,0.2824,MEDIUM,DEMO
23.6,1285.3,93.9,15.5,38.0,74.8,93.9,0.386,1,3,0.775,1,0.658,0.2605,MEDIUM,DEMO
26.4,1392.1,104.2,12.3,31.7,63.9,104.2,0.429,2,0,0.792,0,0.49,0.2708,MEDIUM,DEMO
30.5,2202.0,60.3,11.4,29.9,46.0,60.3,0.322,1,0,0.219,0,0.263,0.2327,LOW,DEMO
45.7,554.1,149.6,16.5,51.7,90.3,149.6,0.578,1,3,0.781,1,0.461,0.5304,HIGH,DEMO
9.7,2833.2,115.3,19.0,42.4,64.0,115.3,0.489,2,3,0.836,2,0.247,0.2498,LOW,DEMO
38.7,1885.1,41.8,6.3,13.2,25.0,41.8,0.439,2,0,0.742,3,0.667,0.246,LOW,DEMO
39.4,396.5,143.6,10.5,52.1,95.2,143.6,0.498,0,0,0.189,0,0.083,0.4263,MEDIUM,DEMO
45.0,236.2,73.0,6.8,30.5,42.5,73.0,0.371,1,1,0.184,0,0.09,0.2943,MEDIUM,DEMO
53.5,594.5,118.4,16.7,41.6,72.1,118.4,0.529,2,0,0.392,3,0.183,0.5854,HIGH,DEMO
10.7,542.6,44.5,5.9,21.8,34.7,44.5,0.352,1,3,0.656,0,0.384,0.103,LOW,DEMO
20.8,851.6,46.5,8.3,17.5,36.3,46.5,0.289,2,0,0.129,2,0.169,0.1836,LOW,DEMO
50.0,868.0,20.9,3.3,8.4,16.6,20.9,0.317,1,1,0.842,1,0.026,0.2337,LOW,DEMO
32.3,1327.6,161.7,18.6,59.8,129.8,161.7,0.57,0,0,0.519,1,0.447,0.5424,HIGH,DEMO
35.6,721.8,135.1,17.1,52.7,91.3,135.1,0.411,0,0,0.392,0,0.263,0.4236,MEDIUM,DEMO
39.2,179.7,94.3,23.2,57.0,76.4,94.3,0.393,1,1,0.547,2,0.149,0.3868,MEDIUM,DEMO
39.8,1838.6,28.5,3.5,14.4,20.2,28.5,0.312,1,0,0.664,2,0.071,0.1908,LOW,DEMO
53.4,413.7,178.4,36.7,78.9,123.3,178.4,0.654,3,1,0.328,1,0.316,0.7403,HIGH,DEMO
62.5,3275.7,117.0,12.8,63.4,89.5,117.0,0.502,1,2,0.341,1,0.142,0.5854,HIGH,DEMO
41.5,192.9,60.2,11.5,23.2,37.0,60.2,0.334,2,0,0.476,2,0.379,0.3258,MEDIUM,DEMO
26.6,2938.5,100.2,11.1,44.2,78.8,100.2,0.401,2,1,0.629,1,0.456,0.2951,MEDIUM,DEMO
49.6,165.9,71.7,10.3,24.4,48.6,71.7,0.423,1,2,0.657,2,0.122,0.3247,MEDIUM,DEMO
13.9,316.4,117.0,9.4,44.5,68.8,117.0,0.346,2,1,0.366,0,0.126,0.2158,LOW,DEMO
24.3,122.9,39.0,3.8,11.6,22.8,39.0,0.282,2,3,0.365,3,0.114,0.114,LOW,DEMO
50.7,1179.0,13.7,1.8,4.7,8.2,13.7,0.346,1,0,0.49,0,0.673,0.2462,LOW,DEMO
25.4,1789.2,110.2,13.9,62.9,90.1,110.2,0.47,0,0,0.532,0,0.261,0.2912,MEDIUM,DEMO
23.9,592.4,121.5,16.8,50.3,102.9,121.5,0.438,3,0,0.614,0,0.274,0.3141,MEDIUM,DEMO
20.0,2454.5,20.8,1.9,6.7,13.7,20.8,0.229,2,3,0.589,2,0.435,0.094,LOW,DEMO
48.3,883.1,8.8,1.0,2.9,5.6,8.8,0.308,2,0,0.403,0,0.214,0.1966,LOW,DEMO
33.5,974.8,95.0,12.6,36.0,58.5,95.0,0.43,2,0,0.346,3,0.494,0.3496,MEDIUM,DEMO
39.6,1760.3,112.7,20.6,47.2,89.8,112.7,0.448,2,2,0.354,1,0.249,0.4229,MEDIUM,DEMO
24.7,396.9,69.7,6.1,25.7,42.7,69.7,0.398,1,3,0.611,2,0.094,0.1523,LOW,DEMO
43.1,473.6,41.0,4.1,18.3,33.9,41.0,0.334,3,3,0.449,2,0.37,0.2067,LOW,DEMO
43.2,2207.6,235.0,34.0,106.1,176.3,235.0,0.691,2,1,0.222,0,0.6,0.6716,HIGH,DEMO
27.5,2161.0,106.3,21.7,46.4,87.1,106.3,0.381,2,1,0.125,2,0.059,0.3472,MEDIUM,DEMO
30.8,3455.0,160.4,39.0,85.5,114.9,160.4,0.497,1,0,0.143,3,0.343,0.5031,HIGH,DEMO
23.4,2169.0,34.0,5.7,15.4,25.7,34.0,0.35,3,1,0.779,1,0.143,0.145,LOW,DEMO
58.2,202.6,175.3,40.5,86.8,129.0,175.3,0.603,2,0,0.468,2,0.567,0.7689,VERY HIGH,DEMO
38.5,1642.1,103.8,24.2,54.8,83.0,103.8,0.462,2,2,0.62,2,0.316,0.369,MEDIUM,DEMO
53.6,554.6,220.9,29.9,105.6,176.9,220.9,0.631,0,0,0.826,1,0.186,0.7406,HIGH,DEMO
27.2,4200.0,118.4,11.3,44.9,86.1,118.4,0.508,2,3,0.216,1,0.155,0.2991,MEDIUM,DEMO
44.2,655.3,85.3,11.1,38.1,63.1,85.3,0.39,1,0,0.46,1,0.267,0.4039,MEDIUM,DEMO
43.5,806.4,75.8,11.0,41.0,62.6,75.8,0.456,2,1,0.53,0,0.233,0.315,MEDIUM,DEMO
40.3,759.1,49.9,9.4,24.3,41.4,49.9,0.305,1,1,0.76,1,0.449,0.275,MEDIUM,DEMO
56.8,429.4,76.3,10.2,27.1,57.2,76.3,0.365,0,0,0.875,3,0.29,0.4376,MEDIUM,DEMO
30.2,150.2,119.7,11.4,30.1,66.1,119.7,0.465,1,0,0.661,1,0.263,0.3572,MEDIUM,DEMO
19.6,2114.0,133.0,10.9,42.4,77.3,133.0,0.539,1,0,0.608,2,0.237,0.3155,MEDIUM,DEMO
39.5,1540.6,44.4,7.8,17.7,35.9,44.4,0.331,2,3,0.819,0,0.239,0.1654,LOW,DEMO
41.8,215.2,25.8,3.5,10.7,14.9,25.8,0.3,1,3,0.756,1,0.189,0.1683,LOW,DEMO
36.0,1429.6,98.3,10.4,30.3,60.3,98.3,0.413,1,0,0.777,0,0.231,0.2862,MEDIUM,DEMO
23.3,964.8,19.8,3.5,7.0,12.3,19.8,0.3,2,0,0.122,2,0.09,0.1395,LOW,DEMO
33.7,553.6,77.4,10.7,37.5,56.5,77.4,0.39,2,1,0.511,2,0.371,0.2828,MEDIUM,DEMO
27.5,343.8,28.9,4.6,14.5,20.9,28.9,0.264,3,1,0.715,0,0.221,0.1223,LOW,DEMO
31.3,1847.8,129.6,19.7,49.0,82.5,129.6,0.497,1,0,0.258,1,0.243,0.4667,MEDIUM,DEMO
38.5,1164.1,60.0,8.6,18.5,36.7,60.0,0.369,2,3,0.691,3,0.258,0.2062,LOW,DEMO
42.5,794.1,65.4,6.4,27.1,51.0,65.4,0.489,0,3,0.127,0,0.262,0.2457,LOW,DEMO
24.4,926.5,24.5,4.9,11.7,20.3,24.5,0.265,2,0,0.557,3,0.203,0.1344,LOW,DEMO
30.6,165.9,150.9,22.7,47.8,85.4,150.9,0.488,2,1,0.767,1,0.155,0.4411,MEDIUM,DEMO
25.9,658.1,91.5,9.8,29.9,54.0,91.5,0.434,2,0,0.448,3,0.332,0.2635,MEDIUM,DEMO
22.9,273.8,93.7,9.7,34.1,69.6,93.7,0.374,0,1,0.682,3,0.565,0.237,LOW,DEMO
44.3,290.3,30.0,6.9,17.2,23.7,30.0,0.252,3,3,0.523,0,0.522,0.191,LOW,DEMO
51.6,1054.4,18.1,1.8,6.5,14.3,18.1,0.212,3,1,0.612,2,0.313,0.2396,LOW,DEMO
29.5,2259.8,44.2,6.2,19.7,33.8,44.2,0.293,1,1,0.513,2,0.347,0.1834,LOW,DEMO
42.8,545.4,59.0,16.8,35.8,48.1,59.0,0.322,1,3,0.482,0,0.395,0.2787,MEDIUM,DEMO
50.7,289.6,43.2,6.5,17.2,26.6,43.2,0.266,3,2,0.76,3,0.029,0.2311,LOW,DEMO
47.5,1021.6,221.5,16.4,71.8,129.0,221.5,0.649,1,0,0.19,1,0.287,0.7283,HIGH,DEMO
22.2,1924.5,153.4,16.6,55.6,112.7,153.4,0.417,1,0,0.564,0,0.506,0.3742,MEDIUM,DEMO
55.7,1321.6,78.7,18.0,46.4,62.7,78.7,0.421,2,2,0.207,0,0.281,0.4611,MEDIUM,DEMO
29.7,1907.6,46.7,5.3,15.4,33.9,46.7,0.309,2,0,0.548,1,0.257,0.1992,LOW,DEMO
28.4,772.2,34.6,7.6,19.0,29.0,34.6,0.294,1,0,0.852,0,0.358,0.1509,LOW,DEMO
15.1,1334.4,76.4,18.4,43.0,60.2,76.4,0.421,1,3,0.163,0,0.051,0.1903,LOW,DEMO
33.1,215.8,95.6,11.4,33.3,72.7,95.6,0.446,1,0,0.441,3,0.16,0.312,MEDIUM,DEMO
18.3,465.3,56.8,10.7,21.5,32.3,56.8,0.324,3,1,0.729,2,0.131,0.1667,LOW,DEMO
25.1,524.2,104.6,21.7,45.7,60.9,104.6,0.467,3,0,0.401,1,0.201,0.3657,MEDIUM,DEMO
27.7,724.4,53.7,5.9,27.1,42.2,53.7,0.427,2,2,0.515,0,0.293,0.1436,LOW,DEMO
45.5,2461.5,34.2,3.4,12.0,20.9,34.2,0.263,1,2,0.207,0,0.403,0.1975,LOW,DEMO
49.3,1946.4,104.7,12.1,41.7,58.5,104.7,0.482,2,3,0.29,1,0.191,0.4413,MEDIUM,DEMO
27.1,210.0,17.5,2.3,8.9,14.4,17.5,0.227,1,0,0.642,2,0.52,0.139,LOW,DEMO
48.3,250.7,25.7,4.2,14.2,21.0,25.7,0.357,2,1,0.75,0,0.106,0.2054,LOW,DEMO
48.2,478.3,39.0,4.9,15.0,24.0,39.0,0.287,1,1,0.611,0,0.16,0.2307,LOW,DEMO
43.4,389.2,50.7,4.0,18.4,39.8,50.7,0.307,1,3,0.756,3,0.308,0.1921,LOW,DEMO
20.4,938.5,120.0,8.3,34.8,67.7,120.0,0.53,1,0,0.58,2,0.65,0.3069,MEDIUM,DEMO
40.2,2177.7,24.5,1.7,7.4,15.6,24.5,0.332,2,0,0.736,2,0.513,0.1983,LOW,DEMO
54.6,3030.1,65.6,5.0,23.3,48.4,65.6,0.338,3,0,0.867,1,0.355,0.3876,MEDIUM,DEMO
39.9,1034.2,96.4,11.8,34.1,75.1,96.4,0.435,0,1,0.183,0,0.45,0.3613,MEDIUM,DEMO
28.2,1719.0,91.2,8.7,29.1,50.4,91.2,0.384,1,1,0.485,0,0.119,0.218,LOW,DEMO
33.6,750.4,120.0,18.8,39.1,77.7,120.0,0.393,1,1,0.264,3,0.176,0.3983,MEDIUM,DEMO
38.5,290.2,67.0,6.7,29.1,41.1,67.0,0.384,1,0,0.474,1,0.043,0.2803,MEDIUM,DEMO
33.9,749.4,49.5,13.6,28.4,42.1,49.5,0.324,3,2,0.5,2,0.098,0.2089,LOW,DEMO
18.9,808.9,167.8,17.7,78.4,126.1,167.8,0.514,1,1,0.593,1,0.23,0.4258,MEDIUM,DEMO
27.5,1300.9,48.1,7.4,19.3,32.3,48.1,0.405,2,1,0.454,2,0.228,0.1905,LOW,DEMO
45.2,303.5,43.4,3.6,13.1,24.8,43.4,0.285,2,1,0.367,0,0.053,0.2155,LOW,DEMO
48.4,493.4,41.1,8.0,17.8,30.0,41.1,0.333,0,2,0.153,1,0.278,0.2983,MEDIUM,DEMO
19.9,487.3,40.0,4.2,19.1,29.7,40.0,0.378,2,0,0.146,1,0.307,0.1757,LOW,DEMO
55.3,2964.5,191.8,50.7,104.4,152.5,191.8,0.593,2,3,0.253,0,0.039,0.6576,HIGH,DEMO
28.1,608.2,211.2,13.7,63.8,134.4,211.2,0.606,2,0,0.461,1,0.159,0.5285,HIGH,DEMO
39.1,1346.2,129.2,19.7,72.3,109.1,129.2,0.505,0,3,0.437,1,0.056,0.429,MEDIUM,DEMO
42.8,1330.6,107.4,16.7,49.3,73.2,107.4,0.472,0,2,0.265,1,0.04,0.4233,MEDIUM,DEMO
45.7,357.8,43.4,7.3,17.1,27.8,43.4,0.375,2,1,0.745,1,0.064,0.2721,MEDIUM,DEMO
54.6,843.5,56.2,9.2,18.9,36.8,56.2,0.448,1,0,0.639,0,0.147,0.3644,MEDIUM,DEMO
27.5,2102.5,21.8,3.1,9.4,15.4,21.8,0.268,3,3,0.381,1,0.388,0.1276,LOW,DEMO
48.3,660.3,66.0,14.1,32.9,54.8,66.0,0.382,1,0,0.726,0,0.253,0.356,MEDIUM,DEMO
19.6,2692.3,28.0,5.3,12.8,21.6,28.0,0.239,0,2,0.872,2,0.447,0.1049,LOW,DEMO
40.8,297.2,87.0,13.7,37.0,62.9,87.0,0.445,2,3,0.306,0,0.177,0.2938,MEDIUM,DEMO
42.4,149.3,45.9,5.4,13.3,27.5,45.9,0.345,1,0,0.396,0,0.257,0.2368,LOW,DEMO
39.7,2078.5,91.8,5.8,27.6,54.6,91.8,0.412,1,3,0.875,3,0.069,0.2214,LOW,DEMO
25.2,1773.6,40.5,4.5,13.6,28.4,40.5,0.294,0,1,0.225,0,0.212,0.1418,LOW,DEMO
49.1,4200.0,18.6,3.3,7.5,14.3,18.6,0.267,0,1,0.179,0,0.375,0.2328,LOW,DEMO
21.5,1103.8,35.7,5.0,14.6,27.6,35.7,0.328,0,3,0.516,2,0.262,0.1168,LOW,DEMO
14.3,2563.7,97.0,14.5,31.4,59.9,97.0,0.382,1,1,0.476,0,0.228,0.2232,LOW,DEMO
41.3,1658.8,101.1,13.5,30.1,58.6,101.1,0.422,2,1,0.179,1,0.136,0.4259,MEDIUM,DEMO
32.8,1754.6,94.6,19.4,42.2,63.0,94.6,0.427,0,1,0.34,3,0.345,0.3604,MEDIUM,DEMO
47.7,837.8,86.3,11.8,49.5,71.2,86.3,0.333,2,1,0.438,3,0.131,0.382,MEDIUM,DEMO
29.9,513.7,78.7,8.4,30.8,56.2,78.7,0.344,3,0,0.745,0,0.265,0.2117,LOW,DEMO
21.5,2533.9,115.5,8.4,40.4,74.6,115.5,0.431,2,0,0.658,0,0.314,0.2382,LOW,DEMO
47.0,589.3,9.1,2.0,4.1,5.9,9.1,0.345,2,0,0.815,1,0.736,0.2442,LOW,DEMO
35.1,776.6,186.5,19.0,70.1,109.9,186.5,0.555,0,0,0.373,0,0.431,0.5573,HIGH,DEMO
22.5,611.7,64.7,7.5,24.1,44.8,64.7,0.367,0,2,0.355,0,0.008,0.1366,LOW,DEMO
41.5,828.8,116.0,17.1,60.7,91.4,116.0,0.413,1,0,0.472,1,0.01,0.4691,MEDIUM,DEMO
33.9,652.2,74.4,7.3,34.6,62.5,74.4,0.349,2,0,0.126,0,0.321,0.2544,MEDIUM,DEMO
37.0,124.2,45.3,5.5,19.9,31.7,45.3,0.262,2,1,0.278,3,0.285,0.214,LOW,DEMO
32.3,2003.7,61.4,6.3,27.5,36.8,61.4,0.397,3,3,0.281,0,0.308,0.173,LOW,DEMO
46.6,608.9,34.1,4.4,13.9,25.8,34.1,0.247,2,0,0.166,0,0.148,0.2417,LOW,DEMO
46.6,880.1,38.6,10.7,21.9,30.0,38.6,0.367,1,2,0.466,2,0.151,0.262,MEDIUM,DEMO
41.0,214.9,104.1,13.3,32.5,59.5,104.1,0.467,2,1,0.808,0,0.229,0.3431,MEDIUM,DEMO
18.1,83.1,87.4,17.7,43.1,70.4,87.4,0.409,0,0,0.123,2,0.446,0.3149,MEDIUM,DEMO
47.1,333.3,16.8,2.7,7.9,13.5,16.8,0.328,2,0,0.598,0,0.214,0.2004,LOW,DEMO
39.5,1177.4,39.8,8.4,18.9,27.5,39.8,0.479,1,1,0.788,1,0.453,0.2635,MEDIUM,DEMO
40.5,174.0,64.5,10.3,21.7,46.3,64.5,0.394,0,0,0.202,2,0.134,0.3227,MEDIUM,DEMO
29.2,2236.1,74.7,17.8,36.4,57.1,74.7,0.333,0,1,0.817,1,0.598,0.3102,MEDIUM,DEMO
49.5,297.9,230.4,27.0,117.7,173.5,230.4,0.752,3,1,0.742,0,0.58,0.7024,HIGH,DEMO
41.7,286.0,85.8,13.1,28.2,47.6,85.8,0.419,2,2,0.283,2,0.668,0.3657,MEDIUM,DEMO
18.5,260.3,14.6,1.1,4.1,8.6,14.6,0.383,0,0,0.808,1,0.277,0.1138,LOW,DEMO
30.7,92.7,77.3,7.7,24.2,46.3,77.3,0.368,1,1,0.731,0,0.156,0.1963,LOW,DEMO
50.0,1409.8,28.6,4.4,14.5,22.2,28.6,0.367,1,0,0.205,3,0.406,0.3012,MEDIUM,DEMO
13.7,1951.7,66.7,13.2,32.7,45.5,66.7,0.374,0,2,0.751,3,0.39,0.163,LOW,DEMO
56.3,937.1,243.2,38.0,100.1,173.6,243.2,0.834,0,0,0.532,0,0.262,0.7764,VERY HIGH,DEMO
39.8,267.7,53.7,6.0,26.0,42.0,53.7,0.336,2,1,0.74,1,0.154,0.2411,LOW,DEMO
38.0,382.3,132.9,19.5,44.9,86.7,132.9,0.647,2,3,0.589,1,0.136,0.4492,MEDIUM,DEMO
25.9,661.5,76.7,11.3,34.1,59.4,76.7,0.414,3,1,0.418,0,0.341,0.2231,LOW,DEMO
25.1,2858.0,181.2,13.7,68.2,123.7,181.2,0.629,0,0,0.577,0,0.125,0.4204,MEDIUM,DEMO
54.3,335.7,108.6,15.1,46.6,72.0,108.6,0.537,3,3,0.603,1,0.105,0.5032,HIGH,DEMO
27.0,1263.9,143.6,24.7,69.6,93.3,143.6,0.477,1,0,0.702,0,0.36,0.3826,MEDIUM,DEMO
43.9,601.0,96.2,12.4,56.1,80.8,96.2,0.477,1,2,0.751,2,0.342,0.3501,MEDIUM,DEMO
30.2,398.2,53.2,5.2,21.1,41.6,53.2,0.334,0,0,0.624,1,0.107,0.1992,LOW,DEMO
20.0,627.8,168.5,29.1,58.4,93.7,168.5,0.57,3,0,0.872,2,0.353,0.4308,MEDIUM,DEMO
9.2,146.5,89.4,16.2,35.2,74.9,89.4,0.42,3,1,0.712,2,0.415,0.2537,MEDIUM,DEMO
35.0,1522.6,55.7,5.5,22.9,43.6,55.7,0.382,3,0,0.812,2,0.584,0.2338,LOW,DEMO
58.1,330.9,45.3,5.1,13.5,26.9,45.3,0.361,0,3,0.363,1,0.178,0.3428,MEDIUM,DEMO
29.5,1243.2,91.5,9.1,28.9,52.4,91.5,0.391,2,0,0.36,3,0.298,0.2749,MEDIUM,DEMO
29.1,143.7,151.1,23.0,63.5,97.1,151.1,0.537,2,0,0.395,0,0.206,0.4277,MEDIUM,DEMO
28.6,2873.0,101.6,15.3,44.9,74.9,101.6,0.322,0,0,0.454,1,0.272,0.3449,MEDIUM,DEMO
34.2,273.0,58.8,6.8,31.5,43.2,58.8,0.409,1,2,0.851,1,0.201,0.1917,LOW,DEMO
31.7,2009.0,99.1,9.5,32.2,62.7,99.1,0.519,2,3,0.176,1,0.222,0.2907,MEDIUM,DEMO
49.6,1572.2,124.8,11.3,47.7,85.3,124.8,0.491,2,1,0.499,0,0.196,0.4595,MEDIUM,DEMO
33.7,3173.9,21.0,2.4,7.1,12.9,21.0,0.209,2,0,0.242,1,0.356,0.1859,LOW,DEMO
33.8,664.9,28.8,4.0,8.5,16.3,28.8,0.341,1,1,0.736,0,0.539,0.1547,LOW,DEMO
20.0,1249.8,117.6,30.9,62.0,82.9,117.6,0.43,1,2,0.144,3,0.071,0.2822,MEDIUM,DEMO
59.2,496.8,27.9,5.0,10.3,18.2,27.9,0.311,2,0,0.466,2,0.657,0.395,MEDIUM,DEMO
25.1,263.4,66.6,17.2,34.7,47.5,66.6,0.408,2,0,0.42,0,0.505,0.2632,MEDIUM,DEMO
15.9,606.8,81.9,7.9,38.8,68.3,81.9,0.43,0,1,0.19,1,0.428,0.2353,LOW,DEMO
39.2,243.1,36.2,4.6,11.0,21.4,36.2,0.371,2,3,0.406,3,0.287,0.1755,LOW,DEMO
36.7,3697.9,68.4,5.2,18.3,37.7,68.4,0.384,1,1,0.735,3,0.117,0.2164,LOW,DEMO
30.9,171.1,82.7,15.4,33.5,47.4,82.7,0.412,1,0,0.224,0,0.339,0.3064,MEDIUM,DEMO
31.2,880.7,155.2,21.8,49.2,106.9,155.2,0.575,0,0,0.867,2,0.295,0.4684,MEDIUM,DEMO
44.4,966.3,145.5,26.8,82.0,110.9,145.5,0.517,1,0,0.164,3,0.095,0.5671,HIGH,DEMO
22.8,775.1,91.2,13.0,38.0,66.1,91.2,0.385,0,3,0.34,1,0.104,0.2289,LOW,DEMO
46.1,1056.7,49.6,5.1,18.2,34.6,49.6,0.365,3,2,0.709,3,0.056,0.2114,LOW,DEMO
38.6,191.2,147.4,17.6,61.4,96.7,147.4,0.467,2,2,0.392,3,0.265,0.4435,MEDIUM,DEMO
31.1,808.8,150.4,23.4,47.4,96.7,150.4,0.525,3,1,0.485,2,0.289,0.4602,MEDIUM,DEMO
32.2,384.7,44.6,6.5,13.9,29.6,44.6,0.264,0,1,0.262,2,0.077,0.1938,LOW,DEMO
25.4,2614.7,86.1,11.4,44.1,63.2,86.1,0.382,2,0,0.664,0,0.44,0.2347,LOW,DEMO
42.8,1372.2,55.8,5.5,19.3,33.5,55.8,0.328,3,1,0.256,3,0.201,0.2636,MEDIUM,DEMO
33.9,3314.7,93.3,10.3,44.1,72.9,93.3,0.374,1,2,0.765,1,0.121,0.2513,MEDIUM,DEMO
27.8,114.5,42.2,7.6,15.3,30.5,42.2,0.383,0,0,0.53,1,0.338,0.2085,LOW,DEMO
36.7,382.1,123.9,17.3,36.6,78.2,123.9,0.531,2,0,0.537,2,0.332,0.4646,MEDIUM,DEMO
62.1,275.7,93.7,13.4,36.8,65.6,93.7,0.49,1,0,0.829,3,0.237,0.552,HIGH,DEMO
31.6,90.1,42.3,8.7,21.3,35.5,42.3,0.319,1,0,0.707,2,0.422,0.2103,LOW,DEMO
52.5,329.8,117.3,18.8,44.3,65.2,117.3,0.446,3,2,0.685,0,0.311,0.4715,MEDIUM,DEMO
28.6,1102.1,49.3,4.7,18.1,30.1,49.3,0.382,2,0,0.772,1,0.359,0.1944,LOW,DEMO
14.4,316.5,17.2,3.9,8.1,11.8,17.2,0.288,1,1,0.19,2,0.284,0.1214,LOW,DEMO
23.2,720.2,35.6,4.6,12.8,26.4,35.6,0.322,0,2,0.672,1,0.421,0.131,LOW,DEMO
31.0,2048.9,132.4,8.7,38.1,81.2,132.4,0.369,0,2,0.297,3,0.116,0.28,MEDIUM,DEMO
23.9,1145.0,194.0,25.6,80.1,160.9,194.0,0.648,1,3,0.334,3,0.137,0.4493,MEDIUM,DEMO
5.6,531.7,196.9,37.9,99.7,146.3,196.9,0.647,1,1,0.132,1,0.238,0.5273,HIGH,DEMO
52.0,499.4,51.5,8.7,28.4,41.9,51.5,0.345,1,0,0.799,1,0.058,0.3532,MEDIUM,DEMO
47.4,627.5,66.5,8.7,21.3,43.2,66.5,0.414,0,0,0.682,0,0.48,0.3307,MEDIUM,DEMO
42.4,255.4,56.6,9.6,20.7,45.2,56.6,0.385,3,1,0.226,1,0.303,0.3315,MEDIUM,DEMO
21.5,984.6,75.1,14.1,32.7,49.8,75.1,0.355,1,0,0.369,0,0.58,0.2422,LOW,DEMO
19.0,487.5,27.0,4.7,11.9,16.9,27.0,0.289,0,3,0.485,2,0.032,0.098,LOW,DEMO
15.5,1801.7,52.5,10.3,29.2,43.2,52.5,0.297,2,1,0.495,2,0.138,0.1642,LOW,DEMO
41.6,1351.6,86.3,7.0,25.5,49.9,86.3,0.483,0,3,0.573,1,0.033,0.279,MEDIUM,DEMO
53.1,928.6,132.8,23.3,69.1,110.6,132.8,0.545,2,2,0.479,0,0.143,0.5241,HIGH,DEMO
31.4,487.6,91.2,12.2,42.5,62.7,91.2,0.379,2,3,0.613,3,0.205,0.2309,LOW,DEMO
18.9,292.1,64.5,13.8,28.8,54.7,64.5,0.401,3,3,0.792,1,0.027,0.1683,LOW,DEMO
33.9,1427.1,36.3,7.4,15.7,25.9,36.3,0.331,1,0,0.423,0,0.291,0.1901,LOW,DEMO
28.8,679.7,137.7,14.4,58.2,107.0,137.7,0.471,0,2,0.786,1,0.54,0.3549,MEDIUM,DEMO
29.6,309.1,24.1,3.1,6.9,13.3,24.1,0.301,0,0,0.287,2,0.124,0.1569,LOW,DEMO
37.6,275.4,28.4,6.0,14.7,19.9,28.4,0.346,0,3,0.212,0,0.383,0.1633,LOW,DEMO
41.4,242.7,109.8,30.2,61.3,84.7,109.8,0.501,2,2,0.302,1,0.494,0.4625,MEDIUM,DEMO
18.4,1431.2,119.3,18.5,54.7,93.7,119.3,0.588,2,0,0.277,0,0.468,0.354,MEDIUM,DEMO
12.6,314.0,8.5,1.0,2.5,5.1,8.5,0.271,3,3,0.869,2,0.509,0.0764,LOW,DEMO
61.6,753.1,64.9,10.4,29.3,43.8,64.9,0.359,1,0,0.41,3,0.204,0.483,MEDIUM,DEMO
24.4,620.6,14.7,1.2,5.2,9.9,14.7,0.305,2,1,0.615,0,0.065,0.0934,LOW,DEMO
14.3,859.9,67.6,4.2,19.7,39.3,67.6,0.366,0,1,0.649,3,0.577,0.1598,LOW,DEMO
22.5,1967.1,58.3,5.3,22.5,39.8,58.3,0.329,3,3,0.458,3,0.205,0.1326,LOW,DEMO
12.9,1900.7,169.7,23.6,81.8,134.4,169.7,0.519,0,3,0.29,0,0.231,0.3348,MEDIUM,DEMO
30.2,619.8,99.9,8.5,30.6,63.9,99.9,0.264,2,1,0.453,0,0.152,0.2324,LOW,DEMO
45.2,93.9,101.9,18.0,43.1,69.3,101.9,0.476,1,0,0.48,2,0.216,0.4888,MEDIUM,DEMO
28.5,580.3,153.1,24.2,58.3,128.3,153.1,0.452,0,0,0.845,0,0.413,0.3991,MEDIUM,DEMO
31.8,918.7,156.6,30.9,62.9,87.6,156.6,0.497,2,0,0.552,0,0.54,0.4641,MEDIUM,DEMO
39.7,814.3,83.0,12.9,43.9,60.4,83.0,0.419,3,0,0.857,0,0.193,0.299,MEDIUM,DEMO
33.8,1028.3,48.3,12.0,25.0,37.3,48.3,0.324,2,1,0.558,0,0.339,0.2144,LOW,DEMO
48.4,230.6,128.4,22.6,58.9,99.9,128.4,0.596,1,1,0.23,0,0.216,0.5513,HIGH,DEMO
48.7,1016.0,124.5,17.5,50.1,95.2,124.5,0.406,1,2,0.412,2,0.036,0.4747,MEDIUM,DEMO
9.0,261.5,109.1,22.6,56.4,83.8,109.1,0.565,0,0,0.722,2,0.113,0.3073,MEDIUM,DEMO
44.0,1329.6,82.8,14.1,34.3,47.0,82.8,0.473,2,0,0.44,1,0.035,0.4182,MEDIUM,DEMO
32.3,452.7,67.2,6.0,23.7,47.7,67.2,0.42,0,0,0.196,1,0.029,0.2561,MEDIUM,DEMO
60.3,1193.8,156.8,30.9,72.6,123.1,156.8,0.613,3,1,0.193,3,0.279,0.7385,HIGH,DEMO
33.0,124.1,58.2,7.6,18.3,33.6,58.2,0.378,2,1,0.3,3,0.155,0.2213,LOW,DEMO
59.9,551.6,46.7,7.2,14.4,25.8,46.7,0.252,1,1,0.549,2,0.568,0.4216,MEDIUM,DEMO
43.0,1178.8,64.3,13.8,29.2,51.1,64.3,0.395,2,0,0.751,1,0.039,0.3447,MEDIUM,DEMO
25.1,311.6,41.5,9.5,23.3,31.7,41.5,0.253,2,2,0.526,1,0.12,0.1524,LOW,DEMO
34.8,1507.5,124.8,18.4,44.4,84.1,124.8,0.455,1,1,0.687,3,0.303,0.4044,MEDIUM,DEMO
61.1,976.7,82.9,19.9,41.2,69.0,82.9,0.4,1,0,0.611,3,0.237,0.5733,HIGH,DEMO
48.2,877.1,15.6,4.4,8.9,12.1,15.6,0.233,0,1,0.518,2,0.459,0.2426,LOW,DEMO
17.6,472.6,100.1,22.4,49.9,84.1,100.1,0.483,1,1,0.283,2,0.137,0.3008,MEDIUM,DEMO
40.9,672.8,65.8,16.6,38.7,54.5,65.8,0.361,0,0,0.791,1,0.349,0.3683,MEDIUM,DEMO
28.7,898.7,76.5,5.8,24.9,53.1,76.5,0.413,2,0,0.33,0,0.371,0.219,LOW,DEMO
8.4,655.6,89.6,23.0,51.2,69.5,89.6,0.416,0,0,0.312,0,0.115,0.2518,MEDIUM,DEMO
30.6,1158.5,53.4,5.6,20.3,40.1,53.4,0.356,3,0,0.316,0,0.596,0.2058,LOW,DEMO
24.5,591.8,46.3,10.1,27.3,36.8,46.3,0.292,2,0,0.193,2,0.043,0.1963,LOW,DEMO
46.1,283.4,109.3,13.9,43.2,86.0,109.3,0.394,3,0,0.499,2,0.237,0.4638,MEDIUM,DEMO
28.4,296.6,31.2,3.3,10.9,18.6,31.2,0.3,0,0,0.369,1,0.196,0.1708,LOW,DEMO
46.5,85.2,38.1,3.8,12.8,23.6,38.1,0.272,2,3,0.517,0,0.22,0.1829,LOW,DEMO
6.0,402.2,44.3,7.4,16.2,27.9,44.3,0.402,3,0,0.464,3,0.316,0.1586,LOW,DEMO
27.3,1323.8,136.4,24.5,57.0,108.5,136.4,0.435,0,0,0.515,1,0.34,0.4327,MEDIUM,DEMO
24.8,1502.6,160.6,33.6,94.2,127.4,160.6,0.665,3,0,0.346,3,0.318,0.482,MEDIUM,DEMO
24.5,283.6,44.0,6.6,16.6,30.7,44.0,0.347,1,3,0.74,2,0.199,0.128,LOW,DEMO
15.5,2955.7,38.6,8.9,18.1,28.0,38.6,0.325,0,1,0.526,0,0.35,0.1344,LOW,DEMO
22.4,708.2,82.2,10.3,32.2,65.6,82.2,0.376,1,1,0.278,0,0.485,0.2214,LOW,DEMO
35.3,2319.8,65.7,10.8,29.5,42.3,65.7,0.405,0,2,0.805,2,0.159,0.2151,LOW,DEMO
26.7,1184.1,126.2,15.7,43.7,71.3,126.2,0.474,3,0,0.203,1,0.149,0.4048,MEDIUM,DEMO
31.0,1233.5,103.9,25.8,53.7,72.2,103.9,0.458,1,3,0.677,0,0.266,0.2721,MEDIUM,DEMO
29.7,160.0,203.7,29.6,96.9,167.9,203.7,0.67,1,0,0.636,0,0.382,0.5379,HIGH,DEMO
49.3,303.6,39.9,7.9,16.0,31.4,39.9,0.358,2,1,0.175,0,0.146,0.2878,MEDIUM,DEMO
51.3,88.0,125.0,13.3,45.7,82.5,125.0,0.544,2,0,0.805,2,0.459,0.5554,HIGH,DEMO
33.3,1213.3,58.3,5.2,22.3,33.2,58.3,0.385,1,2,0.36,0,0.06,0.1584,LOW,DEMO
28.1,460.0,36.9,4.6,17.7,27.3,36.9,0.271,2,0,0.683,2,0.227,0.1587,LOW,DEMO
18.2,1470.3,57.6,10.3,31.5,46.1,57.6,0.253,0,1,0.331,3,0.49,0.1869,LOW,DEMO
55.4,452.5,61.8,8.6,21.9,46.3,61.8,0.375,2,0,0.52,1,0.491,0.4574,MEDIUM,DEMO
14.9,1620.0,151.9,22.8,64.2,102.9,151.9,0.543,3,1,0.859,0,0.193,0.3214,MEDIUM,DEMO
27.0,206.1,22.7,3.0,9.7,13.3,22.7,0.389,0,0,0.584,0,0.191,0.1254,LOW,DEMO
27.0,251.4,44.9,6.6,17.8,37.0,44.9,0.328,0,3,0.345,0,0.242,0.1311,LOW,DEMO
27.8,455.2,79.7,10.9,24.1,50.5,79.7,0.417,1,0,0.468,0,0.634,0.2586,MEDIUM,DEMO
21.3,552.6,35.1,6.5,14.4,21.6,35.1,0.354,0,1,0.634,0,0.276,0.127,LOW,DEMO
44.3,465.9,191.8,34.7,83.0,152.4,191.8,0.632,0,1,0.458,1,0.188,0.6693,HIGH,DEMO
19.1,1378.2,209.9,55.7,114.8,177.2,209.9,0.682,0,3,0.812,0,0.06,0.3749,MEDIUM,DEMO
38.1,171.8,75.6,13.1,34.7,56.6,75.6,0.35,1,3,0.779,0,0.31,0.2291,LOW,DEMO
19.2,469.4,109.6,12.2,60.3,80.8,109.6,0.405,0,3,0.232,3,0.472,0.2402,LOW,DEMO
15.7,1713.9,173.2,23.0,80.2,111.9,173.2,0.558,1,0,0.717,1,0.841,0.4893,MEDIUM,DEMO
51.6,142.2,68.8,7.5,25.0,38.3,68.8,0.269,1,0,0.836,3,0.022,0.3287,MEDIUM,DEMO
22.6,2647.9,105.5,12.3,33.9,64.1,105.5,0.444,2,0,0.361,0,0.243,0.2665,MEDIUM,DEMO
46.2,3942.4,31.8,5.8,12.2,23.1,31.8,0.276,3,1,0.301,0,0.077,0.2236,LOW,DEMO
35.0,163.5,16.1,3.1,6.9,9.6,16.1,0.296,1,0,0.127,2,0.052,0.1731,LOW,DEMO
16.2,389.9,134.2,18.5,68.5,109.4,134.2,0.486,1,2,0.208,1,0.112,0.3296,MEDIUM,DEMO
55.6,499.3,71.7,10.6,29.9,43.5,71.7,0.332,1,0,0.85,3,0.63,0.4453,MEDIUM,DEMO
25.0,1428.1,206.1,33.9,85.2,145.7,206.1,0.698,2,0,0.417,2,0.023,0.5411,HIGH,DEMO
48.3,895.5,50.1,8.4,17.0,35.3,50.1,0.347,3,2,0.414,1,0.062,0.2867,MEDIUM,DEMO
21.5,1010.5,29.8,2.5,12.0,21.8,29.8,0.348,2,3,0.323,1,0.284,0.1188,LOW,DEMO
48.0,1355.1,126.2,13.8,40.8,81.8,126.2,0.493,0,2,0.245,2,0.096,0.4692,MEDIUM,DEMO
9.6,193.0,196.2,54.1,109.1,159.3,196.2,0.638,3,0,0.507,2,0.069,0.4827,MEDIUM,DEMO
33.9,1691.9,32.1,7.1,14.5,21.9,32.1,0.242,2,3,0.67,0,0.115,0.1264,LOW,DEMO
43.6,1180.6,39.6,4.3,14.3,30.1,39.6,0.387,0,1,0.539,2,0.653,0.2648,MEDIUM,DEMO
53.6,855.1,169.2,16.0,79.8,125.3,169.2,0.608,2,2,0.147,1,0.425,0.6842,HIGH,DEMO
51.6,2064.4,244.9,38.4,102.1,143.3,244.9,0.704,1,0,0.731,3,0.278,0.724,HIGH,DEMO
46.1,1164.5,106.1,23.7,51.5,78.2,106.1,0.461,1,1,0.828,3,0.464,0.4679,MEDIUM,DEMO
50.1,282.7,47.0,6.0,20.3,33.6,47.0,0.387,1,0,0.455,0,0.262,0.2987,MEDIUM,DEMO
23.0,585.5,160.2,34.3,71.4,131.3,160.2,0.529,0,3,0.399,3,0.14,0.3579,MEDIUM,DEMO
26.5,693.2,62.7,11.0,36.5,51.0,62.7,0.287,2,1,0.295,3,0.582,0.2325,LOW,DEMO
26.6,131.1,48.1,6.3,16.5,28.6,48.1,0.322,2,2,0.349,0,0.193,0.1334,LOW,DEMO
29.7,2863.8,53.2,9.0,21.6,30.6,53.2,0.356,0,1,0.61,1,0.144,0.2118,LOW,DEMO
30.2,203.9,116.2,15.4,50.8,74.2,116.2,0.464,0,0,0.705,1,0.298,0.3824,MEDIUM,DEMO
35.0,1156.0,78.4,14.1,46.1,66.3,78.4,0.461,1,1,0.372,1,0.292,0.3458,MEDIUM,DEMO
21.1,715.1,102.3,14.5,42.5,56.9,102.3,0.392,2,1,0.378,2,0.438,0.2944,MEDIUM,DEMO
40.3,103.4,128.4,29.3,65.1,96.5,128.4,0.447,0,2,0.463,0,0.126,0.3835,MEDIUM,DEMO
21.5,2408.2,64.9,5.0,21.9,47.6,64.9,0.318,2,0,0.249,2,0.159,0.1852,LOW,DEMO
27.4,1798.5,138.6,20.5,52.8,103.1,138.6,0.529,3,3,0.825,0,0.45,0.3176,MEDIUM,DEMO
33.6,748.6,76.5,8.7,21.7,47.1,76.5,0.316,1,1,0.656,1,0.13,0.2545,MEDIUM,DEMO
44.9,314.0,53.8,6.2,16.9,33.2,53.8,0.387,0,0,0.45,0,0.198,0.2669,MEDIUM,DEMO
42.3,196.7,24.8,3.8,7.9,16.8,24.8,0.249,1,2,0.213,2,0.103,0.18,LOW,DEMO
38.5,486.4,63.1,8.3,21.9,36.5,63.1,0.328,0,3,0.765,1,0.337,0.2279,LOW,DEMO
20.9,345.5,179.9,18.4,47.2,103.0,179.9,0.673,1,1,0.488,3,0.255,0.4679,MEDIUM,DEMO
35.1,716.0,124.3,16.1,42.4,71.7,124.3,0.543,2,0,0.726,3,0.185,0.4081,MEDIUM,DEMO
16.9,3134.2,101.9,22.1,52.9,73.5,101.9,0.445,0,1,0.145,0,0.492,0.2957,MEDIUM,DEMO
29.7,850.0,34.3,3.7,15.5,23.0,34.3,0.248,1,0,0.328,1,0.118,0.1771,LOW,DEMO
30.9,2066.0,52.6,11.5,24.6,33.5,52.6,0.448,1,1,0.593,0,0.31,0.2094,LOW,DEMO
13.0,1027.1,113.8,8.1,38.0,73.4,113.8,0.451,3,1,0.491,2,0.336,0.2454,LOW,DEMO
26.1,660.3,131.8,19.3,49.1,80.7,131.8,0.507,0,0,0.344,1,0.332,0.4388,MEDIUM,DEMO
55.6,1815.5,126.1,17.8,46.3,84.9,126.1,0.53,2,0,0.273,0,0.266,0.6185,HIGH,DEMO
55.4,653.7,89.6,8.6,32.8,54.8,89.6,0.318,1,0,0.349,2,0.136,0.4675,MEDIUM,DEMO
28.9,1906.8,43.3,4.3,20.3,32.9,43.3,0.299,2,0,0.684,0,0.514,0.159,LOW,DEMO
13.4,390.2,132.0,8.6,35.7,77.5,132.0,0.492,3,0,0.26,0,0.44,0.281,MEDIUM,DEMO
22.0,204.1,52.3,6.4,22.7,43.6,52.3,0.354,0,2,0.571,3,0.804,0.1543,LOW,DEMO
30.2,1819.9,133.1,23.6,50.8,76.8,133.1,0.432,1,1,0.442,0,0.071,0.3595,MEDIUM,DEMO
54.8,876.8,63.2,16.4,35.9,52.6,63.2,0.384,2,2,0.7,1,0.063,0.4125,MEDIUM,DEMO
20.1,2059.2,199.9,21.8,99.3,159.9,199.9,0.623,3,0,0.273,2,0.098,0.5144,HIGH,DEMO
43.4,2580.1,58.7,6.7,23.5,44.3,58.7,0.442,0,0,0.325,3,0.132,0.2962,MEDIUM,DEMO
18.3,129.6,57.9,12.7,27.3,47.7,57.9,0.408,1,0,0.423,1,0.188,0.2229,LOW,DEMO
58.9,705.6,72.2,5.5,20.4,42.7,72.2,0.371,0,2,0.247,0,0.6,0.3932,MEDIUM,DEMO
29.9,503.0,43.8,9.7,19.4,26.4,43.8,0.322,2,1,0.471,3,0.331,0.1977,LOW,DEMO
43.9,964.8,38.2,4.7,17.0,23.9,38.2,0.372,3,1,0.436,2,0.404,0.2568,MEDIUM,DEMO
28.6,1500.1,42.7,5.3,12.5,26.6,42.7,0.344,1,0,0.872,1,0.312,0.1805,LOW,DEMO
37.8,376.4,165.5,17.3,53.2,106.4,165.5,0.489,0,0,0.571,0,0.69,0.5292,HIGH,DEMO
22.6,812.4,40.1,4.4,18.1,29.0,40.1,0.429,0,2,0.173,0,0.364,0.1261,LOW,DEMO
20.4,1190.1,58.3,4.7,16.9,32.6,58.3,0.309,2,0,0.47,0,0.276,0.1486,LOW,DEMO
53.9,209.9,258.3,50.5,125.4,171.7,258.3,0.854,3,0,0.788,2,0.103,0.7698,VERY HIGH,DEMO
52.2,1594.1,135.6,17.2,57.2,84.6,135.6,0.523,2,0,0.779,0,0.447,0.5756,HIGH,DEMO
50.1,918.5,134.1,19.9,52.2,98.2,134.1,0.467,2,1,0.851,0,0.155,0.5064,HIGH,DEMO
37.8,2767.9,235.2,23.5,89.9,198.9,235.2,0.568,1,3,0.8,0,0.443,0.4975,MEDIUM,DEMO
45.5,453.3,70.8,11.5,34.5,49.9,70.8,0.42,3,0,0.254,1,0.404,0.4214,MEDIUM,DEMO
15.6,183.0,17.1,2.4,6.7,11.6,17.1,0.204,2,1,0.123,0,0.13,0.0967,LOW,DEMO
28.3,715.6,126.5,17.4,53.7,83.6,126.5,0.503,1,1,0.588,3,0.055,0.3548,MEDIUM,DEMO
27.5,160.7,65.8,7.2,27.7,51.7,65.8,0.469,2,2,0.654,0,0.411,0.1631,LOW,DEMO
38.1,3221.8,259.7,24.8,73.2,148.4,259.7,0.675,1,1,0.22,3,0.359,0.6359,HIGH,DEMO
29.0,115.5,15.2,3.4,8.3,12.7,15.2,0.315,2,2,0.247,3,0.07,0.113,LOW,DEMO
20.5,1340.4,38.2,7.4,15.1,25.8,38.2,0.28,3,1,0.852,2,0.112,0.1329,LOW,DEMO
36.7,750.2,50.9,7.5,17.1,32.8,50.9,0.401,0,1,0.837,0,0.056,0.1859,LOW,DEMO
45.8,493.9,71.7,7.4,29.7,60.4,71.7,0.387,2,1,0.239,0,0.313,0.3152,MEDIUM,DEMO
29.9,141.3,27.7,4.0,14.4,23.0,27.7,0.3,1,3,0.308,0,0.275,0.1174,LOW,DEMO
19.6,956.0,95.8,10.6,47.5,71.1,95.8,0.488,3,1,0.798,1,0.502,0.2596,MEDIUM,DEMO
22.9,872.0,48.9,3.5,14.5,27.2,48.9,0.372,0,1,0.451,0,0.042,0.129,LOW,DEMO
24.6,376.8,141.2,20.2,73.3,109.3,141.2,0.472,2,0,0.727,0,0.179,0.3499,MEDIUM,DEMO
27.0,2249.4,172.4,14.7,56.6,112.2,172.4,0.66,0,1,0.421,0,0.269,0.4377,MEDIUM,DEMO
38.4,406.3,60.7,5.9,22.3,40.4,60.7,0.286,0,1,0.68,0,0.185,0.2027,LOW,DEMO
36.9,617.6,106.0,11.5,42.6,63.3,106.0,0.461,1,2,0.422,0,0.481,0.3009,MEDIUM,DEMO
40.5,786.3,76.1,10.1,34.9,53.8,76.1,0.35,1,1,0.803,0,0.117,0.2544,MEDIUM,DEMO
29.2,175.1,72.3,7.1,29.7,55.9,72.3,0.31,3,0,0.367,0,0.224,0.2065,LOW,DEMO
46.3,2501.6,26.0,2.3,8.0,16.4,26.0,0.242,0,1,0.518,2,0.287,0.2219,LOW,DEMO
23.2,502.3,69.7,10.9,26.8,57.9,69.7,0.377,0,0,0.517,0,0.192,0.1971,LOW,DEMO
32.6,155.8,132.5,15.3,56.5,80.6,132.5,0.513,0,0,0.613,2,0.303,0.4219,MEDIUM,DEMO
45.1,520.9,97.4,6.6,26.2,55.5,97.4,0.484,1,2,0.353,1,0.346,0.3615,MEDIUM,DEMO
22.1,905.1,39.0,3.1,14.0,29.0,39.0,0.396,0,0,0.608,2,0.04,0.1384,LOW,DEMO
18.3,728.7,26.2,3.8,11.0,21.0,26.2,0.312,3,1,0.227,1,0.403,0.1457,LOW,DEMO
49.8,1147.3,68.0,15.0,33.2,56.9,68.0,0.354,1,3,0.799,3,0.134,0.3226,MEDIUM,DEMO
28.6,131.4,44.5,5.2,23.9,34.7,44.5,0.385,2,0,0.23,0,0.123,0.1692,LOW,DEMO
40.0,381.3,48.3,5.6,15.5,29.5,48.3,0.309,2,0,0.759,2,0.03,0.2208,LOW,DEMO
11.4,1619.5,45.1,9.2,23.3,38.0,45.1,0.254,2,2,0.647,0,0.038,0.1039,LOW,DEMO
40.2,154.9,76.7,11.4,30.2,63.4,76.7,0.439,3,0,0.379,3,0.447,0.3539,MEDIUM,DEMO
27.6,1820.9,110.7,18.1,39.1,66.3,110.7,0.522,3,2,0.369,0,0.544,0.3144,MEDIUM,DEMO
14.5,166.8,43.3,7.2,15.6,31.1,43.3,0.289,0,0,0.854,1,0.229,0.1495,LOW,DEMO
37.2,1698.7,41.9,3.4,15.4,30.0,41.9,0.426,3,3,0.268,1,0.096,0.1861,LOW,DEMO
24.8,482.8,29.8,3.5,11.4,20.3,29.8,0.334,1,0,0.669,1,0.507,0.1613,LOW,DEMO
30.0,932.6,85.2,19.6,48.9,72.1,85.2,0.43,1,3,0.26,1,0.02,0.2909,MEDIUM,DEMO
16.4,229.3,130.5,24.2,49.9,74.1,130.5,0.466,2,3,0.808,1,0.213,0.2855,MEDIUM,DEMO
20.4,141.6,70.4,13.2,29.8,51.9,70.4,0.432,1,1,0.684,3,0.369,0.2136,LOW,DEMO
27.0,298.9,111.0,8.3,33.0,67.9,111.0,0.38,1,2,0.829,0,0.13,0.188,LOW,DEMO
17.1,203.1,153.1,16.4,57.9,108.4,153.1,0.517,2,0,0.788,0,0.055,0.3207,MEDIUM,DEMO
51.7,417.1,88.9,18.0,41.9,69.7,88.9,0.378,0,0,0.538,2,0.088,0.4988,MEDIUM,DEMO
8.1,730.1,39.7,6.0,17.6,24.8,39.7,0.258,0,0,0.236,0,0.044,0.127,LOW,DEMO
33.0,879.7,36.5,6.6,18.1,24.4,36.5,0.361,3,1,0.288,3,0.129,0.1877,LOW,DEMO
19.1,1484.0,41.5,8.5,22.2,34.7,41.5,0.344,1,3,0.273,1,0.526,0.1583,LOW,DEMO
27.3,1041.0,214.6,21.4,92.8,167.1,214.6,0.689,1,1,0.288,0,0.187,0.5203,HIGH,DEMO
52.9,924.6,251.8,54.6,119.6,181.7,251.8,0.704,3,1,0.482,0,0.067,0.7015,HIGH,DEMO
21.2,557.6,59.0,9.2,20.1,36.4,59.0,0.409,3,1,0.78,2,0.143,0.1729,LOW,DEMO
56.8,657.9,148.4,21.8,64.1,100.6,148.4,0.529,0,3,0.138,3,0.151,0.6262,HIGH,DEMO
23.3,561.8,164.9,26.2,67.5,129.0,164.9,0.533,1,2,0.301,0,0.169,0.3603,MEDIUM,DEMO
42.4,1741.6,26.5,4.4,11.2,21.1,26.5,0.267,3,3,0.574,0,0.073,0.1456,LOW,DEMO
35.0,315.2,207.3,15.7,61.1,129.2,207.3,0.536,0,0,0.778,3,0.352,0.5422,HIGH,DEMO
49.9,85.2,64.1,6.5,27.6,48.0,64.1,0.427,1,0,0.346,2,0.102,0.3616,MEDIUM,DEMO
35.3,1028.2,61.9,4.7,22.8,35.8,61.9,0.417,1,3,0.411,0,0.111,0.166,LOW,DEMO
34.6,283.6,30.7,5.6,11.8,17.1,30.7,0.453,2,2,0.404,1,0.137,0.1766,LOW,DEMO
22.8,2067.5,215.5,32.4,106.7,154.0,215.5,0.633,0,0,0.343,3,0.507,0.5433,HIGH,DEMO
21.4,1843.4,79.6,8.3,36.8,49.2,79.6,0.365,1,3,0.651,1,0.006,0.1658,LOW,DEMO
52.1,151.8,202.5,18.8,55.3,116.2,202.5,0.541,0,3,0.618,1,0.275,0.6718,HIGH,DEMO
28.0,181.2,158.7,16.3,73.0,122.1,158.7,0.593,1,0,0.761,0,0.109,0.3986,MEDIUM,DEMO
29.6,695.2,59.8,5.7,25.4,41.8,59.8,0.398,0,2,0.817,2,0.521,0.1715,LOW,DEMO
43.2,925.7,81.4,15.4,44.4,64.2,81.4,0.479,0,2,0.804,0,0.488,0.3159,MEDIUM,DEMO
28.4,369.3,47.7,6.7,18.9,35.7,47.7,0.293,3,0,0.531,1,0.049,0.1921,LOW,DEMO
55.3,1215.4,51.9,7.0,18.8,39.9,51.9,0.382,3,1,0.261,1,0.191,0.4051,MEDIUM,DEMO
42.2,893.3,100.9,14.0,35.3,64.8,100.9,0.411,2,3,0.289,1,0.414,0.3944,MEDIUM,DEMO
36.8,433.5,122.0,22.9,57.2,76.7,122.0,0.544,1,1,0.569,0,0.377,0.4174,MEDIUM,DEMO
49.6,103.1,16.6,2.9,8.7,12.1,16.6,0.308,0,2,0.818,2,0.353,0.1958,LOW,DEMO
14.0,1328.2,17.0,2.3,5.9,10.4,17.0,0.204,1,0,0.523,1,0.119,0.1129,LOW,DEMO
25.4,297.6,52.9,8.7,30.0,42.1,52.9,0.342,1,2,0.831,1,0.139,0.1548,LOW,DEMO
32.5,1698.8,91.6,9.9,29.8,64.7,91.6,0.323,2,0,0.319,0,0.249,0.2705,MEDIUM,DEMO
24.2,570.7,166.6,17.8,56.1,103.0,166.6,0.501,1,0,0.186,0,0.115,0.4262,MEDIUM,DEMO
42.5,854.5,78.8,11.6,38.8,58.1,78.8,0.341,3,1,0.725,1,0.212,0.3414,MEDIUM,DEMO
52.4,1936.8,63.8,7.5,27.5,53.2,63.8,0.336,2,2,0.788,2,0.078,0.295,MEDIUM,DEMO
31.2,1873.1,109.8,7.2,32.1,63.1,109.8,0.441,3,1,0.461,1,0.081,0.2982,MEDIUM,DEMO
28.5,498.0,39.2,5.7,16.2,22.9,39.2,0.331,1,3,0.198,3,0.311,0.1473,LOW,DEMO
56.3,290.9,80.2,14.8,40.9,64.4,80.2,0.405,1,1,0.152,2,0.311,0.5324,HIGH,DEMO
31.8,1423.1,69.3,9.1,30.2,40.4,69.3,0.378,1,0,0.168,1,0.361,0.2954,MEDIUM,DEMO
33.2,590.8,84.3,11.4,23.2,47.4,84.3,0.423,2,3,0.454,0,0.187,0.2194,LOW,DEMO
28.9,271.9,153.9,20.6,56.1,100.7,153.9,0.473,3,0,0.298,0,0.215,0.4285,MEDIUM,DEMO
51.6,2193.1,19.5,3.4,7.3,13.5,19.5,0.29,0,2,0.471,0,0.048,0.1896,LOW,DEMO
35.8,278.7,72.0,13.7,37.0,51.9,72.0,0.455,1,0,0.491,1,0.331,0.3471,MEDIUM,DEMO
43.3,103.5,121.7,11.6,45.0,85.4,121.7,0.468,1,3,0.468,2,0.167,0.379,MEDIUM,DEMO
45.7,98.4,105.1,23.7,48.2,86.6,105.1,0.47,3,0,0.591,2,0.31,0.4974,MEDIUM,DEMO
28.5,956.3,21.2,3.8,8.1,16.5,21.2,0.309,0,1,0.636,0,0.607,0.1332,LOW,DEMO
31.5,1055.4,17.0,3.3,9.8,14.3,17.0,0.325,2,1,0.421,1,0.148,0.1569,LOW,DEMO
47.7,415.3,116.2,11.5,42.0,80.5,116.2,0.48,1,0,0.376,1,0.386,0.5218,HIGH,DEMO
29.3,427.1,20.3,1.5,5.5,11.7,20.3,0.33,3,1,0.4,1,0.109,0.1435,LOW,DEMO
44.8,453.3,81.2,17.4,39.4,67.9,81.2,0.426,1,0,0.173,0,0.092,0.4093,MEDIUM,DEMO
54.2,1105.9,147.7,10.2,46.2,81.4,147.7,0.557,0,2,0.364,1,0.19,0.5666,HIGH,DEMO
37.7,133.9,25.0,3.9,9.8,19.6,25.0,0.318,2,3,0.272,1,0.142,0.1674,LOW,DEMO
42.4,2462.0,203.2,21.8,55.7,113.7,203.2,0.577,2,2,0.341,1,0.255,0.619,HIGH,DEMO
45.4,306.5,113.8,16.2,63.7,88.6,113.8,0.403,1,1,0.663,1,0.069,0.4651,MEDIUM,DEMO
47.5,4200.0,337.4,54.3,131.9,280.5,337.4,0.859,2,0,0.871,3,0.098,0.7085,HIGH,DEMO
30.3,249.3,54.2,7.1,17.3,36.1,54.2,0.428,0,0,0.822,0,0.339,0.1846,LOW,DEMO
14.1,1408.8,171.3,17.0,55.8,106.6,171.3,0.56,3,1,0.744,3,0.127,0.3748,MEDIUM,DEMO
30.5,307.6,58.5,9.2,26.6,36.1,58.5,0.374,0,1,0.68,2,0.171,0.2095,LOW,DEMO
39.6,155.9,77.9,11.6,25.8,54.3,77.9,0.296,0,2,0.838,1,0.467,0.2839,MEDIUM,DEMO
32.0,1951.0,46.9,7.0,19.6,28.2,46.9,0.347,1,1,0.692,1,0.336,0.2088,LOW,DEMO
42.7,1841.5,75.4,15.7,40.7,56.7,75.4,0.394,0,3,0.478,3,0.166,0.3086,MEDIUM,DEMO
29.0,545.1,135.6,16.3,50.4,89.5,135.6,0.368,1,1,0.577,1,0.129,0.3847,MEDIUM,DEMO
38.1,1170.8,207.5,17.7,72.2,134.2,207.5,0.65,1,1,0.352,2,0.085,0.6112,HIGH,DEMO
22.4,812.9,40.3,9.0,18.1,27.7,40.3,0.242,1,0,0.123,2,0.148,0.1825,LOW,DEMO
42.7,1805.3,85.9,14.5,40.5,61.2,85.9,0.373,0,0,0.389,3,0.227,0.39,MEDIUM,DEMO
35.0,420.6,51.3,6.3,20.8,30.4,51.3,0.395,0,1,0.428,0,0.212,0.1966,LOW,DEMO
23.2,747.5,88.9,19.6,47.4,67.7,88.9,0.423,2,1,0.677,3,0.315,0.2753,MEDIUM,DEMO
26.7,677.9,148.1,24.7,64.0,120.7,148.1,0.503,2,0,0.773,3,0.179,0.3992,MEDIUM,DEMO
42.7,473.1,54.5,6.1,22.7,34.5,54.5,0.325,1,0,0.852,0,0.409,0.238,LOW,DEMO
33.0,2078.5,102.1,14.0,30.3,61.7,102.1,0.419,1,0,0.387,1,0.373,0.3857,MEDIUM,DEMO
23.7,243.2,38.4,4.0,18.0,29.9,38.4,0.329,0,0,0.848,0,0.347,0.1273,LOW,DEMO
56.9,225.7,155.7,22.8,59.7,94.2,155.7,0.479,2,1,0.728,0,0.016,0.6122,HIGH,DEMO
41.3,854.2,124.5,12.0,34.9,70.0,124.5,0.537,3,0,0.143,1,0.297,0.5031,HIGH,DEMO
55.8,1044.3,43.5,4.5,15.2,32.0,43.5,0.273,1,0,0.572,2,0.237,0.3451,MEDIUM,DEMO
31.3,274.8,42.8,6.1,13.5,26.6,42.8,0.243,2,1,0.398,1,0.322,0.202,LOW,DEMO
32.8,525.9,177.4,24.4,61.5,106.7,177.4,0.629,1,1,0.146,2,0.78,0.602,HIGH,DEMO
50.8,2716.3,243.5,63.0,147.3,205.7,243.5,0.68,0,1,0.524,2,0.172,0.7157,HIGH,DEMO
34.3,334.9,45.0,5.7,17.5,28.7,45.0,0.337,1,1,0.564,0,0.292,0.1771,LOW,DEMO
40.9,1073.3,136.2,36.4,75.4,111.8,136.2,0.536,1,1,0.312,2,0.138,0.5134,HIGH,DEMO
25.2,1292.9,60.2,5.5,18.2,36.3,60.2,0.326,2,2,0.834,1,0.041,0.1424,LOW,DEMO
31.9,615.0,177.6,24.5,68.1,141.3,177.6,0.587,2,1,0.584,0,0.102,0.4675,MEDIUM,DEMO
19.1,2575.7,62.3,10.9,22.8,43.7,62.3,0.398,3,1,0.254,0,0.022,0.1728,LOW,DEMO
23.3,1280.9,118.3,8.3,36.9,67.9,118.3,0.552,1,3,0.668,1,0.12,0.2401,LOW,DEMO
6.2,631.1,84.1,9.3,39.8,64.8,84.1,0.381,1,0,0.499,3,0.227,0.2041,LOW,DEMO
13.0,838.2,12.4,3.6,7.3,10.2,12.4,0.25,1,2,0.48,0,0.171,0.076,LOW,DEMO
58.3,1141.7,40.6,6.9,14.0,24.3,40.6,0.353,1,1,0.754,0,0.448,0.343,MEDIUM,DEMO
24.8,887.3,116.9,23.5,54.4,89.8,116.9,0.478,2,2,0.225,2,0.024,0.3106,MEDIUM,DEMO
39.2,1978.5,108.1,11.5,33.4,73.9,108.1,0.444,2,1,0.493,3,0.025,0.3482,MEDIUM,DEMO
47.2,477.3,91.6,11.5,32.7,71.1,91.6,0.5,0,0,0.713,1,0.733,0.4783,MEDIUM,DEMO
35.2,400.9,212.0,21.3,77.0,162.0,212.0,0.56,3,0,0.622,1,0.406,0.6126,HIGH,DEMO
20.8,296.5,130.4,15.8,48.0,72.7,130.4,0.421,2,3,0.124,0,0.302,0.2763,MEDIUM,DEMO
41.8,114.7,120.4,14.3,43.3,72.7,120.4,0.39,2,2,0.718,0,0.063,0.3251,MEDIUM,DEMO
36.9,119.6,12.2,0.9,4.3,8.5,12.2,0.333,3,0,0.838,0,0.473,0.1396,LOW,DEMO
41.9,1916.6,134.5,23.5,70.1,111.6,134.5,0.525,1,2,0.656,0,0.03,0.3997,MEDIUM,DEMO
43.6,1101.0,22.2,3.1,8.9,14.5,22.2,0.223,0,0,0.786,1,0.605,0.2326,LOW,DEMO
58.0,1052.3,75.5,10.6,26.6,55.8,75.5,0.384,2,0,0.394,3,0.477,0.5032,HIGH,DEMO
35.9,938.2,22.4,2.8,8.0,12.4,22.4,0.29,3,1,0.386,2,0.671,0.1907,LOW,DEMO
28.5,1782.7,103.8,24.7,53.9,79.2,103.8,0.332,0,1,0.364,1,0.155,0.3528,MEDIUM,DEMO
38.6,669.0,151.9,18.5,59.5,111.0,151.9,0.542,0,2,0.679,1,0.392,0.4889,MEDIUM,DEMO
15.5,1919.0,71.5,11.6,35.9,54.6,71.5,0.324,0,1,0.836,1,0.191,0.1918,LOW,DEMO
50.7,480.9,73.1,11.4,30.6,60.0,73.1,0.421,1,3,0.793,1,0.154,0.3485,MEDIUM,DEMO
18.9,2432.0,37.7,4.0,15.2,22.4,37.7,0.263,3,3,0.234,0,0.137,0.0974,LOW,DEMO
28.0,1159.6,150.3,21.7,68.4,94.5,150.3,0.54,0,0,0.596,1,0.109,0.4559,MEDIUM,DEMO
45.9,347.6,24.3,4.9,12.0,20.7,24.3,0.36,2,2,0.877,1,0.492,0.2136,LOW,DEMO
36.8,827.3,84.1,8.5,26.3,50.2,84.1,0.455,3,3,0.344,3,0.387,0.2595,MEDIUM,DEMO
30.3,765.3,70.8,14.6,30.9,54.2,70.8,0.407,2,3,0.602,1,0.456,0.2531,MEDIUM,DEMO
32.7,213.5,97.2,15.1,39.2,74.6,97.2,0.426,0,0,0.809,2,0.468,0.3463,MEDIUM,DEMO
48.0,885.2,126.3,10.6,42.9,95.3,126.3,0.41,2,3,0.804,0,0.068,0.3467,MEDIUM,DEMO
28.5,420.2,68.0,9.4,27.1,42.1,68.0,0.354,3,0,0.364,2,0.137,0.2364,LOW,DEMO
48.9,128.4,135.1,16.5,38.4,83.0,135.1,0.49,0,1,0.191,3,0.204,0.5633,HIGH,DEMO
16.9,2752.3,74.0,11.2,28.5,55.5,74.0,0.373,0,1,0.611,2,0.226,0.1977,LOW,DEMO
44.0,1003.2,95.0,17.9,38.4,57.6,95.0,0.35,3,3,0.84,2,0.053,0.343,MEDIUM,DEMO
47.6,1965.4,32.8,6.8,16.0,24.6,32.8,0.333,2,1,0.506,3,0.623,0.2858,MEDIUM,DEMO
22.2,1094.5,56.5,4.1,18.6,39.5,56.5,0.296,2,1,0.468,1,0.229,0.1684,LOW,DEMO
31.4,477.4,20.2,2.0,8.7,13.5,20.2,0.365,3,1,0.777,2,0.699,0.1551,LOW,DEMO
21.4,727.0,79.1,14.6,36.9,50.6,79.1,0.404,2,0,0.443,1,0.333,0.2811,MEDIUM,DEMO
40.9,1093.6,121.9,13.0,48.0,101.7,121.9,0.525,1,1,0.638,1,0.023,0.4308,MEDIUM,DEMO
34.7,2982.7,65.8,10.0,26.5,46.2,65.8,0.42,1,1,0.415,2,0.064,0.2571,MEDIUM,DEMO
38.1,343.3,71.1,15.0,34.2,51.1,71.1,0.486,0,1,0.407,0,0.185,0.306,MEDIUM,DEMO
22.8,1951.3,98.3,19.9,53.4,82.1,98.3,0.442,1,0,0.263,3,0.425,0.336,MEDIUM,DEMO
23.5,2400.2,105.3,13.2,40.7,78.6,105.3,0.426,1,0,0.187,0,0.451,0.2972,MEDIUM,DEMO
13.2,1078.9,19.5,3.2,8.1,16.3,19.5,0.268,1,0,0.793,0,0.318,0.096,LOW,DEMO
27.8,2489.8,49.3,4.8,19.7,28.7,49.3,0.416,3,3,0.258,0,0.342,0.1417,LOW,DEMO
35.5,536.6,22.3,5.5,13.2,17.9,22.3,0.225,0,0,0.167,3,0.158,0.1866,LOW,DEMO
48.2,2832.2,57.6,10.4,25.5,37.5,57.6,0.313,1,1,0.563,0,0.464,0.3181,MEDIUM,DEMO
39.3,1172.0,188.8,39.2,110.7,149.8,188.8,0.612,2,0,0.535,1,0.127,0.6271,HIGH,DEMO
31.6,118.6,122.9,17.8,62.6,99.2,122.9,0.471,2,2,0.551,3,0.5,0.3571,MEDIUM,DEMO
55.4,2216.4,75.4,15.2,34.7,47.6,75.4,0.438,2,0,0.476,0,0.097,0.4615,MEDIUM,DEMO
41.4,676.3,221.0,34.5,97.7,148.6,221.0,0.593,1,0,0.228,0,0.046,0.6126,HIGH,DEMO
53.2,635.1,92.4,11.2,51.3,70.9,92.4,0.418,3,0,0.136,0,0.419,0.4823,MEDIUM,DEMO
34.4,832.2,293.8,40.4,84.9,170.3,293.8,0.786,1,2,0.155,1,0.468,0.6328,HIGH,DEMO
25.5,225.6,83.0,19.3,44.8,64.5,83.0,0.351,2,3,0.837,0,0.141,0.1948,LOW,DEMO
14.3,650.0,49.1,5.5,14.6,28.7,49.1,0.385,3,0,0.524,1,0.347,0.17,LOW,DEMO
41.7,1680.7,30.8,3.9,11.6,25.4,30.8,0.303,0,2,0.424,3,0.462,0.1865,LOW,DEMO
19.0,94.0,114.8,21.5,44.0,72.7,114.8,0.457,3,0,0.432,2,0.243,0.3371,MEDIUM,DEMO
27.1,366.8,57.2,9.7,22.5,41.3,57.2,0.315,2,0,0.616,1,0.165,0.2184,LOW,DEMO
34.6,82.2,82.9,8.1,22.5,48.5,82.9,0.385,2,0,0.406,3,0.281,0.2811,MEDIUM,DEMO
35.6,563.6,103.4,19.2,48.6,65.3,103.4,0.391,1,3,0.725,0,0.364,0.2952,MEDIUM,DEMO
36.9,1252.8,40.4,5.0,17.6,27.1,40.4,0.368,3,2,0.318,1,0.473,0.2082,LOW,DEMO
21.4,1523.0,91.4,11.9,45.8,63.6,91.4,0.471,0,0,0.399,0,0.459,0.2529,MEDIUM,DEMO
29.8,2693.5,66.5,7.7,27.4,36.6,66.5,0.458,1,0,0.831,1,0.027,0.2245,LOW,DEMO
37.5,924.0,23.5,3.1,10.9,19.2,23.5,0.315,2,1,0.318,1,0.451,0.2072,LOW,DEMO
57.3,344.5,107.0,13.1,31.1,59.1,107.0,0.432,2,0,0.623,0,0.25,0.5213,HIGH,DEMO
41.8,2401.1,116.0,11.1,45.8,90.8,116.0,0.442,0,0,0.397,2,0.361,0.4374,MEDIUM,DEMO
52.6,1423.8,167.5,30.3,70.0,115.7,167.5,0.586,0,2,0.478,0,0.177,0.5918,HIGH,DEMO
43.3,848.9,31.6,5.0,14.1,22.4,31.6,0.319,2,0,0.154,1,0.177,0.2704,MEDIUM,DEMO
36.6,1150.6,246.8,28.2,89.4,151.1,246.8,0.7,1,2,0.247,1,0.347,0.6119,HIGH,DEMO
22.6,2403.1,43.6,5.2,18.1,31.9,43.6,0.318,0,0,0.197,1,0.168,0.1805,LOW,DEMO
39.3,1201.5,13.8,1.7,4.9,9.8,13.8,0.334,0,0,0.762,0,0.104,0.1431,LOW,DEMO
37.7,493.5,77.6,8.0,27.1,46.5,77.6,0.372,2,3,0.851,2,0.221,0.2192,LOW,DEMO
36.9,1203.5,97.3,9.5,28.7,60.4,97.3,0.498,1,3,0.172,0,0.278,0.2739,MEDIUM,DEMO
33.2,117.0,68.4,11.7,27.7,39.0,68.4,0.386,3,1,0.178,2,0.136,0.2777,MEDIUM,DEMO
34.5,519.6,31.2,3.2,8.3,17.8,31.2,0.29,0,1,0.54,0,0.24,0.1488,LOW,DEMO
28.3,549.3,54.1,7.2,16.9,30.0,54.1,0.311,3,1,0.503,0,0.348,0.1731,LOW,DEMO
34.1,244.3,93.6,11.5,27.7,57.7,93.6,0.416,3,1,0.614,1,0.211,0.3187,MEDIUM,DEMO
22.9,101.0,268.8,61.5,138.3,202.7,268.8,0.774,1,2,0.68,1,0.019,0.4859,MEDIUM,DEMO
45.4,208.8,32.5,3.0,11.4,21.0,32.5,0.292,0,2,0.726,0,0.494,0.1761,LOW,DEMO
22.3,1036.8,48.8,7.7,15.4,31.9,48.8,0.383,3,2,0.233,0,0.383,0.142,LOW,DEMO
16.7,1538.9,26.1,3.2,9.4,15.4,26.1,0.277,0,1,0.149,0,0.419,0.1163,LOW,DEMO
31.6,4076.0,57.5,12.5,30.1,41.5,57.5,0.351,1,2,0.796,2,0.128,0.1916,LOW,DEMO
39.0,462.7,71.7,13.6,33.8,46.8,71.7,0.319,1,0,0.477,3,0.135,0.3133,MEDIUM,DEMO
31.6,903.3,140.7,20.6,55.6,105.9,140.7,0.539,2,0,0.858,0,0.028,0.3823,MEDIUM,DEMO
26.2,2570.2,94.8,24.3,48.8,73.2,94.8,0.413,1,1,0.525,0,0.607,0.3034,MEDIUM,DEMO
35.4,244.5,183.5,16.2,61.1,133.1,183.5,0.67,1,0,0.508,0,0.136,0.5313,HIGH,DEMO
28.7,1218.1,73.9,7.5,22.9,46.8,73.9,0.423,3,1,0.593,3,0.267,0.2151,LOW,DEMO
53.5,1345.8,4.1,0.4,1.7,2.9,4.1,0.262,3,2,0.249,1,0.335,0.2275,LOW,DEMO
52.6,163.9,97.6,8.1,31.7,61.1,97.6,0.493,1,1,0.313,3,0.019,0.4371,MEDIUM,DEMO
33.6,1857.6,18.0,4.2,10.2,14.8,18.0,0.304,1,0,0.808,1,0.504,0.1786,LOW,DEMO
28.0,1589.5,138.0,15.8,78.5,107.6,138.0,0.557,2,3,0.281,3,0.214,0.3486,MEDIUM,DEMO
42.2,110.6,74.0,10.9,23.3,51.7,74.0,0.344,2,0,0.297,3,0.202,0.3379,MEDIUM,DEMO
12.7,166.0,47.3,8.0,20.6,39.7,47.3,0.361,1,3,0.508,0,0.394,0.1168,LOW,DEMO
32.8,125.3,29.3,4.0,12.2,20.9,29.3,0.33,1,0,0.607,1,0.219,0.183,LOW,DEMO
28.3,446.8,52.4,6.3,21.0,34.0,52.4,0.27,0,2,0.121,2,0.542,0.1839,LOW,DEMO
52.5,720.7,71.7,7.2,30.1,41.5,71.7,0.458,2,3,0.467,0,0.436,0.3222,MEDIUM,DEMO
9.4,764.0,225.8,55.1,115.6,161.1,225.8,0.611,2,3,0.423,1,0.416,0.4568,MEDIUM,DEMO
35.2,360.4,67.6,14.5,35.0,54.6,67.6,0.311,0,3,0.778,3,0.102,0.2155,LOW,DEMO
42.3,2263.3,87.7,11.3,37.5,71.1,87.7,0.271,1,3,0.758,3,0.424,0.2829,MEDIUM,DEMO
33.1,493.4,70.3,7.8,35.2,51.4,70.3,0.404,1,1,0.809,3,0.032,0.209,LOW,DEMO
16.8,122.0,87.9,8.9,30.0,58.7,87.9,0.331,2,1,0.76,3,0.605,0.2021,LOW,DEMO
57.6,401.3,84.4,11.9,46.5,62.9,84.4,0.381,2,1,0.718,2,0.303,0.4861,MEDIUM,DEMO
34.1,761.6,74.9,11.5,26.3,58.3,74.9,0.431,1,3,0.773,0,0.089,0.1939,LOW,DEMO
37.4,552.2,46.1,8.0,19.3,31.0,46.1,0.345,0,2,0.253,1,0.317,0.2286,LOW,DEMO
24.6,368.0,117.5,13.6,38.8,81.4,117.5,0.437,2,2,0.379,1,0.283,0.2971,MEDIUM,DEMO
33.0,206.7,32.5,6.5,14.0,24.5,32.5,0.231,1,1,0.64,0,0.422,0.1606,LOW,DEMO
31.4,1619.2,104.1,13.8,54.2,84.6,104.1,0.438,1,1,0.822,2,0.406,0.3212,MEDIUM,DEMO
16.0,4200.0,118.9,20.6,61.5,93.6,118.9,0.514,2,3,0.627,1,0.403,0.2961,MEDIUM,DEMO
18.1,439.8,14.7,2.3,5.6,8.2,14.7,0.312,1,0,0.278,2,0.318,0.1234,LOW,DEMO
47.1,512.6,30.1,2.4,11.1,17.7,30.1,0.395,2,0,0.838,0,0.324,0.214,LOW,DEMO
24.7,946.2,16.7,2.2,7.1,13.5,16.7,0.248,3,3,0.698,3,0.237,0.089,LOW,DEMO
22.8,1220.7,162.9,34.7,93.4,130.4,162.9,0.487,3,1,0.665,0,0.167,0.3678,MEDIUM,DEMO
33.7,527.9,51.0,7.3,23.6,34.0,51.0,0.36,0,1,0.7,1,0.779,0.2491,LOW,DEMO
43.6,2197.8,157.5,19.6,56.9,114.3,157.5,0.553,1,3,0.621,0,0.334,0.4779,MEDIUM,DEMO
15.0,818.9,59.2,13.0,33.9,48.6,59.2,0.36,1,2,0.137,1,0.294,0.1929,LOW,DEMO
36.1,618.7,34.7,6.6,21.2,28.6,34.7,0.277,1,0,0.313,0,0.039,0.1836,LOW,DEMO
18.9,1016.3,44.3,5.2,22.3,34.8,44.3,0.2,2,0,0.847,0,0.275,0.1197,LOW,DEMO
12.7,2828.1,83.4,6.6,27.3,51.1,83.4,0.354,1,2,0.339,3,0.215,0.1566,LOW,DEMO
14.2,1504.3,118.1,20.6,57.4,90.9,118.1,0.497,2,2,0.706,3,0.161,0.253,MEDIUM,DEMO
46.9,116.8,76.6,6.2,24.6,44.5,76.6,0.406,0,0,0.443,2,0.119,0.3472,MEDIUM,DEMO
18.8,443.5,135.0,33.7,72.1,110.4,135.0,0.549,1,2,0.81,1,0.203,0.3169,MEDIUM,DEMO
13.6,652.3,66.5,10.9,24.3,39.6,66.5,0.391,0,1,0.544,1,0.613,0.2214,LOW,DEMO
31.6,419.9,71.8,11.9,39.2,53.8,71.8,0.42,2,1,0.6,0,0.098,0.2254,LOW,DEMO
47.4,1164.1,42.2,8.8,19.7,30.9,42.2,0.367,3,3,0.302,2,0.303,0.2721,MEDIUM,DEMO
25.6,1655.2,38.8,5.6,15.6,30.4,38.8,0.323,1,1,0.164,0,0.384,0.1566,LOW,DEMO
31.1,1262.9,123.2,14.6,58.9,88.2,123.2,0.48,2,0,0.695,0,0.084,0.3285,MEDIUM,DEMO
13.0,4166.6,32.6,3.8,10.0,18.5,32.6,0.165,0,0,0.171,1,0.094,0.1403,LOW,DEMO
32.0,366.4,59.1,9.7,23.9,45.0,59.1,0.327,1,0,0.669,0,0.071,0.1973,LOW,DEMO
36.1,1951.4,127.0,10.8,47.9,84.5,127.0,0.455,1,3,0.542,2,0.48,0.3421,MEDIUM,DEMO
35.9,1389.6,19.8,1.7,5.8,12.8,19.8,0.281,0,0,0.743,0,0.031,0.1306,LOW,DEMO
28.2,484.7,165.6,21.0,103.9,140.3,165.6,0.511,2,1,0.276,1,0.492,0.5154,HIGH,DEMO
27.6,1272.3,35.1,4.6,15.6,25.5,35.1,0.362,1,2,0.532,1,0.246,0.1432,LOW,DEMO
18.1,178.9,166.0,26.0,86.4,126.7,166.0,0.514,2,0,0.587,1,0.397,0.4506,MEDIUM,DEMO
29.4,1481.7,32.6,4.7,12.2,23.0,32.6,0.366,1,2,0.176,0,0.326,0.1346,LOW,DEMO
17.7,764.0,123.0,16.8,64.8,96.1,123.0,0.43,3,0,0.682,0,0.172,0.2816,MEDIUM,DEMO
43.5,391.1,49.9,5.0,24.0,38.7,49.9,0.313,0,0,0.416,0,0.074,0.2332,LOW,DEMO
56.8,1039.8,231.2,29.4,99.7,172.8,231.2,0.645,0,3,0.218,2,0.321,0.7389,HIGH,DEMO
57.3,1003.5,63.5,17.9,40.0,54.0,63.5,0.343,3,0,0.414,0,0.519,0.5074,HIGH,DEMO
48.7,291.6,29.2,3.8,12.0,20.1,29.2,0.363,0,2,0.195,1,0.116,0.2454,LOW,DEMO
36.9,107.8,104.1,16.7,51.4,79.3,104.1,0.427,2,2,0.795,1,0.84,0.3862,MEDIUM,DEMO
40.7,591.6,54.1,6.6,19.4,42.7,54.1,0.335,1,0,0.467,0,0.027,0.2272,LOW,DEMO
26.5,838.6,111.0,16.9,39.8,73.6,111.0,0.419,2,0,0.225,1,0.102,0.3741,MEDIUM,DEMO
38.0,1963.1,164.4,27.8,80.9,113.0,164.4,0.542,1,2,0.312,1,0.385,0.5318,HIGH,DEMO
32.2,2450.7,125.2,16.2,71.3,105.3,125.2,0.493,2,1,0.671,0,0.626,0.3782,MEDIUM,DEMO
33.0,757.2,18.7,1.7,6.4,10.5,18.7,0.274,0,0,0.717,1,0.287,0.1573,LOW,DEMO
43.1,1341.5,32.0,3.8,15.0,20.8,32.0,0.302,2,2,0.151,0,0.23,0.1804,LOW,DEMO
26.4,600.7,89.4,13.1,37.1,62.2,89.4,0.467,1,3,0.166,0,0.394,0.2328,LOW,DEMO
27.7,1313.7,95.6,6.8,32.6,52.6,95.6,0.441,1,0,0.817,1,0.031,0.2463,LOW,DEMO
52.8,286.2,6.9,0.9,3.2,5.7,6.9,0.205,1,0,0.372,1,0.319,0.2667,MEDIUM,DEMO
14.5,497.4,26.8,4.1,10.8,17.1,26.8,0.296,3,0,0.267,0,0.143,0.1138,LOW,DEMO
33.1,985.2,34.6,3.6,11.8,21.7,34.6,0.287,2,1,0.214,2,0.073,0.1747,LOW,DEMO
51.9,96.5,172.1,31.9,77.5,137.0,172.1,0.596,1,3,0.482,1,0.009,0.6293,HIGH,DEMO
37.2,1233.6,45.8,6.8,21.5,29.0,45.8,0.34,2,3,0.706,1,0.432,0.1995,LOW,DEMO
35.0,1704.6,117.6,21.0,42.5,87.9,117.6,0.525,1,0,0.516,0,0.263,0.4038,MEDIUM,DEMO
25.1,538.5,150.0,28.2,57.5,119.5,150.0,0.492,3,3,0.136,3,0.118,0.3615,MEDIUM,DEMO
28.6,614.7,44.6,7.1,16.3,35.1,44.6,0.323,0,2,0.488,2,0.27,0.157,LOW,DEMO
47.9,1795.1,70.1,14.6,30.0,55.0,70.1,0.327,1,2,0.357,0,0.131,0.316,MEDIUM,DEMO
35.5,1425.1,117.8,10.1,38.7,67.9,117.8,0.467,1,1,0.639,0,0.099,0.3034,MEDIUM,DEMO
34.0,385.9,18.6,2.2,5.1,10.6,18.6,0.208,2,2,0.518,2,0.616,0.1388,LOW,DEMO
17.7,432.4,61.1,7.1,24.1,39.2,61.1,0.379,0,3,0.854,1,0.083,0.1324,LOW,DEMO
10.1,1102.3,159.7,23.4,56.0,89.5,159.7,0.544,1,2,0.575,0,0.058,0.3009,MEDIUM,DEMO
56.5,825.4,94.0,13.9,44.5,65.8,94.0,0.432,2,0,0.601,0,0.192,0.4934,MEDIUM,DEMO
29.7,239.3,94.7,13.5,47.0,63.3,94.7,0.465,0,2,0.515,1,0.425,0.2932,MEDIUM,DEMO
37.0,413.9,135.4,30.1,61.7,97.1,135.4,0.513,0,2,0.356,1,0.167,0.446,MEDIUM,DEMO
16.4,2152.2,49.4,4.0,15.3,31.6,49.4,0.278,2,0,0.599,2,0.098,0.1368,LOW,DEMO
40.0,1128.8,33.6,4.8,11.1,23.4,33.6,0.285,3,0,0.373,1,0.134,0.2332,LOW,DEMO
53.4,3920.2,90.6,16.2,40.2,58.9,90.6,0.414,2,2,0.665,2,0.179,0.4423,MEDIUM,DEMO
36.0,1391.1,52.1,6.0,20.5,31.7,52.1,0.33,1,0,0.3,0,0.415,0.223,LOW,DEMO
19.3,2642.2,49.7,6.2,18.5,37.0,49.7,0.332,0,0,0.399,1,0.046,0.1699,LOW,DEMO
36.2,299.2,32.7,3.1,13.0,24.6,32.7,0.392,2,0,0.564,3,0.568,0.2015,LOW,DEMO
43.5,1408.5,103.5,26.6,55.8,82.7,103.5,0.447,0,0,0.598,0,0.358,0.4364,MEDIUM,DEMO
30.7,98.4,64.8,16.0,32.7,52.7,64.8,0.39,1,3,0.628,2,0.257,0.228,LOW,DEMO
49.6,1079.9,33.3,6.7,15.9,25.4,33.3,0.211,0,2,0.652,2,0.345,0.2407,LOW,DEMO
38.6,650.2,140.6,24.8,54.5,106.3,140.6,0.548,2,0,0.362,2,0.159,0.5187,HIGH,DEMO
50.9,463.2,58.4,4.8,21.1,33.1,58.4,0.501,1,0,0.798,0,0.138,0.2984,MEDIUM,DEMO
37.7,1865.1,105.1,13.2,41.8,61.3,105.1,0.513,3,0,0.143,1,0.075,0.4274,MEDIUM,DEMO
19.6,1813.4,197.8,33.6,112.3,157.0,197.8,0.595,0,1,0.263,0,0.256,0.4647,MEDIUM,DEMO
27.4,100.3,139.1,21.4,57.9,86.2,139.1,0.622,2,0,0.173,0,0.064,0.4169,MEDIUM,DEMO
23.1,926.3,184.7,19.3,75.5,121.3,184.7,0.594,1,3,0.63,3,0.375,0.4144,MEDIUM,DEMO
51.6,492.7,137.4,19.6,53.2,81.6,137.4,0.52,1,3,0.328,1,0.19,0.576,HIGH,DEMO
43.2,563.5,61.3,8.8,22.2,37.3,61.3,0.35,2,3,0.271,2,0.429,0.2773,MEDIUM,DEMO
39.7,1685.6,40.4,3.9,16.4,31.6,40.4,0.31,2,2,0.485,2,0.321,0.186,LOW,DEMO
27.1,413.7,59.1,6.4,26.5,37.1,59.1,0.247,1,2,0.59,1,0.386,0.1705,LOW,DEMO
22.3,2659.0,62.2,5.5,26.0,42.6,62.2,0.405,0,1,0.591,3,0.066,0.1582,LOW,DEMO
43.0,258.2,163.7,26.2,61.3,97.5,163.7,0.539,3,3,0.544,2,0.047,0.5034,HIGH,DEMO
32.7,1058.2,53.1,8.9,29.9,40.0,53.1,0.339,1,2,0.874,1,0.267,0.1873,LOW,DEMO
24.1,1083.6,27.0,4.1,15.5,20.8,27.0,0.314,3,1,0.774,0,0.476,0.119,LOW,DEMO
37.4,341.6,87.3,15.6,36.0,57.5,87.3,0.391,2,2,0.302,0,0.368,0.2972,MEDIUM,DEMO
13.1,433.4,77.6,6.8,28.0,60.9,77.6,0.407,2,0,0.697,1,0.2,0.1955,LOW,DEMO
28.0,1700.5,41.9,4.9,14.8,26.1,41.9,0.388,0,3,0.553,1,0.357,0.1529,LOW,DEMO
32.6,1371.2,56.5,13.3,31.3,42.8,56.5,0.375,1,0,0.174,2,0.22,0.2845,MEDIUM,DEMO
20.5,439.2,188.2,28.9,77.6,144.7,188.2,0.592,1,1,0.158,0,0.424,0.474,MEDIUM,DEMO
59.5,767.1,103.2,23.8,65.1,86.8,103.2,0.436,1,0,0.728,2,0.189,0.6044,HIGH,DEMO
23.4,137.3,59.7,4.3,17.6,37.0,59.7,0.371,0,3,0.534,1,0.321,0.1516,LOW,DEMO
19.5,290.7,41.7,3.8,15.0,24.1,41.7,0.286,1,3,0.554,1,0.46,0.1251,LOW,DEMO
23.2,678.7,249.4,35.5,94.8,156.9,249.4,0.724,0,1,0.376,0,0.123,0.4935,MEDIUM,DEMO
43.6,160.9,212.1,13.6,65.6,124.5,212.1,0.678,1,3,0.827,3,0.46,0.5577,HIGH,DEMO
31.3,1748.3,131.8,26.8,58.2,79.2,131.8,0.499,0,0,0.662,1,0.242,0.4422,MEDIUM,DEMO
35.7,1219.3,64.2,8.1,26.5,41.7,64.2,0.348,2,0,0.825,2,0.281,0.2449,LOW,DEMO
10.8,2668.3,40.2,4.6,14.1,27.1,40.2,0.31,2,0,0.195,0,0.504,0.1414,LOW,DEMO
12.5,1144.2,41.4,5.3,19.2,34.0,41.4,0.359,3,0,0.564,0,0.63,0.1401,LOW,DEMO
31.9,2618.1,63.7,12.0,25.8,38.7,63.7,0.313,1,1,0.605,1,0.279,0.2589,MEDIUM,DEMO
45.9,807.7,52.9,9.4,24.0,44.6,52.9,0.308,2,2,0.216,3,0.288,0.2762,MEDIUM,DEMO
49.9,905.2,74.1,14.0,41.9,58.8,74.1,0.307,1,0,0.383,1,0.574,0.4806,MEDIUM,DEMO
16.9,3473.9,71.7,11.0,29.2,58.4,71.7,0.385,2,0,0.283,1,0.148,0.2294,LOW,DEMO
34.8,1004.8,35.6,4.9,15.6,29.5,35.6,0.359,1,0,0.868,1,0.43,0.2049,LOW,DEMO
51.9,108.1,36.6,4.8,14.0,28.4,36.6,0.385,2,0,0.533,0,0.574,0.3032,MEDIUM,DEMO
30.1,1238.0,60.1,7.0,22.8,47.3,60.1,0.439,0,0,0.36,1,0.269,0.2482,LOW,DEMO
46.6,2202.9,70.4,8.4,25.9,48.0,70.4,0.346,0,0,0.625,0,0.573,0.3306,MEDIUM,DEMO
19.7,1508.8,178.6,27.7,94.1,125.6,178.6,0.594,0,1,0.621,0,0.235,0.4074,MEDIUM,DEMO
53.7,869.0,90.6,8.0,35.9,75.2,90.6,0.398,1,3,0.384,1,0.326,0.4159,MEDIUM,DEMO
42.8,1081.4,88.4,6.4,30.1,58.6,88.4,0.497,1,0,0.875,0,0.267,0.2967,MEDIUM,DEMO
54.2,4200.0,92.9,7.0,27.8,52.3,92.9,0.488,2,3,0.735,2,0.46,0.3968,MEDIUM,DEMO
39.7,165.5,152.9,20.8,75.7,119.0,152.9,0.542,2,1,0.424,0,0.2,0.4933,MEDIUM,DEMO
29.3,1070.3,350.0,79.5,170.2,252.7,350.0,0.869,1,1,0.622,0,0.137,0.5561,HIGH,DEMO
53.9,379.9,50.1,10.3,26.9,39.8,50.1,0.171,2,2,0.66,1,0.195,0.3292,MEDIUM,DEMO
26.1,999.7,237.8,30.0,61.6,136.2,237.8,0.62,0,0,0.252,3,0.322,0.5514,HIGH,DEMO
28.2,922.0,24.0,3.4,11.4,17.7,24.0,0.202,0,3,0.787,1,0.351,0.1172,LOW,DEMO
40.7,229.9,60.6,7.7,24.2,37.8,60.6,0.29,2,0,0.748,0,0.151,0.2322,LOW,DEMO
43.4,288.5,32.8,6.8,16.3,26.9,32.8,0.405,2,1,0.694,1,0.069,0.244,LOW,DEMO
53.2,954.7,115.4,14.2,37.9,67.3,115.4,0.4,2,0,0.289,0,0.309,0.5276,HIGH,DEMO
23.2,203.5,136.7,27.1,75.6,109.8,136.7,0.451,1,1,0.224,0,0.112,0.3455,MEDIUM,DEMO
45.0,357.3,27.1,3.2,8.6,15.6,27.1,0.254,3,1,0.257,0,0.487,0.218,LOW,DEMO
42.2,1703.0,147.5,16.0,42.7,82.2,147.5,0.654,3,3,0.191,1,0.34,0.5397,HIGH,DEMO
15.2,436.5,94.4,13.7,31.8,58.6,94.4,0.422,1,1,0.835,0,0.319,0.2065,LOW,DEMO
30.0,682.6,126.6,19.2,47.9,82.3,126.6,0.535,3,1,0.767,0,0.094,0.3434,MEDIUM,DEMO
26.4,2629.3,161.1,29.8,61.1,118.9,161.1,0.558,1,3,0.189,0,0.281,0.3829,MEDIUM,DEMO
27.2,311.9,117.5,21.2,43.8,69.3,117.5,0.369,1,1,0.635,1,0.055,0.3473,MEDIUM,DEMO
59.2,524.3,23.0,3.7,11.2,15.7,23.0,0.369,3,1,0.307,0,0.171,0.3094,MEDIUM,DEMO
38.4,919.3,56.4,4.6,21.7,34.5,56.4,0.375,1,3,0.133,0,0.303,0.1909,LOW,DEMO
41.4,1347.1,25.7,2.5,12.1,20.7,25.7,0.292,1,2,0.342,1,0.084,0.1767,LOW,DEMO
58.2,2167.3,13.4,1.2,5.2,7.5,13.4,0.363,0,3,0.454,2,0.324,0.2562,MEDIUM,DEMO
29.7,2303.6,31.1,3.1,13.8,20.4,31.1,0.29,0,0,0.135,0,0.155,0.1501,LOW,DEMO
45.2,1429.1,59.6,7.7,24.7,44.1,59.6,0.354,0,1,0.366,1,0.085,0.3171,MEDIUM,DEMO
31.5,313.3,226.8,25.5,118.0,186.9,226.8,0.654,1,0,0.652,2,0.172,0.5675,HIGH,DEMO
48.9,102.6,73.3,15.4,39.8,59.4,73.3,0.44,1,3,0.294,2,0.329,0.3947,MEDIUM,DEMO
22.1,515.7,94.9,10.5,40.7,77.7,94.9,0.467,0,3,0.489,0,0.09,0.1793,LOW,DEMO
54.8,217.4,51.2,5.8,16.3,29.1,51.2,0.359,1,0,0.795,1,0.174,0.3655,MEDIUM,DEMO
23.8,1195.3,64.7,5.8,25.0,51.9,64.7,0.318,2,0,0.142,2,0.424,0.2146,LOW,DEMO
28.0,1053.9,78.3,20.5,45.8,61.4,78.3,0.377,2,0,0.717,0,0.286,0.2665,MEDIUM,DEMO
43.0,120.5,62.2,10.5,24.3,51.1,62.2,0.313,2,1,0.412,0,0.185,0.2774,MEDIUM,DEMO
30.3,1710.4,108.0,11.0,34.8,69.5,108.0,0.509,1,0,0.531,1,0.209,0.3454,MEDIUM,DEMO
37.1,337.4,47.3,10.9,23.1,38.9,47.3,0.259,1,1,0.295,0,0.201,0.226,LOW,DEMO
31.8,589.4,24.1,2.9,11.5,16.2,24.1,0.375,2,0,0.56,0,0.217,0.1423,LOW,DEMO
42.4,1072.2,19.9,3.6,8.2,14.7,19.9,0.351,0,3,0.675,1,0.135,0.1691,LOW,DEMO
24.2,585.0,130.1,21.8,60.0,88.1,130.1,0.446,2,1,0.273,2,0.497,0.3991,MEDIUM,DEMO
14.7,603.9,7.4,1.0,3.3,5.0,7.4,0.243,1,1,0.381,1,0.125,0.1006,LOW,DEMO
27.0,141.1,63.9,6.6,29.3,45.6,63.9,0.333,1,0,0.551,3,0.647,0.2157,LOW,DEMO
32.7,541.9,32.0,3.7,14.8,21.0,32.0,0.331,1,0,0.437,0,0.069,0.1525,LOW,DEMO
21.5,1382.8,110.6,18.2,39.6,87.1,110.6,0.526,0,1,0.343,2,0.335,0.348,MEDIUM,DEMO
29.0,2300.5,74.9,15.4,40.4,55.4,74.9,0.448,1,2,0.463,1,0.322,0.2678,MEDIUM,DEMO
30.5,560.2,76.1,10.9,40.3,57.6,76.1,0.37,1,3,0.341,2,0.038,0.212,LOW,DEMO
14.6,575.8,80.6,12.7,36.5,49.9,80.6,0.462,3,0,0.349,0,0.153,0.2129,LOW,DEMO
36.3,1171.5,78.8,10.6,45.6,66.2,78.8,0.455,3,2,0.584,1,0.185,0.2686,MEDIUM,DEMO
49.9,2654.6,24.1,3.0,12.8,18.0,24.1,0.285,2,0,0.483,2,0.125,0.2545,MEDIUM,DEMO
20.7,359.6,53.4,7.8,16.6,32.5,53.4,0.349,3,2,0.635,2,0.46,0.1487,LOW,DEMO
36.8,602.1,39.0,5.6,16.5,30.2,39.0,0.399,2,0,0.756,1,0.305,0.2254,LOW,DEMO
39.2,1510.6,44.5,4.5,14.6,26.8,44.5,0.385,1,0,0.837,2,0.527,0.2334,LOW,DEMO
31.1,926.7,79.5,10.6,21.8,45.3,79.5,0.459,2,1,0.235,2,0.187,0.2819,MEDIUM,DEMO
40.7,185.5,130.7,19.8,61.9,92.6,130.7,0.622,0,3,0.596,1,0.275,0.472,MEDIUM,DEMO
30.8,969.3,127.8,13.5,44.9,91.5,127.8,0.515,2,0,0.563,3,0.566,0.3973,MEDIUM,DEMO
33.7,266.0,88.8,7.1,25.1,53.9,88.8,0.431,0,0,0.779,0,0.309,0.2437,LOW,DEMO
8.5,722.4,55.6,9.2,24.9,36.4,55.6,0.421,2,3,0.801,1,0.28,0.1443,LOW,DEMO
40.3,757.8,76.1,16.8,45.8,63.4,76.1,0.491,1,1,0.698,0,0.042,0.3165,MEDIUM,DEMO
39.1,1960.2,117.7,10.4,50.8,74.8,117.7,0.438,0,2,0.573,3,0.039,0.3078,MEDIUM,DEMO
12.9,638.7,44.3,7.3,18.4,26.4,44.3,0.322,3,0,0.271,0,0.016,0.1361,LOW,DEMO
29.4,375.0,73.9,17.2,39.4,62.7,73.9,0.336,3,3,0.33,1,0.132,0.2596,MEDIUM,DEMO
58.6,316.4,50.9,9.0,23.4,32.6,50.9,0.362,3,1,0.578,2,0.434,0.4281,MEDIUM,DEMO
31.1,1946.1,43.8,9.1,19.8,33.0,43.8,0.376,2,3,0.226,0,0.561,0.175,LOW,DEMO
33.6,248.8,71.0,9.3,32.8,44.0,71.0,0.334,2,0,0.26,0,0.024,0.2354,LOW,DEMO
51.6,579.4,55.8,4.9,19.2,39.9,55.8,0.41,1,3,0.813,0,0.049,0.2297,LOW,DEMO
41.3,266.5,90.1,17.0,41.6,60.0,90.1,0.395,0,1,0.847,0,0.325,0.3464,MEDIUM,DEMO
36.2,1415.7,56.4,7.8,30.4,47.3,56.4,0.328,1,1,0.124,2,0.437,0.2685,MEDIUM,DEMO
45.0,658.8,66.6,6.4,28.3,45.3,66.6,0.43,1,0,0.775,3,0.164,0.2923,MEDIUM,DEMO
48.6,469.3,24.0,2.7,11.6,17.4,24.0,0.263,1,1,0.833,3,0.407,0.2198,LOW,DEMO
32.2,483.2,121.1,30.5,70.9,101.0,121.1,0.405,1,1,0.52,1,0.249,0.4111,MEDIUM,DEMO
32.8,1800.8,122.6,15.3,73.6,103.8,122.6,0.515,0,2,0.461,2,0.028,0.3367,MEDIUM,DEMO
30.0,806.2,38.9,3.3,11.4,22.6,38.9,0.316,0,2,0.818,2,0.424,0.1341,LOW,DEMO
56.9,1218.8,41.6,4.0,17.0,33.3,41.6,0.387,2,1,0.126,2,0.452,0.3892,MEDIUM,DEMO
40.5,2126.1,82.3,10.6,24.9,54.7,82.3,0.445,0,0,0.759,0,0.11,0.2913,MEDIUM,DEMO
16.6,2168.1,52.2,6.5,18.6,38.1,52.2,0.26,0,3,0.345,0,0.18,0.1108,LOW,DEMO
48.5,438.4,88.2,8.1,30.9,58.5,88.2,0.48,1,3,0.607,3,0.255,0.327,MEDIUM,DEMO
32.9,2821.4,169.0,32.1,75.5,113.3,169.0,0.659,0,0,0.366,2,0.227,0.5539,HIGH,DEMO
15.6,102.7,40.4,6.1,14.3,24.1,40.4,0.377,3,1,0.517,2,0.406,0.1479,LOW,DEMO
35.1,505.7,127.1,22.2,62.1,91.7,127.1,0.54,2,0,0.734,1,0.222,0.4626,MEDIUM,DEMO
31.0,2115.3,35.3,4.2,15.0,25.2,35.3,0.303,1,3,0.258,1,0.256,0.1566,LOW,DEMO
49.4,369.0,44.3,6.2,16.6,26.9,44.3,0.308,0,0,0.625,2,0.731,0.337,MEDIUM,DEMO
23.2,367.0,82.8,13.7,28.5,59.0,82.8,0.414,1,3,0.803,1,0.117,0.2048,LOW,DEMO
46.5,404.4,107.3,13.3,61.7,90.3,107.3,0.495,2,1,0.805,1,0.088,0.4435,MEDIUM,DEMO
35.4,932.8,165.9,24.1,85.9,126.8,165.9,0.603,3,0,0.8,0,0.338,0.4944,MEDIUM,DEMO
14.4,599.2,201.0,21.6,75.7,139.6,201.0,0.601,1,3,0.514,0,0.28,0.3824,MEDIUM,DEMO
57.5,1247.6,60.2,10.6,27.2,49.6,60.2,0.335,2,1,0.703,1,0.29,0.4443,MEDIUM,DEMO
33.9,2107.6,73.4,10.8,27.4,53.0,73.4,0.312,0,1,0.46,1,0.146,0.2771,MEDIUM,DEMO
26.7,1089.3,91.3,9.8,37.4,53.9,91.3,0.452,2,0,0.47,1,0.33,0.2937,MEDIUM,DEMO
32.6,285.9,71.3,9.1,34.3,50.9,71.3,0.363,0,0,0.336,0,0.343,0.2453,LOW,DEMO
48.2,2508.5,59.7,10.9,22.8,36.1,59.7,0.346,0,3,0.337,3,0.065,0.2895,MEDIUM,DEMO
27.2,356.5,49.9,8.7,20.3,38.9,49.9,0.429,1,1,0.149,2,0.091,0.2071,LOW,DEMO
22.7,226.2,108.2,21.9,45.6,90.9,108.2,0.481,0,0,0.524,0,0.132,0.2984,MEDIUM,DEMO
19.5,164.8,166.7,22.9,51.0,109.7,166.7,0.576,2,0,0.355,0,0.016,0.3991,MEDIUM,DEMO
27.0,825.8,21.7,2.2,6.8,14.8,21.7,0.332,3,1,0.263,1,0.224,0.1497,LOW,DEMO
44.1,188.7,63.1,5.1,21.6,42.7,63.1,0.438,1,0,0.213,0,0.201,0.2863,MEDIUM,DEMO
32.7,214.5,22.1,2.6,6.8,14.1,22.1,0.21,1,0,0.384,0,0.073,0.1359,LOW,DEMO
24.2,401.0,104.2,15.5,50.6,82.1,104.2,0.415,0,0,0.803,2,0.07,0.285,MEDIUM,DEMO
21.4,377.7,43.5,5.8,17.8,32.0,43.5,0.319,1,1,0.512,0,0.565,0.1446,LOW,DEMO
28.2,914.3,152.8,16.6,50.7,87.0,152.8,0.485,1,0,0.543,1,0.072,0.4414,MEDIUM,DEMO
54.1,1607.2,66.5,16.1,33.5,53.3,66.5,0.36,1,0,0.161,1,0.081,0.5083,HIGH,DEMO
28.6,1369.5,105.0,9.1,41.2,63.7,105.0,0.367,2,0,0.515,0,0.49,0.2707,MEDIUM,DEMO
60.2,354.0,39.7,5.6,21.6,33.5,39.7,0.37,2,2,0.627,0,0.018,0.2882,MEDIUM,DEMO
33.1,333.3,80.6,10.8,28.2,53.4,80.6,0.374,0,2,0.235,3,0.275,0.2452,LOW,DEMO
22.0,3117.8,80.0,18.9,40.7,58.8,80.0,0.409,2,2,0.868,0,0.516,0.2057,LOW,DEMO
50.3,87.4,95.0,18.8,39.5,54.5,95.0,0.429,3,1,0.815,2,0.102,0.4685,MEDIUM,DEMO
32.3,1986.1,47.4,6.2,16.9,31.0,47.4,0.366,0,2,0.875,3,0.298,0.1516,LOW,DEMO
41.0,280.5,144.7,11.0,52.1,114.4,144.7,0.396,1,1,0.394,0,0.115,0.4037,MEDIUM,DEMO
59.3,2728.6,91.5,14.1,45.6,63.4,91.5,0.442,2,1,0.745,2,0.082,0.5249,HIGH,DEMO
14.0,457.1,161.8,46.0,96.6,132.9,161.8,0.537,2,0,0.37,2,0.195,0.4198,MEDIUM,DEMO
17.5,602.4,24.5,2.9,8.2,17.7,24.5,0.316,1,0,0.689,1,0.85,0.1477,LOW,DEMO
41.5,1185.2,81.0,12.7,30.3,67.1,81.0,0.341,2,0,0.84,1,0.217,0.3529,MEDIUM,DEMO
26.4,877.3,64.8,10.7,38.0,54.7,64.8,0.391,1,1,0.238,0,0.358,0.2137,LOW,DEMO
22.3,424.4,203.7,15.7,75.5,139.8,203.7,0.693,1,3,0.227,0,0.387,0.4365,MEDIUM,DEMO
13.0,806.4,109.7,21.4,57.2,79.0,109.7,0.463,2,0,0.199,2,0.166,0.3288,MEDIUM,DEMO
10.9,1260.8,72.0,13.4,29.7,57.6,72.0,0.348,3,1,0.727,1,0.58,0.2287,LOW,DEMO
43.9,118.9,105.6,22.9,46.1,65.1,105.6,0.412,2,1,0.627,0,0.111,0.4026,MEDIUM,DEMO
19.8,90.1,54.5,9.4,20.7,44.0,54.5,0.38,3,1,0.517,3,0.507,0.1828,LOW,DEMO
32.5,631.4,97.4,13.7,37.4,70.9,97.4,0.459,1,0,0.708,3,0.301,0.3229,MEDIUM,DEMO
37.1,207.2,273.3,59.6,155.7,209.8,273.3,0.775,0,0,0.766,0,0.096,0.5875,HIGH,DEMO
31.3,1062.5,49.5,6.6,14.8,28.4,49.5,0.34,1,0,0.842,3,0.142,0.1802,LOW,DEMO
11.6,296.8,80.1,6.3,30.6,62.5,80.1,0.409,0,3,0.273,0,0.215,0.141,LOW,DEMO
44.3,590.4,42.3,9.3,19.2,27.2,42.3,0.325,2,0,0.456,1,0.171,0.3065,MEDIUM,DEMO
9.1,278.2,37.1,5.1,14.3,29.4,37.1,0.3,0,1,0.821,2,0.393,0.1265,LOW,DEMO
43.3,795.6,127.9,20.9,43.1,89.9,127.9,0.525,1,3,0.471,0,0.274,0.4225,MEDIUM,DEMO
50.5,191.0,30.7,4.6,10.6,19.4,30.7,0.323,2,1,0.491,1,0.227,0.2906,MEDIUM,DEMO
31.5,101.0,96.5,12.7,51.7,80.6,96.5,0.494,1,1,0.836,1,0.684,0.3439,MEDIUM,DEMO
34.7,127.2,123.1,15.9,63.6,95.9,123.1,0.534,0,0,0.678,2,0.127,0.411,MEDIUM,DEMO
32.8,2856.3,56.0,10.4,33.9,47.4,56.0,0.368,3,1,0.54,1,0.284,0.2514,MEDIUM,DEMO
30.1,218.1,158.3,17.8,63.9,104.4,158.3,0.574,2,1,0.392,1,0.17,0.4922,MEDIUM,DEMO
50.1,1189.4,149.9,21.0,63.4,111.6,149.9,0.481,2,2,0.816,2,0.499,0.5563,HIGH,DEMO
50.5,143.3,55.8,8.7,22.8,41.0,55.8,0.35,2,1,0.127,2,0.148,0.3651,MEDIUM,DEMO
28.3,183.0,27.1,4.8,14.4,20.5,27.1,0.317,1,1,0.364,1,0.085,0.1609,LOW,DEMO
37.4,720.0,101.2,8.2,37.9,56.8,101.2,0.359,1,3,0.839,1,0.34,0.2712,MEDIUM,DEMO
53.0,642.7,70.6,16.0,32.5,45.0,70.6,0.402,0,2,0.499,0,0.525,0.3988,MEDIUM,DEMO
56.3,2805.1,83.3,16.6,50.7,68.5,83.3,0.357,2,1,0.594,0,0.237,0.4735,MEDIUM,DEMO
33.8,2687.7,100.5,16.7,36.8,68.1,100.5,0.394,1,1,0.525,3,0.232,0.344,MEDIUM,DEMO
32.1,1441.1,23.3,2.6,11.9,19.5,23.3,0.267,2,2,0.422,0,0.258,0.1138,LOW,DEMO
26.2,909.4,53.7,9.3,21.1,33.0,53.7,0.348,1,2,0.626,0,0.337,0.1468,LOW,DEMO
56.0,626.2,191.1,20.4,81.0,162.2,191.1,0.538,2,0,0.703,1,0.263,0.749,HIGH,DEMO
20.2,476.3,85.0,12.1,30.1,64.5,85.0,0.451,0,1,0.397,2,0.368,0.251,MEDIUM,DEMO
36.2,2725.2,104.9,23.2,58.3,82.1,104.9,0.454,2,0,0.569,2,0.164,0.4048,MEDIUM,DEMO
26.4,911.2,80.3,15.5,32.8,53.7,80.3,0.495,2,1,0.183,2,0.165,0.2987,MEDIUM,DEMO
26.3,858.8,102.9,15.6,52.6,84.6,102.9,0.456,2,3,0.536,3,0.278,0.2584,MEDIUM,DEMO
30.6,317.5,148.0,15.1,65.1,105.6,148.0,0.553,2,0,0.688,0,0.125,0.3859,MEDIUM,DEMO
63.5,123.0,14.2,3.3,7.3,10.7,14.2,0.234,1,0,0.565,1,0.19,0.3443,MEDIUM,DEMO
14.4,2693.5,118.1,10.1,33.7,68.3,118.1,0.41,1,0,0.788,3,0.377,0.249,LOW,DEMO
36.1,418.8,71.2,9.0,33.4,52.7,71.2,0.413,0,0,0.338,1,0.083,0.3005,MEDIUM,DEMO
16.6,606.0,130.8,21.8,62.9,106.5,130.8,0.438,1,0,0.494,3,0.181,0.3338,MEDIUM,DEMO
20.8,189.6,57.4,6.1,24.9,34.7,57.4,0.389,2,1,0.186,0,0.036,0.1519,LOW,DEMO
31.7,1712.2,55.8,7.5,26.1,43.1,55.8,0.439,3,2,0.652,1,0.244,0.1944,LOW,DEMO
33.9,105.2,29.8,3.8,12.2,16.6,29.8,0.353,1,3,0.457,3,0.349,0.143,LOW,DEMO
25.5,1696.1,72.5,9.4,33.4,60.0,72.5,0.413,2,0,0.523,0,0.15,0.2012,LOW,DEMO
27.6,216.0,28.3,5.9,17.7,23.9,28.3,0.316,2,2,0.218,3,0.273,0.1367,LOW,DEMO
16.9,2038.9,68.3,10.1,31.9,44.8,68.3,0.358,3,0,0.878,0,0.222,0.1605,LOW,DEMO
27.2,1257.6,83.2,13.1,30.3,48.5,83.2,0.399,2,0,0.707,0,0.78,0.269,MEDIUM,DEMO
56.9,241.9,44.8,8.9,18.6,33.5,44.8,0.305,2,3,0.424,1,0.562,0.3783,MEDIUM,DEMO
54.5,830.9,21.1,1.5,6.6,11.8,21.1,0.223,0,0,0.553,0,0.403,0.2558,MEDIUM,DEMO
28.3,417.4,16.8,3.6,8.0,11.7,16.8,0.283,1,0,0.59,0,0.022,0.116,LOW,DEMO
35.9,256.7,35.8,6.8,14.1,22.6,35.8,0.372,1,0,0.85,0,0.218,0.1762,LOW,DEMO
51.6,1844.3,15.8,2.5,6.2,10.9,15.8,0.215,3,3,0.704,1,0.415,0.2164,LOW,DEMO
8.2,545.0,81.8,14.5,29.1,45.4,81.8,0.472,1,0,0.386,1,0.073,0.2619,MEDIUM,DEMO
45.6,537.6,277.9,31.6,105.3,157.1,277.9,0.827,1,0,0.863,3,0.162,0.6905,HIGH,DEMO
54.9,247.6,29.4,3.3,7.4,16.3,29.4,0.324,3,1,0.349,3,0.826,0.3378,MEDIUM,DEMO
17.2,514.7,318.2,44.9,111.7,234.1,318.2,0.861,2,0,0.558,2,0.175,0.552,HIGH,DEMO
21.2,1927.5,79.8,8.1,27.4,57.3,79.8,0.389,2,0,0.653,2,0.521,0.2237,LOW,DEMO
56.2,486.1,90.8,12.0,29.3,56.3,90.8,0.421,0,0,0.326,0,0.021,0.4729,MEDIUM,DEMO
34.7,2805.5,22.2,3.4,9.6,16.5,22.2,0.268,0,1,0.847,1,0.286,0.1619,LOW,DEMO
9.8,2712.1,84.2,12.2,47.4,68.7,84.2,0.408,0,1,0.284,0,0.231,0.2056,LOW,DEMO
25.4,220.9,51.3,4.6,18.1,32.5,51.3,0.352,2,2,0.456,1,0.432,0.161,LOW,DEMO
32.0,255.7,183.7,27.7,66.9,146.9,183.7,0.685,1,0,0.257,1,0.183,0.6027,HIGH,DEMO
40.3,1866.9,16.9,3.1,7.5,12.6,16.9,0.31,0,1,0.785,2,0.403,0.1792,LOW,DEMO
42.0,528.9,52.0,7.8,21.8,29.1,52.0,0.336,2,1,0.288,2,0.212,0.278,MEDIUM,DEMO
62.0,83.9,40.7,5.2,14.9,26.9,40.7,0.321,0,0,0.146,0,0.07,0.3758,MEDIUM,DEMO
26.6,368.0,93.3,12.3,48.4,65.5,93.3,0.388,1,1,0.15,0,0.336,0.2654,MEDIUM,DEMO
34.8,899.3,9.2,1.1,3.4,7.1,9.2,0.24,2,2,0.434,0,0.307,0.1068,LOW,DEMO
34.6,1525.2,180.3,26.6,57.6,114.7,180.3,0.63,2,3,0.517,3,0.087,0.4747,MEDIUM,DEMO
30.6,208.8,90.9,23.4,51.2,76.8,90.9,0.394,3,1,0.152,1,0.174,0.3658,MEDIUM,DEMO
21.6,185.4,86.9,15.7,39.4,65.6,86.9,0.38,1,3,0.191,0,0.151,0.2048,LOW,DEMO
58.3,2377.0,30.5,6.9,13.7,20.2,30.5,0.277,1,2,0.194,0,0.064,0.288,MEDIUM,DEMO
48.0,1331.8,122.1,23.5,50.1,70.7,122.1,0.44,0,3,0.628,1,0.285,0.4876,MEDIUM,DEMO
33.5,882.0,114.4,8.8,36.3,69.2,114.4,0.519,1,2,0.348,0,0.422,0.2817,MEDIUM,DEMO
37.0,1399.5,156.3,22.8,71.3,108.8,156.3,0.547,3,0,0.548,1,0.144,0.5388,HIGH,DEMO
24.2,584.1,60.3,6.4,26.6,42.1,60.3,0.348,3,0,0.176,1,0.055,0.2085,LOW,DEMO
34.9,1358.6,20.9,3.9,11.6,16.3,20.9,0.29,3,2,0.798,0,0.148,0.1118,LOW,DEMO
40.4,498.4,46.2,8.9,20.5,35.5,46.2,0.347,1,1,0.351,0,0.041,0.2254,LOW,DEMO
34.0,331.9,133.9,9.4,38.0,81.7,133.9,0.461,2,0,0.711,0,0.315,0.3372,MEDIUM,DEMO
60.6,1255.1,52.3,11.0,23.7,38.1,52.3,0.278,1,1,0.748,1,0.22,0.4507,MEDIUM,DEMO
37.3,569.7,230.3,35.0,94.5,128.1,230.3,0.745,1,3,0.871,0,0.325,0.5197,HIGH,DEMO
29.5,3665.0,124.0,16.0,37.7,83.0,124.0,0.53,0,0,0.683,3,0.408,0.3853,MEDIUM,DEMO
43.8,467.0,211.3,18.4,85.9,164.6,211.3,0.661,0,1,0.457,1,0.135,0.6744,HIGH,DEMO
21.6,2372.8,54.4,4.5,19.8,36.4,54.4,0.397,1,1,0.236,1,0.411,0.1909,LOW,DEMO
30.0,2512.3,98.7,20.7,53.7,79.0,98.7,0.529,0,0,0.156,1,0.217,0.4121,MEDIUM,DEMO
28.7,329.2,36.1,7.5,16.6,30.4,36.1,0.29,3,0,0.794,0,0.404,0.1568,LOW,DEMO
31.4,1520.5,128.2,22.6,49.0,93.8,128.2,0.432,2,3,0.459,3,0.231,0.3416,MEDIUM,DEMO
44.2,590.8,103.5,16.1,39.6,61.4,103.5,0.475,2,3,0.69,3,0.211,0.3693,MEDIUM,DEMO
33.0,2325.7,119.6,9.6,36.8,79.4,119.6,0.399,0,3,0.497,0,0.475,0.2659,MEDIUM,DEMO
44.8,618.3,57.9,4.1,16.0,32.0,57.9,0.359,2,0,0.789,2,0.249,0.2701,MEDIUM,DEMO
36.0,1307.4,82.0,15.9,34.3,59.9,82.0,0.387,2,0,0.69,0,0.069,0.2932,MEDIUM,DEMO
28.5,646.3,79.1,8.2,35.1,63.0,79.1,0.431,1,3,0.185,2,0.158,0.2103,LOW,DEMO
45.6,312.7,58.1,9.7,23.8,42.9,58.1,0.334,2,3,0.692,0,0.176,0.2273,LOW,DEMO
24.6,280.1,85.2,11.6,32.3,67.0,85.2,0.468,3,2,0.323,0,0.135,0.1974,LOW,DEMO
24.1,578.7,95.2,13.7,42.0,75.2,95.2,0.389,2,0,0.708,1,0.229,0.2871,MEDIUM,DEMO
33.7,1347.7,106.6,19.6,59.2,85.8,106.6,0.483,1,1,0.841,1,0.492,0.4028,MEDIUM,DEMO
25.6,916.1,57.1,10.0,20.7,36.0,57.1,0.323,1,2,0.827,0,0.103,0.1337,LOW,DEMO
8.8,1130.1,123.8,28.8,62.9,100.5,123.8,0.507,1,1,0.215,1,0.243,0.3658,MEDIUM,DEMO
38.6,378.6,118.8,20.3,44.2,88.7,118.8,0.42,3,1,0.162,0,0.274,0.4274,MEDIUM,DEMO
33.9,671.0,107.9,10.4,32.4,68.7,107.9,0.449,2,2,0.711,1,0.042,0.2787,MEDIUM,DEMO
31.9,120.9,129.9,18.2,78.5,109.9,129.9,0.557,0,2,0.66,0,0.153,0.3318,MEDIUM,DEMO
56.9,1611.1,66.8,15.3,30.6,55.8,66.8,0.38,2,0,0.254,3,0.171,0.5014,HIGH,DEMO
35.9,4200.0,32.3,3.2,12.9,23.3,32.3,0.369,0,0,0.64,0,0.267,0.1654,LOW,DEMO
48.6,550.1,119.1,24.2,68.2,95.6,119.1,0.47,1,2,0.132,3,0.093,0.4883,MEDIUM,DEMO
20.0,89.9,50.3,5.9,20.9,31.6,50.3,0.318,2,0,0.6,0,0.173,0.1376,LOW,DEMO
35.8,247.5,21.9,3.5,10.0,14.8,21.9,0.299,1,3,0.753,0,0.126,0.1115,LOW,DEMO
48.8,1031.4,51.3,5.9,20.3,31.1,51.3,0.376,1,2,0.608,1,0.201,0.2753,MEDIUM,DEMO
36.3,932.3,84.0,13.4,28.6,59.3,84.0,0.311,1,3,0.17,1,0.057,0.2908,MEDIUM,DEMO
41.4,1475.5,171.7,43.4,88.5,120.0,171.7,0.595,1,0,0.873,1,0.45,0.6113,HIGH,DEMO
29.6,343.6,95.7,13.7,42.5,58.7,95.7,0.381,2,0,0.391,0,0.115,0.279,MEDIUM,DEMO
17.2,1378.1,129.4,11.2,50.7,97.3,129.4,0.431,2,0,0.409,0,0.296,0.2744,MEDIUM,DEMO
32.2,1128.2,117.5,19.0,47.5,68.8,117.5,0.495,2,1,0.184,0,0.208,0.3819,MEDIUM,DEMO
30.3,430.8,92.7,9.5,30.2,52.7,92.7,0.489,1,0,0.247,3,0.179,0.2945,MEDIUM,DEMO
48.8,789.7,63.2,13.7,27.6,42.1,63.2,0.378,2,0,0.326,2,0.001,0.3963,MEDIUM,DEMO
24.9,223.4,36.0,2.7,12.1,24.2,36.0,0.249,0,0,0.727,2,0.102,0.1331,LOW,DEMO
56.9,622.3,247.4,23.0,97.7,159.8,247.4,0.676,0,1,0.646,0,0.533,0.7476,HIGH,DEMO
55.9,1997.3,52.3,6.6,16.0,32.8,52.3,0.326,1,1,0.564,2,0.178,0.3632,MEDIUM,DEMO
25.0,572.1,62.4,10.6,24.8,40.7,62.4,0.376,1,1,0.777,2,0.347,0.2037,LOW,DEMO
28.7,1726.9,70.0,7.5,21.9,41.9,70.0,0.376,0,0,0.878,0,0.291,0.189,LOW,DEMO
50.6,883.0,51.4,5.7,20.2,34.5,51.4,0.37,0,3,0.412,0,0.544,0.2667,MEDIUM,DEMO
56.9,271.7,104.6,16.4,55.9,85.9,104.6,0.494,2,1,0.417,2,0.288,0.5885,HIGH,DEMO
31.8,863.1,52.0,6.9,22.9,32.1,52.0,0.364,1,0,0.679,1,0.426,0.2311,LOW,DEMO
27.8,714.7,61.4,6.2,23.2,46.4,61.4,0.409,0,0,0.61,1,0.413,0.2265,LOW,DEMO
34.4,537.7,49.2,9.5,20.9,29.2,49.2,0.328,1,0,0.13,0,0.581,0.2497,LOW,DEMO
40.1,194.7,60.5,4.9,22.5,39.7,60.5,0.527,1,0,0.618,0,0.534,0.2627,MEDIUM,DEMO
26.0,565.2,31.1,4.6,14.1,20.1,31.1,0.335,1,1,0.667,1,0.852,0.1781,LOW,DEMO
42.2,148.0,25.7,5.5,12.9,21.4,25.7,0.332,3,3,0.869,1,0.101,0.1724,LOW,DEMO
14.1,173.6,194.2,18.8,93.4,131.8,194.2,0.699,1,0,0.566,1,0.67,0.5547,HIGH,DEMO
13.9,563.9,129.9,29.6,63.8,98.3,129.9,0.496,3,2,0.64,2,0.643,0.3144,MEDIUM,DEMO
30.0,408.0,176.0,31.9,77.5,128.6,176.0,0.544,0,3,0.719,2,0.108,0.4173,MEDIUM,DEMO
28.9,2417.8,185.6,13.3,59.8,109.9,185.6,0.66,0,0,0.193,0,0.297,0.4957,MEDIUM,DEMO
27.6,504.0,39.5,11.4,24.3,32.8,39.5,0.392,2,0,0.678,0,0.021,0.1686,LOW,DEMO
33.3,1356.4,171.3,26.8,77.3,112.0,171.3,0.576,2,1,0.536,0,0.532,0.5002,HIGH,DEMO
27.8,760.0,144.1,18.1,45.8,81.2,144.1,0.606,1,3,0.196,0,0.166,0.362,MEDIUM,DEMO
22.6,1175.9,60.2,8.9,19.3,38.5,60.2,0.358,1,0,0.629,3,0.194,0.1839,LOW,DEMO
27.4,351.1,95.1,19.6,42.3,61.9,95.1,0.473,2,1,0.298,0,0.36,0.3151,MEDIUM,DEMO
58.0,2641.1,127.1,17.7,54.9,73.5,127.1,0.562,3,2,0.529,3,0.029,0.5762,HIGH,DEMO
30.8,759.7,110.6,11.8,43.4,81.4,110.6,0.46,3,1,0.334,0,0.421,0.3136,MEDIUM,DEMO
31.8,1681.8,70.4,9.2,33.4,46.0,70.4,0.404,2,1,0.199,0,0.64,0.2571,MEDIUM,DEMO
36.0,488.8,84.8,13.1,30.6,62.7,84.8,0.459,2,1,0.311,0,0.166,0.301,MEDIUM,DEMO
59.3,175.0,102.3,19.9,41.5,56.5,102.3,0.422,2,1,0.453,0,0.637,0.5979,HIGH,DEMO
24.8,1088.0,58.9,7.4,33.5,49.8,58.9,0.319,2,1,0.496,0,0.068,0.1561,LOW,DEMO
39.9,87.0,109.5,7.5,36.5,65.8,109.5,0.52,3,0,0.233,0,0.494,0.3762,MEDIUM,DEMO
41.3,660.4,46.3,8.4,18.7,34.6,46.3,0.351,2,1,0.364,1,0.539,0.3014,MEDIUM,DEMO
37.1,272.8,174.7,27.1,85.9,133.6,174.7,0.549,2,0,0.773,0,0.204,0.5051,HIGH,DEMO
17.0,968.5,140.0,15.0,52.9,84.2,140.0,0.515,1,3,0.812,3,0.068,0.2521,MEDIUM,DEMO
39.7,3575.1,128.8,14.0,54.5,75.1,128.8,0.515,1,0,0.527,1,0.252,0.4805,MEDIUM,DEMO
15.2,641.9,97.9,12.1,39.7,58.3,97.9,0.353,3,0,0.493,3,0.303,0.2403,LOW,DEMO
36.7,1610.9,88.8,16.7,33.9,55.4,88.8,0.451,1,0,0.562,0,0.119,0.3323,MEDIUM,DEMO
42.3,718.0,143.2,30.9,62.6,86.0,143.2,0.536,0,3,0.283,0,0.133,0.4458,MEDIUM,DEMO
23.5,696.4,33.6,4.7,15.9,25.3,33.6,0.395,1,1,0.875,2,0.402,0.1406,LOW,DEMO
47.3,2478.8,42.3,9.9,20.2,28.6,42.3,0.318,3,1,0.686,1,0.1,0.3009,MEDIUM,DEMO
12.0,2066.3,111.1,16.1,55.5,79.1,111.1,0.525,2,3,0.301,3,0.348,0.2611,MEDIUM,DEMO
47.4,1466.8,74.7,14.0,30.6,42.2,74.7,0.387,0,3,0.327,0,0.161,0.3173,MEDIUM,DEMO
32.3,396.2,51.5,5.2,19.6,41.6,51.5,0.353,0,1,0.613,0,0.13,0.1649,LOW,DEMO
23.8,788.7,149.9,25.2,56.3,90.1,149.9,0.542,2,1,0.365,3,0.117,0.4,MEDIUM,DEMO
19.7,308.1,83.3,9.9,32.4,54.8,83.3,0.509,1,3,0.39,2,0.672,0.2172,LOW,DEMO
55.4,608.2,94.9,8.4,32.4,54.2,94.9,0.364,0,0,0.714,2,0.495,0.4816,MEDIUM,DEMO
15.8,675.9,152.2,25.4,52.9,90.0,152.2,0.557,3,1,0.323,0,0.1,0.3528,MEDIUM,DEMO
23.0,1683.5,69.7,9.7,36.6,52.2,69.7,0.381,2,2,0.656,0,0.172,0.148,LOW,DEMO
28.7,2117.3,232.4,47.8,96.1,176.1,232.4,0.68,2,1,0.831,1,0.189,0.5467,HIGH,DEMO
37.6,561.9,35.9,3.7,15.9,27.0,35.9,0.346,3,0,0.214,3,0.43,0.2215,LOW,DEMO
35.0,96.1,149.4,11.1,54.5,106.9,149.4,0.583,1,0,0.23,3,0.207,0.4536,MEDIUM,DEMO
19.3,1861.0,53.8,10.9,23.6,44.9,53.8,0.376,1,2,0.837,0,0.616,0.1403,LOW,DEMO
26.7,252.3,135.1,23.1,61.5,94.9,135.1,0.563,1,0,0.275,0,0.496,0.4188,MEDIUM,DEMO
24.7,955.3,46.8,5.1,15.6,32.1,46.8,0.324,3,3,0.136,0,0.119,0.1231,LOW,DEMO
23.6,102.8,25.5,1.8,8.1,15.9,25.5,0.295,0,0,0.78,2,0.219,0.1218,LOW,DEMO
30.8,539.0,136.2,17.9,48.0,78.9,136.2,0.453,2,1,0.335,2,0.614,0.4553,MEDIUM,DEMO
40.8,3919.3,60.4,6.4,20.0,43.2,60.4,0.461,1,1,0.347,0,0.544,0.2709,MEDIUM,DEMO
23.8,175.5,26.3,2.9,8.3,17.0,26.3,0.29,2,0,0.292,1,0.309,0.1558,LOW,DEMO
29.4,576.0,140.1,27.3,70.3,99.1,140.1,0.495,2,0,0.817,1,0.713,0.469,MEDIUM,DEMO
30.2,410.2,88.4,14.9,38.1,54.1,88.4,0.445,0,0,0.709,1,0.207,0.3226,MEDIUM,DEMO
58.2,2199.3,60.3,13.1,26.8,48.3,60.3,0.417,1,1,0.574,1,0.079,0.4747,MEDIUM,DEMO
55.5,1911.6,98.1,18.3,46.2,83.4,98.1,0.398,0,1,0.464,0,0.341,0.5263,HIGH,DEMO
45.1,324.3,69.3,9.9,32.8,44.8,69.3,0.438,1,1,0.229,1,0.093,0.3679,MEDIUM,DEMO
24.8,156.2,63.8,7.0,23.4,51.2,63.8,0.353,3,0,0.824,2,0.519,0.1997,LOW,DEMO
15.5,967.9,126.3,22.0,64.0,102.5,126.3,0.556,0,0,0.69,0,0.279,0.3133,MEDIUM,DEMO
27.7,449.0,89.1,13.2,47.6,75.6,89.1,0.388,1,1,0.332,3,0.462,0.2891,MEDIUM,DEMO
25.8,1083.5,44.7,6.3,20.0,29.2,44.7,0.37,3,0,0.84,0,0.431,0.1535,LOW,DEMO
33.7,109.4,76.2,19.7,43.5,59.2,76.2,0.394,3,0,0.831,1,0.231,0.3365,MEDIUM,DEMO
44.0,208.9,125.1,19.7,43.1,77.4,125.1,0.426,2,1,0.621,1,0.498,0.5279,HIGH,DEMO
48.3,1123.6,34.9,5.8,15.0,25.7,34.9,0.244,2,1,0.869,0,0.362,0.227,LOW,DEMO
47.5,294.9,158.2,29.4,78.5,120.5,158.2,0.507,1,0,0.262,1,0.051,0.6356,HIGH,DEMO
29.1,1834.1,87.0,16.3,49.8,67.2,87.0,0.461,1,0,0.676,3,0.199,0.3008,MEDIUM,DEMO
40.1,134.3,82.7,14.2,36.3,50.6,82.7,0.306,0,2,0.236,3,0.059,0.2965,MEDIUM,DEMO
27.5,298.4,85.5,19.7,44.7,68.8,85.5,0.425,1,3,0.646,0,0.556,0.2436,LOW,DEMO
14.9,4200.0,199.9,40.3,95.6,135.2,199.9,0.634,1,0,0.819,1,0.291,0.496,MEDIUM,DEMO
40.7,590.8,76.5,4.7,22.4,47.0,76.5,0.308,1,0,0.527,2,0.093,0.2733,MEDIUM,DEMO
9.0,1172.5,60.8,10.2,24.4,43.3,60.8,0.323,0,2,0.7,0,0.057,0.1202,LOW,DEMO
30.7,261.5,70.2,10.7,25.8,56.8,70.2,0.34,0,3,0.229,1,0.444,0.2434,LOW,DEMO
28.1,927.1,136.1,13.2,57.6,114.4,136.1,0.505,0,0,0.601,1,0.589,0.4205,MEDIUM,DEMO
40.4,1245.5,114.0,13.8,56.4,88.3,114.0,0.535,3,2,0.168,1,0.215,0.4204,MEDIUM,DEMO
43.5,419.8,77.3,13.3,30.5,42.6,77.3,0.447,3,1,0.148,0,0.025,0.3436,MEDIUM,DEMO
27.2,1668.9,260.4,36.2,98.4,153.7,260.4,0.716,0,0,0.602,1,0.516,0.6014,HIGH,DEMO
45.7,912.4,108.3,18.0,40.3,62.0,108.3,0.41,0,1,0.555,0,0.334,0.4446,MEDIUM,DEMO
26.8,523.6,40.6,2.9,11.3,23.6,40.6,0.247,3,1,0.37,0,0.297,0.1364,LOW,DEMO
31.9,814.1,14.7,1.3,6.4,9.8,14.7,0.258,0,0,0.51,0,0.508,0.1348,LOW,DEMO
41.8,853.8,115.0,10.9,43.9,74.9,115.0,0.419,3,0,0.64,1,0.602,0.4508,MEDIUM,DEMO
40.3,242.9,63.8,8.1,24.0,37.3,63.8,0.367,1,3,0.61,3,0.392,0.2289,LOW,DEMO
60.0,543.9,24.8,3.9,11.1,20.2,24.8,0.296,1,3,0.176,1,0.002,0.3133,MEDIUM,DEMO
24.1,458.7,71.9,15.1,33.0,52.8,71.9,0.36,2,0,0.635,3,0.444,0.2521,MEDIUM,DEMO
39.1,541.1,119.8,22.6,54.6,94.5,119.8,0.45,0,1,0.621,1,0.262,0.4617,MEDIUM,DEMO
37.2,1368.6,68.4,13.9,27.9,45.3,68.4,0.342,0,0,0.629,2,0.089,0.2984,MEDIUM,DEMO
52.0,672.9,74.8,5.6,24.9,50.4,74.8,0.363,2,1,0.764,2,0.171,0.3478,MEDIUM,DEMO
20.9,2616.8,13.5,1.2,5.0,8.7,13.5,0.347,3,3,0.558,2,0.048,0.0834,LOW,DEMO
42.8,392.9,115.1,9.9,44.1,78.4,115.1,0.49,2,0,0.833,2,0.262,0.4048,MEDIUM,DEMO
35.8,563.6,20.5,3.6,10.1,15.0,20.5,0.315,2,0,0.865,1,0.392,0.1812,LOW,DEMO
26.1,1471.6,51.2,6.6,23.6,35.7,51.2,0.396,3,2,0.691,1,0.128,0.1538,LOW,DEMO
32.7,790.7,92.0,21.6,53.3,73.8,92.0,0.467,0,2,0.393,0,0.241,0.2868,MEDIUM,DEMO
28.3,792.7,44.0,5.5,23.1,36.1,44.0,0.403,1,1,0.229,1,0.36,0.2071,LOW,DEMO
36.1,129.3,50.6,4.4,19.0,35.0,50.6,0.373,0,2,0.743,1,0.382,0.1899,LOW,DEMO
50.2,537.6,89.4,12.9,38.1,55.6,89.4,0.426,0,3,0.231,2,0.244,0.4096,MEDIUM,DEMO
35.8,364.1,94.0,14.7,46.9,78.4,94.0,0.395,2,1,0.231,3,0.212,0.3483,MEDIUM,DEMO
38.0,4200.0,78.8,13.8,30.9,60.7,78.8,0.355,0,0,0.818,0,0.321,0.2921,MEDIUM,DEMO
34.1,411.8,12.3,2.8,6.2,9.1,12.3,0.317,0,1,0.546,2,0.429,0.1562,LOW,DEMO
14.1,2022.6,16.7,1.5,6.3,12.9,16.7,0.276,1,2,0.343,3,0.216,0.085,LOW,DEMO
24.4,1095.0,136.1,17.4,39.2,77.9,136.1,0.435,0,0,0.852,3,0.515,0.3699,MEDIUM,DEMO
33.3,455.2,59.4,8.5,22.9,33.9,59.4,0.256,0,0,0.658,2,0.4,0.2368,LOW,DEMO
27.4,785.8,287.0,40.9,116.5,171.0,287.0,0.89,0,0,0.526,0,0.065,0.568,HIGH,DEMO
22.2,1732.3,89.6,8.4,36.6,53.3,89.6,0.367,3,0,0.37,0,0.044,0.2017,LOW,DEMO
33.7,2013.9,229.7,35.3,83.6,155.3,229.7,0.642,2,2,0.634,0,0.099,0.4742,MEDIUM,DEMO
27.9,237.3,67.7,6.3,28.7,40.4,67.7,0.437,3,0,0.675,3,0.322,0.2079,LOW,DEMO
25.4,453.4,54.4,8.3,29.3,43.9,54.4,0.291,3,2,0.661,2,0.132,0.1479,LOW,DEMO
32.4,447.5,116.0,13.4,58.8,83.9,116.0,0.492,3,0,0.268,1,0.052,0.3961,MEDIUM,DEMO
19.7,118.7,153.0,24.1,67.0,101.1,153.0,0.625,0,3,0.65,3,0.106,0.3307,MEDIUM,DEMO
53.0,900.7,68.0,9.5,24.2,38.8,68.0,0.482,3,1,0.562,0,0.118,0.3653,MEDIUM,DEMO
48.8,1816.8,113.7,18.7,39.9,82.7,113.7,0.439,1,0,0.766,1,0.516,0.5598,HIGH,DEMO
40.9,512.5,20.6,3.4,8.0,12.0,20.6,0.288,0,2,0.595,1,0.602,0.1864,LOW,DEMO
18.1,1292.5,40.6,10.1,20.6,31.3,40.6,0.305,2,1,0.231,0,0.334,0.1532,LOW,DEMO
43.9,969.3,100.2,18.4,43.1,79.2,100.2,0.435,1,1,0.362,1,0.458,0.498,MEDIUM,DEMO
45.5,503.9,59.7,8.3,28.5,42.6,59.7,0.426,0,3,0.685,0,0.555,0.2495,LOW,DEMO
43.6,216.9,91.9,12.2,33.6,54.7,91.9,0.351,0,1,0.682,2,0.163,0.3594,MEDIUM,DEMO
18.6,1192.0,101.2,16.6,49.1,79.5,101.2,0.47,1,2,0.289,1,0.449,0.2894,MEDIUM,DEMO
38.4,1815.2,112.6,15.0,40.5,72.3,112.6,0.449,2,0,0.389,0,0.613,0.4191,MEDIUM,DEMO
46.9,1122.1,134.3,14.9,40.2,82.8,134.3,0.568,1,2,0.132,3,0.088,0.4909,MEDIUM,DEMO
36.1,96.2,136.3,19.9,48.5,94.2,136.3,0.569,2,0,0.372,1,0.158,0.5126,HIGH,DEMO
38.5,299.3,34.3,4.3,19.3,28.3,34.3,0.293,0,3,0.14,2,0.026,0.1713,LOW,DEMO
32.3,144.8,68.9,9.9,23.4,44.0,68.9,0.372,1,0,0.783,0,0.354,0.2244,LOW,DEMO
34.5,840.4,67.4,6.1,25.0,55.4,67.4,0.42,0,0,0.627,0,0.4,0.2253,LOW,DEMO
12.5,1351.3,73.8,6.5,31.3,41.8,73.8,0.436,3,3,0.857,3,0.287,0.1333,LOW,DEMO
38.3,185.5,63.6,6.7,18.8,36.6,63.6,0.244,3,0,0.798,1,0.338,0.2629,MEDIUM,DEMO
16.5,1720.0,77.0,14.2,37.8,58.5,77.0,0.437,1,0,0.579,1,0.223,0.2496,LOW,DEMO
31.5,809.7,49.5,4.6,21.9,30.0,49.5,0.424,3,1,0.502,1,0.341,0.2114,LOW,DEMO
26.8,1134.0,129.0,18.6,52.4,83.2,129.0,0.502,2,3,0.792,0,0.757,0.3173,MEDIUM,DEMO
35.0,3279.0,101.3,14.9,41.3,59.9,101.3,0.486,0,1,0.347,3,0.093,0.3523,MEDIUM,DEMO
19.7,158.7,49.1,5.1,23.7,31.9,49.1,0.405,1,0,0.29,0,0.048,0.1434,LOW,DEMO
40.3,2163.4,78.0,14.5,35.0,49.4,78.0,0.406,2,2,0.432,0,0.556,0.3005,MEDIUM,DEMO
44.9,201.3,216.2,27.1,102.9,166.7,216.2,0.692,1,1,0.16,3,0.391,0.6966,HIGH,DEMO
21.3,529.2,35.7,6.7,15.2,27.2,35.7,0.317,1,3,0.349,0,0.126,0.1068,LOW,DEMO
18.0,1796.1,41.6,6.1,20.7,34.8,41.6,0.325,1,1,0.184,3,0.104,0.1433,LOW,DEMO
20.4,2210.5,132.6,24.5,71.5,101.7,132.6,0.463,1,1,0.16,2,0.153,0.3695,MEDIUM,DEMO
49.4,715.4,188.9,47.3,101.1,143.2,188.9,0.609,0,1,0.539,1,0.095,0.6906,HIGH,DEMO
34.4,891.5,94.3,22.2,50.3,71.5,94.3,0.519,2,1,0.658,0,0.327,0.3394,MEDIUM,DEMO
32.5,1188.4,81.2,18.1,41.6,66.2,81.2,0.356,2,2,0.528,2,0.016,0.2672,MEDIUM,DEMO
18.1,1689.5,30.9,2.9,11.7,19.7,30.9,0.338,2,0,0.174,1,0.118,0.1459,LOW,DEMO
38.7,196.6,56.3,4.2,19.6,36.0,56.3,0.371,2,0,0.42,0,0.211,0.2188,LOW,DEMO
48.8,1575.0,54.2,7.2,18.9,41.9,54.2,0.424,1,0,0.204,3,0.03,0.3343,MEDIUM,DEMO
46.6,670.7,56.7,7.7,23.8,35.0,56.7,0.438,0,1,0.614,2,0.079,0.3004,MEDIUM,DEMO
37.8,619.1,45.2,9.4,19.8,37.2,45.2,0.288,3,0,0.748,3,0.21,0.2265,LOW,DEMO
16.0,576.3,29.3,3.5,11.4,20.8,29.3,0.276,1,0,0.209,1,0.252,0.1448,LOW,DEMO
18.5,720.6,116.7,17.0,52.5,74.7,116.7,0.441,2,3,0.171,0,0.165,0.2486,LOW,DEMO
13.9,2691.2,98.0,12.8,35.7,76.7,98.0,0.408,0,0,0.429,3,0.394,0.2585,MEDIUM,DEMO
25.4,795.1,29.4,6.1,13.8,18.9,29.4,0.285,0,3,0.351,1,0.262,0.137,LOW,DEMO
19.8,2835.3,78.6,8.3,29.7,66.0,78.6,0.413,0,3,0.318,1,0.544,0.2029,LOW,DEMO
25.5,258.9,61.9,18.5,38.3,52.3,61.9,0.322,2,1,0.281,1,0.215,0.2788,MEDIUM,DEMO
30.0,1239.1,202.5,32.2,89.1,151.9,202.5,0.591,2,0,0.361,1,0.019,0.571,HIGH,DEMO
54.4,1585.3,161.8,20.5,45.4,94.5,161.8,0.511,2,0,0.854,0,0.125,0.6176,HIGH,DEMO
37.2,1103.0,201.8,29.6,82.8,126.9,201.8,0.649,3,3,0.772,1,0.076,0.5414,HIGH,DEMO
46.9,920.4,55.7,12.2,28.2,39.2,55.7,0.35,0,3,0.577,2,0.466,0.3048,MEDIUM,DEMO
41.1,828.8,18.4,1.9,8.6,14.8,18.4,0.272,0,3,0.728,3,0.534,0.1467,LOW,DEMO
18.5,1855.5,33.4,5.9,13.3,20.2,33.4,0.27,0,3,0.131,0,0.106,0.1018,LOW,DEMO
42.1,1631.6,56.4,8.7,24.4,32.8,56.4,0.275,1,0,0.205,0,0.255,0.2763,MEDIUM,DEMO
26.1,197.4,65.0,6.5,19.4,37.2,65.0,0.452,3,1,0.342,2,0.105,0.2025,LOW,DEMO
38.3,1779.0,204.5,23.3,100.0,143.6,204.5,0.615,3,2,0.609,2,0.303,0.5598,HIGH,DEMO
28.5,561.1,128.5,23.8,56.4,104.8,128.5,0.624,1,0,0.791,0,0.444,0.3916,MEDIUM,DEMO
62.9,343.4,98.1,7.6,31.9,55.2,98.1,0.471,2,1,0.296,0,0.094,0.4929,MEDIUM,DEMO
25.7,1914.6,163.3,13.8,53.6,100.2,163.3,0.645,3,0,0.226,1,0.171,0.4808,MEDIUM,DEMO
26.3,589.1,109.0,11.5,48.2,82.6,109.0,0.502,2,0,0.764,0,0.043,0.2551,MEDIUM,DEMO
53.3,1566.9,123.8,9.0,44.6,98.8,123.8,0.488,0,0,0.431,2,0.306,0.5409,HIGH,DEMO
11.3,355.1,61.9,10.6,26.5,49.0,61.9,0.335,2,0,0.652,2,0.035,0.1752,LOW,DEMO
40.5,83.5,24.7,3.2,11.3,19.4,24.7,0.247,2,1,0.537,3,0.152,0.1772,LOW,DEMO
41.7,695.7,20.7,1.9,7.8,12.2,20.7,0.344,2,1,0.254,1,0.398,0.2228,LOW,DEMO
47.0,175.1,21.0,2.7,9.0,14.1,21.0,0.302,1,0,0.652,1,0.532,0.2583,MEDIUM,DEMO
57.9,1343.6,115.8,21.4,61.2,97.9,115.8,0.496,1,2,0.44,3,0.47,0.5855,HIGH,DEMO
58.0,370.8,42.8,6.8,19.5,36.3,42.8,0.37,1,3,0.339,3,0.602,0.3555,MEDIUM,DEMO
15.3,607.7,62.2,10.4,33.4,45.5,62.2,0.383,0,0,0.806,0,0.175,0.1563,LOW,DEMO
46.2,162.0,27.3,4.1,11.8,20.9,27.3,0.277,1,0,0.125,0,0.684,0.2628,MEDIUM,DEMO
38.5,384.0,150.4,21.2,64.7,125.7,150.4,0.58,0,0,0.428,3,0.164,0.5249,HIGH,DEMO
38.6,1448.8,76.0,14.3,32.1,52.1,76.0,0.381,1,2,0.348,1,0.426,0.3277,MEDIUM,DEMO
19.4,227.9,89.1,7.4,35.5,52.7,89.1,0.42,0,1,0.161,2,0.212,0.2251,LOW,DEMO
38.7,1017.6,94.9,14.9,32.3,71.3,94.9,0.462,3,1,0.181,3,0.363,0.3958,MEDIUM,DEMO
59.1,2324.7,102.5,12.5,45.8,85.9,102.5,0.437,0,0,0.251,1,0.14,0.6015,HIGH,DEMO
51.8,1105.0,155.3,34.3,82.2,117.9,155.3,0.448,1,0,0.504,1,0.385,0.6677,HIGH,DEMO
31.7,1579.5,118.3,18.1,56.4,93.6,118.3,0.522,0,3,0.335,0,0.23,0.3245,MEDIUM,DEMO
13.0,183.8,37.1,4.1,14.4,25.1,37.1,0.382,0,0,0.757,3,0.372,0.1293,LOW,DEMO
29.2,339.8,41.3,6.7,17.4,23.9,41.3,0.235,2,1,0.302,1,0.067,0.1865,LOW,DEMO
46.5,2104.5,329.0,40.6,94.2,197.6,329.0,0.809,0,0,0.667,0,0.299,0.6912,HIGH,DEMO
40.7,1210.1,138.5,24.9,74.3,117.0,138.5,0.608,2,0,0.28,1,0.097,0.5638,HIGH,DEMO
32.3,998.4,264.2,34.6,101.9,184.4,264.2,0.752,0,1,0.152,0,0.339,0.5904,HIGH,DEMO
14.4,1061.0,65.3,3.7,17.0,36.2,65.3,0.371,1,1,0.321,0,0.317,0.1442,LOW,DEMO
31.3,561.3,188.4,38.7,81.0,157.6,188.4,0.579,2,0,0.757,0,0.205,0.4932,MEDIUM,DEMO
32.6,121.0,104.6,21.2,46.7,73.2,104.6,0.393,3,0,0.183,1,0.305,0.4257,MEDIUM,DEMO
53.1,1461.1,92.8,10.9,34.1,74.3,92.8,0.413,1,2,0.382,1,0.101,0.4308,MEDIUM,DEMO
38.3,1101.9,78.1,15.1,35.0,55.8,78.1,0.444,2,0,0.126,2,0.786,0.4252,MEDIUM,DEMO
27.5,656.2,127.3,16.0,54.5,73.9,127.3,0.486,2,1,0.599,0,0.209,0.3252,MEDIUM,DEMO
34.3,2150.2,107.6,22.8,54.5,79.1,107.6,0.48,1,3,0.836,3,0.456,0.3253,MEDIUM,DEMO
15.3,448.7,67.9,11.3,31.9,57.7,67.9,0.464,3,1,0.412,1,0.226,0.2186,LOW,DEMO
57.6,393.7,50.9,4.7,14.0,28.5,50.9,0.315,2,0,0.558,0,0.295,0.3499,MEDIUM,DEMO
29.2,1935.8,69.3,7.1,32.8,55.6,69.3,0.394,0,2,0.464,1,0.087,0.1936,LOW,DEMO
32.8,1515.0,76.7,13.2,27.0,47.6,76.7,0.443,3,1,0.86,3,0.42,0.273,MEDIUM,DEMO
29.0,731.2,58.3,13.0,28.9,39.0,58.3,0.312,0,3,0.679,1,0.532,0.2139,LOW,DEMO
39.9,206.1,40.2,8.7,19.9,26.6,40.2,0.334,1,2,0.154,3,0.274,0.2194,LOW,DEMO
39.1,297.9,80.2,11.0,37.7,65.7,80.2,0.493,1,1,0.203,0,0.142,0.3087,MEDIUM,DEMO
41.3,1041.0,99.7,9.9,34.6,69.9,99.7,0.418,2,1,0.478,3,0.281,0.3533,MEDIUM,DEMO
25.8,517.6,91.5,16.8,45.3,62.6,91.5,0.473,2,0,0.6,1,0.648,0.3584,MEDIUM,DEMO
27.6,1709.7,33.0,8.2,18.1,26.3,33.0,0.304,0,0,0.341,3,0.05,0.1704,LOW,DEMO
19.2,2775.3,201.1,32.9,68.5,113.6,201.1,0.714,1,1,0.633,3,0.134,0.4805,MEDIUM,DEMO
38.9,1554.2,231.2,20.9,74.5,133.2,231.2,0.597,0,1,0.558,2,0.202,0.6036,HIGH,DEMO
13.0,506.7,114.5,14.2,37.2,63.7,114.5,0.466,0,1,0.451,2,0.056,0.274,MEDIUM,DEMO
36.8,1479.0,129.2,29.4,70.4,97.7,129.2,0.416,2,2,0.563,0,0.446,0.3705,MEDIUM,DEMO
48.9,469.7,89.5,8.6,32.0,63.3,89.5,0.381,2,0,0.817,1,0.183,0.4013,MEDIUM,DEMO
50.3,244.6,96.3,17.5,54.2,78.3,96.3,0.393,1,0,0.305,1,0.438,0.558,HIGH,DEMO
32.0,110.6,19.7,1.6,6.3,13.8,19.7,0.273,0,0,0.721,0,0.168,0.1223,LOW,DEMO
32.3,518.6,72.1,13.2,32.3,44.4,72.1,0.324,1,2,0.129,1,0.1,0.2605,MEDIUM,DEMO
16.2,2184.9,72.8,15.9,34.6,57.6,72.8,0.382,1,0,0.184,3,0.051,0.236,LOW,DEMO
39.5,325.8,226.8,34.7,75.0,144.8,226.8,0.694,2,0,0.842,0,0.165,0.5858,HIGH,DEMO
46.2,288.2,62.9,9.4,23.6,52.2,62.9,0.29,0,0,0.65,1,0.339,0.352,MEDIUM,DEMO
24.9,3230.5,199.1,23.4,76.9,124.5,199.1,0.588,1,1,0.601,0,0.35,0.4737,MEDIUM,DEMO
31.1,102.8,78.0,9.8,24.5,46.8,78.0,0.522,1,1,0.374,3,0.522,0.2851,MEDIUM,DEMO
47.1,1466.7,56.9,11.7,25.4,39.7,56.9,0.372,3,0,0.26,3,0.787,0.4033,MEDIUM,DEMO
49.4,428.9,20.8,2.4,6.3,11.7,20.8,0.198,0,1,0.409,1,0.288,0.2545,MEDIUM,DEMO
24.8,114.4,95.3,8.2,25.5,53.5,95.3,0.357,0,1,0.575,1,0.195,0.2443,LOW,DEMO
35.2,2328.8,44.4,8.9,18.7,31.1,44.4,0.344,3,2,0.602,3,0.169,0.1766,LOW,DEMO
22.7,215.4,23.1,4.0,8.8,14.2,23.1,0.298,1,0,0.249,0,0.415,0.1322,LOW,DEMO
17.8,802.2,114.0,17.2,36.9,63.0,114.0,0.432,2,2,0.459,1,0.192,0.28,MEDIUM,DEMO
51.7,368.3,97.7,17.3,36.7,62.4,97.7,0.541,2,0,0.551,0,0.512,0.5266,HIGH,DEMO
46.1,140.7,103.2,14.3,44.9,71.6,103.2,0.573,1,2,0.85,3,0.321,0.3917,MEDIUM,DEMO
43.2,126.1,77.6,14.4,31.5,51.8,77.6,0.381,0,1,0.538,0,0.247,0.3332,MEDIUM,DEMO
13.9,190.5,47.6,5.1,13.8,28.1,47.6,0.382,1,1,0.561,1,0.041,0.1443,LOW,DEMO
47.4,146.6,36.2,2.8,13.4,26.2,36.2,0.363,2,0,0.702,1,0.255,0.2695,MEDIUM,DEMO
31.6,1366.5,184.1,27.0,69.2,140.5,184.1,0.645,2,2,0.438,3,0.297,0.4928,MEDIUM,DEMO
28.6,678.2,120.0,20.3,59.4,90.3,120.0,0.441,2,0,0.412,3,0.128,0.3729,MEDIUM,DEMO
35.0,457.9,139.7,16.0,56.8,93.3,139.7,0.606,1,3,0.569,0,0.419,0.3807,MEDIUM,DEMO
17.2,567.7,69.9,11.7,23.9,41.3,69.9,0.376,1,2,0.715,2,0.251,0.165,LOW,DEMO
43.0,2459.9,43.4,4.5,20.9,30.4,43.4,0.352,1,2,0.605,1,0.385,0.2247,LOW,DEMO
36.2,2254.7,40.0,8.7,17.9,32.7,40.0,0.324,3,2,0.261,0,0.071,0.1693,LOW,DEMO
22.4,1211.9,81.3,8.6,34.8,56.1,81.3,0.394,3,0,0.422,1,0.235,0.2431,LOW,DEMO
22.5,2024.1,44.7,4.0,12.9,27.2,44.7,0.347,1,3,0.51,3,0.42,0.123,LOW,DEMO
22.3,426.6,18.0,2.3,7.0,10.4,18.0,0.224,1,3,0.518,1,0.234,0.1,LOW,DEMO
14.6,511.8,110.4,25.4,60.6,92.0,110.4,0.357,2,1,0.378,0,0.155,0.2619,MEDIUM,DEMO
36.4,936.1,139.7,19.7,74.6,107.9,139.7,0.499,1,2,0.517,2,0.23,0.4219,MEDIUM,DEMO
47.2,959.5,52.7,12.0,24.3,33.9,52.7,0.304,1,2,0.631,3,0.101,0.2679,MEDIUM,DEMO
10.3,671.5,22.4,4.1,9.7,14.3,22.4,0.319,1,2,0.476,0,0.162,0.0842,LOW,DEMO
13.9,540.7,86.1,21.7,49.6,70.5,86.1,0.432,0,0,0.463,0,0.043,0.2367,LOW,DEMO
35.9,3933.5,69.3,5.4,23.1,41.8,69.3,0.379,0,0,0.729,1,0.135,0.2495,LOW,DEMO
46.1,1629.0,59.5,8.0,23.4,42.3,59.5,0.435,0,2,0.695,0,0.214,0.2387,LOW,DEMO
28.0,593.8,101.9,27.6,57.1,77.9,101.9,0.439,0,2,0.441,1,0.073,0.3056,MEDIUM,DEMO
28.8,1249.4,83.2,11.3,40.3,55.7,83.2,0.332,1,1,0.877,0,0.038,0.1996,LOW,DEMO
36.7,362.7,99.5,8.4,34.3,55.9,99.5,0.424,0,0,0.171,0,0.126,0.3088,MEDIUM,DEMO
26.1,175.0,80.7,9.7,28.0,49.9,80.7,0.459,1,3,0.368,0,0.325,0.1882,LOW,DEMO
11.6,471.1,44.7,12.5,26.0,36.6,44.7,0.239,0,1,0.148,2,0.158,0.1782,LOW,DEMO
42.1,544.2,42.3,5.7,16.4,29.9,42.3,0.324,1,2,0.758,0,0.521,0.1848,LOW,DEMO
37.8,95.0,77.7,9.8,30.6,61.7,77.7,0.423,1,1,0.694,3,0.648,0.3036,MEDIUM,DEMO
36.2,1597.6,133.5,24.3,61.4,95.7,133.5,0.631,3,0,0.64,3,0.176,0.4718,MEDIUM,DEMO
42.4,480.5,82.1,15.2,31.6,68.4,82.1,0.463,1,1,0.283,0,0.2,0.3633,MEDIUM,DEMO
39.6,861.6,48.6,4.8,22.5,40.0,48.6,0.347,0,2,0.658,1,0.731,0.2284,LOW,DEMO
23.3,149.2,85.9,10.2,41.3,59.7,85.9,0.435,1,3,0.39,0,0.448,0.1895,LOW,DEMO
28.9,253.1,88.1,7.3,30.6,56.9,88.1,0.319,2,0,0.78,1,0.077,0.2391,LOW,DEMO
19.3,2064.0,45.0,5.4,24.0,32.9,45.0,0.281,1,3,0.272,0,0.396,0.1148,LOW,DEMO
19.5,924.4,229.2,36.9,127.1,172.5,229.2,0.708,1,1,0.286,1,0.188,0.5408,HIGH,DEMO
39.7,2781.3,129.3,16.9,62.9,90.5,129.3,0.498,3,0,0.85,0,0.284,0.4261,MEDIUM,DEMO
48.3,4200.0,70.1,15.2,41.7,55.8,70.1,0.395,1,2,0.513,0,0.291,0.3311,MEDIUM,DEMO
56.4,498.5,218.9,24.1,80.7,132.4,218.9,0.658,3,0,0.459,2,0.075,0.7648,VERY HIGH,DEMO
37.9,399.5,95.6,12.4,38.6,62.2,95.6,0.427,2,3,0.387,0,0.157,0.2696,MEDIUM,DEMO
22.3,1839.0,90.6,23.2,48.0,68.5,90.6,0.423,2,0,0.752,0,0.057,0.2474,LOW,DEMO
18.1,4200.0,173.1,15.9,64.6,108.0,173.1,0.519,1,2,0.388,0,0.348,0.3408,MEDIUM,DEMO
45.8,974.0,129.9,16.0,50.7,88.6,129.9,0.48,0,0,0.391,0,0.187,0.4943,MEDIUM,DEMO
36.1,1506.9,104.4,15.4,55.6,87.6,104.4,0.382,2,0,0.214,1,0.18,0.417,MEDIUM,DEMO
37.5,1449.9,58.3,10.2,27.8,43.0,58.3,0.327,1,0,0.516,0,0.094,0.2363,LOW,DEMO
44.2,475.1,76.9,18.2,43.3,64.2,76.9,0.453,1,1,0.822,1,0.098,0.4016,MEDIUM,DEMO
40.8,848.6,69.2,15.4,34.5,53.1,69.2,0.37,0,0,0.848,3,0.482,0.3405,MEDIUM,DEMO
46.9,1691.1,49.3,9.0,25.5,37.8,49.3,0.371,1,0,0.877,1,0.321,0.3242,MEDIUM,DEMO
14.5,1128.6,274.1,59.4,130.1,199.4,274.1,0.765,1,0,0.48,1,0.413,0.5615,HIGH,DEMO
42.6,99.3,130.6,20.0,46.0,77.4,130.6,0.473,1,1,0.709,1,0.136,0.4988,MEDIUM,DEMO
47.8,449.5,67.5,5.8,23.4,47.6,67.5,0.325,1,2,0.54,1,0.058,0.2809,MEDIUM,DEMO
26.5,220.4,97.9,11.5,42.0,61.2,97.9,0.412,1,3,0.536,3,0.265,0.2222,LOW,DEMO
38.3,318.7,69.8,10.9,27.2,59.3,69.8,0.389,2,1,0.733,0,0.206,0.2498,LOW,DEMO
27.6,2203.1,43.8,10.2,20.6,27.6,43.8,0.36,1,1,0.755,3,0.177,0.1741,LOW,DEMO
55.9,113.8,17.7,2.4,7.7,11.0,17.7,0.289,1,3,0.135,0,0.339,0.2352,LOW,DEMO
12.4,303.4,103.2,13.3,49.6,76.1,103.2,0.474,2,3,0.837,0,0.226,0.1799,LOW,DEMO
36.2,413.4,78.6,18.8,40.9,55.3,78.6,0.32,2,0,0.745,2,0.254,0.3396,MEDIUM,DEMO
21.4,943.5,153.0,14.0,53.9,85.1,153.0,0.577,1,1,0.668,0,0.537,0.3542,MEDIUM,DEMO
41.1,767.4,53.1,6.0,14.6,31.2,53.1,0.292,3,2,0.768,1,0.29,0.2169,LOW,DEMO
21.9,301.6,153.1,15.8,75.0,121.5,153.1,0.584,1,2,0.528,2,0.682,0.3823,MEDIUM,DEMO
24.5,241.5,163.8,12.5,60.7,113.9,163.8,0.579,1,1,0.708,1,0.179,0.4021,MEDIUM,DEMO
33.4,323.2,24.3,2.7,8.1,14.4,24.3,0.202,2,1,0.575,0,0.159,0.1296,LOW,DEMO
52.0,708.4,140.4,22.6,56.9,96.8,140.4,0.548,0,1,0.533,0,0.132,0.5703,HIGH,DEMO
23.5,364.7,126.3,13.1,54.0,79.1,126.3,0.534,3,2,0.281,0,0.26,0.2722,MEDIUM,DEMO
20.3,2734.0,73.6,11.7,27.3,45.4,73.6,0.45,1,0,0.764,3,0.678,0.234,LOW,DEMO
43.2,641.0,151.5,17.9,75.1,126.8,151.5,0.493,2,1,0.792,2,0.227,0.5258,HIGH,DEMO
33.6,134.5,136.7,17.5,48.7,90.0,136.7,0.513,1,1,0.858,3,0.396,0.4169,MEDIUM,DEMO
51.8,1256.0,84.0,8.5,29.0,47.4,84.0,0.441,0,2,0.212,3,0.452,0.3933,MEDIUM,DEMO
20.4,438.9,23.3,4.4,10.3,19.6,23.3,0.33,2,0,0.342,1,0.054,0.1412,LOW,DEMO
38.5,1033.9,65.3,12.0,27.2,51.5,65.3,0.392,2,1,0.641,3,0.012,0.2651,MEDIUM,DEMO
24.4,375.1,141.6,13.2,60.1,88.7,141.6,0.492,3,0,0.77,2,0.204,0.3491,MEDIUM,DEMO
20.9,841.1,94.6,9.1,35.2,63.6,94.6,0.475,1,2,0.691,1,0.446,0.2186,LOW,DEMO
40.0,1411.2,56.9,10.0,21.4,46.0,56.9,0.405,1,2,0.466,1,0.27,0.2632,MEDIUM,DEMO
36.6,2448.1,80.4,9.5,29.2,52.9,80.4,0.392,3,2,0.672,2,0.241,0.2434,LOW,DEMO
43.0,352.4,83.9,13.3,38.8,60.4,83.9,0.367,1,0,0.175,1,0.08,0.4119,MEDIUM,DEMO
27.4,447.0,42.7,5.3,21.1,30.3,42.7,0.293,0,1,0.624,1,0.285,0.1729,LOW,DEMO
31.9,641.7,55.6,13.7,27.6,37.3,55.6,0.422,0,0,0.126,1,0.452,0.3217,MEDIUM,DEMO
30.6,2437.7,261.8,62.4,130.9,194.2,261.8,0.784,3,1,0.156,2,0.108,0.6072,HIGH,DEMO
59.4,2164.9,7.6,0.6,3.0,5.2,7.6,0.263,1,0,0.696,0,0.423,0.2649,MEDIUM,DEMO
26.8,164.8,79.8,8.8,24.0,44.4,79.8,0.388,2,2,0.483,2,0.311,0.2023,LOW,DEMO
26.9,207.3,141.6,25.4,55.0,112.5,141.6,0.425,1,0,0.165,2,0.411,0.4484,MEDIUM,DEMO
29.0,695.8,78.9,9.7,29.4,46.1,78.9,0.392,0,1,0.486,1,0.565,0.2806,MEDIUM,DEMO
35.6,181.5,51.6,7.1,21.4,35.6,51.6,0.286,3,0,0.168,0,0.214,0.22,LOW,DEMO
25.2,461.6,62.0,9.2,29.3,44.9,62.0,0.373,1,1,0.383,1,0.328,0.2263,LOW,DEMO
52.0,224.6,222.8,18.5,88.4,169.7,222.8,0.723,1,1,0.24,0,0.701,0.751,VERY HIGH,DEMO
25.7,989.6,117.5,18.9,43.3,79.1,117.5,0.419,0,1,0.287,0,0.02,0.3132,MEDIUM,DEMO
50.6,2767.1,113.1,15.8,46.8,87.1,113.1,0.472,1,0,0.269,1,0.081,0.5637,HIGH,DEMO
17.9,4200.0,73.3,10.7,29.8,43.2,73.3,0.436,2,0,0.403,2,0.125,0.2167,LOW,DEMO
38.9,503.4,91.3,9.5,34.2,68.1,91.3,0.431,1,1,0.202,0,0.106,0.3032,MEDIUM,DEMO
51.4,902.4,37.7,8.3,19.1,30.1,37.7,0.294,1,3,0.521,0,0.353,0.2476,LOW,DEMO
21.5,1825.8,230.7,38.4,87.7,188.4,230.7,0.679,0,2,0.429,1,0.213,0.4868,MEDIUM,DEMO
57.1,192.5,122.3,19.9,54.5,88.6,122.3,0.525,3,3,0.758,2,0.238,0.5593,HIGH,DEMO
32.1,1132.8,79.4,11.3,24.0,51.1,79.4,0.411,2,3,0.748,0,0.282,0.1975,LOW,DEMO
54.6,553.1,87.2,6.2,26.3,52.2,87.2,0.412,2,1,0.746,0,0.525,0.394,MEDIUM,DEMO
39.7,287.8,107.1,14.8,33.9,70.0,107.1,0.507,0,1,0.477,0,0.364,0.3867,MEDIUM,DEMO
27.1,543.9,37.5,5.4,14.8,26.7,37.5,0.345,1,0,0.341,3,0.398,0.1774,LOW,DEMO
22.5,151.1,64.3,5.8,21.7,39.1,64.3,0.309,0,3,0.436,2,0.211,0.146,LOW,DEMO
27.2,1149.9,38.4,5.4,22.4,32.1,38.4,0.353,1,1,0.642,3,0.005,0.1426,LOW,DEMO
17.3,342.2,121.9,15.0,51.7,99.8,121.9,0.524,1,2,0.523,2,0.027,0.2579,MEDIUM,DEMO
20.3,415.8,29.3,3.6,7.8,16.4,29.3,0.242,3,0,0.594,3,0.238,0.123,LOW,DEMO
18.0,196.2,40.3,8.0,18.3,29.0,40.3,0.211,3,1,0.647,1,0.219,0.1501,LOW,DEMO
31.2,1880.0,131.5,26.7,67.9,103.5,131.5,0.442,2,2,0.818,1,0.076,0.3493,MEDIUM,DEMO
44.9,692.1,91.6,7.0,30.7,57.1,91.6,0.415,1,0,0.837,1,0.345,0.3709,MEDIUM,DEMO
20.1,844.1,208.0,45.1,92.8,147.1,208.0,0.687,1,0,0.759,0,0.059,0.4536,MEDIUM,DEMO
19.5,838.4,63.8,8.5,29.3,42.9,63.8,0.324,0,2,0.169,0,0.229,0.1457,LOW,DEMO
38.4,555.6,71.2,9.2,24.0,43.4,71.2,0.41,2,0,0.864,0,0.259,0.2514,MEDIUM,DEMO
22.9,272.5,181.8,35.8,81.1,133.5,181.8,0.443,2,1,0.655,1,0.488,0.4759,MEDIUM,DEMO
17.6,1310.3,154.1,15.5,64.6,130.7,154.1,0.545,2,1,0.647,1,0.276,0.3835,MEDIUM,DEMO
21.4,202.3,133.2,15.9,40.2,87.9,133.2,0.477,2,0,0.138,1,0.146,0.3948,MEDIUM,DEMO
52.7,178.7,46.5,5.2,24.8,33.3,46.5,0.441,3,0,0.484,2,0.541,0.3717,MEDIUM,DEMO
46.2,1194.5,49.4,4.0,17.3,32.0,49.4,0.247,1,3,0.596,2,0.53,0.2315,LOW,DEMO
28.9,290.8,75.2,13.6,32.6,61.2,75.2,0.389,1,0,0.332,3,0.052,0.266,MEDIUM,DEMO
38.9,409.8,74.0,11.0,44.4,59.9,74.0,0.292,3,0,0.183,1,0.413,0.3596,MEDIUM,DEMO
34.7,660.3,47.2,6.3,19.0,28.5,47.2,0.31,2,0,0.525,0,0.096,0.1854,LOW,DEMO
39.7,617.0,61.9,8.7,31.8,50.8,61.9,0.28,3,0,0.459,0,0.179,0.25,MEDIUM,DEMO
39.9,1189.7,76.6,9.8,30.1,45.6,76.6,0.507,0,1,0.154,0,0.02,0.2975,MEDIUM,DEMO
37.9,959.0,149.0,12.8,57.2,86.2,149.0,0.509,1,0,0.515,0,0.265,0.4358,MEDIUM,DEMO
25.8,1010.5,174.1,37.6,88.2,129.8,174.1,0.563,1,1,0.202,1,0.235,0.5106,HIGH,DEMO
12.9,1206.8,119.2,8.3,37.3,79.4,119.2,0.469,1,2,0.443,0,0.141,0.1891,LOW,DEMO
32.2,391.6,25.7,4.7,10.5,18.3,25.7,0.241,3,1,0.326,1,0.345,0.1837,LOW,DEMO
50.3,430.2,161.0,25.8,64.7,120.1,161.0,0.602,1,1,0.858,1,0.339,0.6485,HIGH,DEMO
35.8,598.6,119.6,10.4,31.9,67.7,119.6,0.504,3,2,0.146,1,0.154,0.3587,MEDIUM,DEMO
46.8,410.7,136.3,23.0,49.9,87.0,136.3,0.549,1,3,0.546,0,0.29,0.4691,MEDIUM,DEMO
60.9,3856.0,49.2,5.5,21.5,33.9,49.2,0.281,0,1,0.235,0,0.512,0.4006,MEDIUM,DEMO
21.3,1594.1,185.9,16.5,59.0,117.1,185.9,0.652,0,0,0.363,1,0.467,0.5359,HIGH,DEMO
40.3,241.9,69.6,5.1,21.3,39.3,69.6,0.43,0,1,0.26,0,0.164,0.2513,MEDIUM,DEMO
39.6,85.0,46.7,5.4,17.3,26.9,46.7,0.325,2,1,0.876,2,0.562,0.2281,LOW,DEMO
58.7,119.4,126.0,30.8,62.1,99.6,126.0,0.529,0,0,0.145,3,0.252,0.6789,HIGH,DEMO
59.7,331.8,75.9,11.0,44.4,62.5,75.9,0.405,1,0,0.531,1,0.545,0.5543,HIGH,DEMO
40.1,189.2,117.3,21.6,48.0,69.9,117.3,0.388,2,3,0.582,2,0.34,0.392,MEDIUM,DEMO
24.9,765.9,61.6,11.3,28.5,38.5,61.6,0.355,0,2,0.707,1,0.184,0.1817,LOW,DEMO
45.0,1836.7,35.5,3.4,16.7,26.5,35.5,0.292,0,0,0.596,2,0.236,0.2402,LOW,DEMO
18.2,1281.2,60.6,16.2,33.4,50.7,60.6,0.367,1,1,0.296,2,0.056,0.2177,LOW,DEMO
44.2,298.6,29.8,6.6,13.5,19.1,29.8,0.356,2,0,0.575,2,0.197,0.2507,MEDIUM,DEMO
51.7,538.7,119.8,32.4,67.8,96.6,119.8,0.39,3,0,0.861,2,0.304,0.5501,HIGH,DEMO
29.9,718.2,9.5,1.6,4.4,6.7,9.5,0.245,2,0,0.765,2,0.004,0.1169,LOW,DEMO
38.0,1575.6,154.9,20.7,77.8,129.7,154.9,0.497,3,1,0.465,1,0.131,0.5242,HIGH,DEMO
31.4,1724.4,31.7,3.2,10.0,18.7,31.7,0.27,0,3,0.483,1,0.141,0.1364,LOW,DEMO
31.6,2244.3,143.3,33.1,86.0,120.6,143.3,0.475,1,2,0.221,1,0.425,0.4432,MEDIUM,DEMO
27.4,720.6,110.9,16.2,51.7,75.6,110.9,0.459,2,0,0.553,1,0.465,0.3834,MEDIUM,DEMO
43.3,1146.6,14.8,3.6,8.7,12.4,14.8,0.304,2,0,0.333,0,0.274,0.1944,LOW,DEMO
53.8,186.7,89.3,13.3,30.2,61.4,89.3,0.433,2,1,0.202,0,0.024,0.4509,MEDIUM,DEMO
54.2,829.8,28.4,2.9,11.0,20.1,28.4,0.312,1,0,0.48,2,0.107,0.2948,MEDIUM,DEMO
21.8,337.3,89.6,13.2,40.9,70.9,89.6,0.447,0,2,0.154,3,0.258,0.2307,LOW,DEMO
49.3,588.6,49.9,13.1,26.9,38.3,49.9,0.462,1,0,0.211,3,0.101,0.3863,MEDIUM,DEMO
42.2,984.7,15.1,2.2,8.0,11.1,15.1,0.285,0,0,0.286,1,0.009,0.2058,LOW,DEMO
25.2,347.3,107.3,11.8,38.8,72.5,107.3,0.5,0,1,0.873,0,0.575,0.2632,MEDIUM,DEMO
15.4,128.2,74.0,8.1,38.3,58.3,74.0,0.436,2,0,0.734,3,0.559,0.1964,LOW,DEMO
25.8,89.3,79.0,9.4,31.2,66.0,79.0,0.486,0,1,0.532,2,0.072,0.228,LOW,DEMO
51.8,100.2,17.7,1.7,5.6,9.8,17.7,0.311,1,3,0.297,0,0.259,0.1937,LOW,DEMO
38.0,87.5,16.0,1.6,6.9,11.6,16.0,0.238,3,1,0.514,2,0.192,0.1589,LOW,DEMO
41.5,185.2,64.7,7.1,35.6,52.4,64.7,0.385,1,2,0.613,1,0.061,0.2434,LOW,DEMO
25.4,326.4,140.8,28.1,75.4,105.0,140.8,0.524,0,1,0.123,3,0.406,0.4277,MEDIUM,DEMO
41.4,305.0,121.2,15.3,52.8,95.8,121.2,0.516,2,0,0.871,0,0.102,0.4009,MEDIUM,DEMO
11.7,3974.6,105.2,10.8,52.4,86.1,105.2,0.402,2,0,0.596,2,0.179,0.2431,LOW,DEMO
29.7,408.8,168.1,38.5,84.0,130.4,168.1,0.626,1,1,0.871,2,0.114,0.4619,MEDIUM,DEMO
37.8,202.7,51.9,8.2,21.8,39.7,51.9,0.347,2,1,0.476,0,0.258,0.2189,LOW,DEMO
20.4,789.8,109.3,17.2,68.4,91.7,109.3,0.495,1,1,0.594,1,0.039,0.3116,MEDIUM,DEMO
46.3,1836.5,21.9,5.8,12.6,17.7,21.9,0.306,2,0,0.471,2,0.201,0.2508,MEDIUM,DEMO
24.5,1100.1,271.6,32.1,116.3,215.8,271.6,0.76,0,1,0.127,0,0.218,0.5355,HIGH,DEMO
38.8,396.0,45.5,4.2,15.8,26.2,45.5,0.346,1,2,0.766,1,0.279,0.1885,LOW,DEMO
30.6,822.2,104.0,15.7,33.6,64.6,104.0,0.477,1,0,0.461,0,0.134,0.3203,MEDIUM,DEMO
36.7,1209.3,205.5,22.6,89.1,147.4,205.5,0.73,2,2,0.478,2,0.54,0.6006,HIGH,DEMO
18.2,1252.1,60.2,14.0,30.1,45.9,60.2,0.261,2,3,0.394,1,0.067,0.1725,LOW,DEMO
10.2,1068.4,102.4,13.8,31.2,65.6,102.4,0.467,3,0,0.449,1,0.452,0.3068,MEDIUM,DEMO
51.6,1921.8,88.2,10.6,36.2,51.0,88.2,0.416,0,1,0.671,0,0.194,0.3848,MEDIUM,DEMO
25.9,1916.9,58.1,4.9,23.5,37.4,58.1,0.349,2,3,0.652,0,0.648,0.1383,LOW,DEMO
46.1,858.5,49.7,6.5,29.0,38.8,49.7,0.224,0,1,0.734,1,0.167,0.2748,MEDIUM,DEMO
63.9,585.7,31.1,2.7,11.6,25.3,31.1,0.337,1,2,0.861,0,0.391,0.2658,MEDIUM,DEMO
23.5,1003.4,70.0,18.8,40.3,57.7,70.0,0.374,1,0,0.417,1,0.27,0.2947,MEDIUM,DEMO
25.7,1614.4,46.4,6.8,21.2,30.8,46.4,0.294,0,0,0.378,2,0.461,0.1953,LOW,DEMO
39.2,85.1,44.2,3.0,14.3,29.2,44.2,0.334,0,0,0.495,2,0.233,0.2206,LOW,DEMO
56.7,4200.0,114.0,15.5,42.2,76.6,114.0,0.447,2,3,0.237,0,0.327,0.5117,HIGH,DEMO
52.1,261.8,84.3,10.5,40.0,55.9,84.3,0.319,1,0,0.696,2,0.181,0.4203,MEDIUM,DEMO
33.6,651.8,146.6,18.0,66.6,109.9,146.6,0.527,1,3,0.562,1,0.53,0.4484,MEDIUM,DEMO
44.9,1930.4,57.7,5.4,21.6,37.9,57.7,0.386,2,0,0.281,2,0.122,0.3025,MEDIUM,DEMO
19.8,309.4,33.1,5.7,13.3,18.4,33.1,0.284,0,0,0.777,0,0.382,0.1227,LOW,DEMO
58.3,663.0,115.1,7.5,37.5,78.5,115.1,0.477,0,0,0.59,1,0.48,0.5824,HIGH,DEMO
56.6,208.0,118.9,14.4,43.4,73.4,118.9,0.476,1,1,0.146,2,0.204,0.6043,HIGH,DEMO
21.3,532.4,94.0,7.7,33.9,52.5,94.0,0.477,0,0,0.269,0,0.284,0.2274,LOW,DEMO
27.0,255.5,43.3,6.9,18.9,29.9,43.3,0.325,3,3,0.797,2,0.237,0.134,LOW,DEMO
17.7,486.8,79.8,7.9,25.8,48.8,79.8,0.438,3,3,0.41,1,0.242,0.1804,LOW,DEMO
26.0,500.8,32.0,2.8,13.6,21.9,32.0,0.294,1,0,0.868,2,0.136,0.1314,LOW,DEMO
45.9,4200.0,45.9,6.5,19.3,29.1,45.9,0.434,0,2,0.523,3,0.096,0.231,LOW,DEMO
29.8,4200.0,158.7,26.9,72.6,116.1,158.7,0.523,1,1,0.278,0,0.573,0.4639,MEDIUM,DEMO
17.0,189.7,54.2,8.2,30.1,45.9,54.2,0.316,0,3,0.571,2,0.29,0.1344,LOW,DEMO
28.5,1245.1,136.3,22.0,51.3,97.3,136.3,0.498,1,0,0.198,0,0.093,0.3967,MEDIUM,DEMO
58.9,127.8,97.6,15.8,50.8,72.6,97.6,0.395,0,1,0.734,0,0.244,0.5153,HIGH,DEMO
37.9,107.6,202.8,41.6,98.0,167.5,202.8,0.564,2,0,0.597,1,0.337,0.6305,HIGH,DEMO
31.0,180.2,95.2,17.6,47.1,63.1,95.2,0.463,1,2,0.853,0,0.103,0.2447,LOW,DEMO
21.4,3109.7,91.4,11.5,25.1,54.8,91.4,0.267,1,0,0.644,1,0.299,0.2543,MEDIUM,DEMO
59.8,2625.1,22.1,2.9,7.9,14.0,22.1,0.255,0,1,0.157,1,0.123,0.3549,MEDIUM,DEMO
46.2,274.0,46.9,4.1,15.9,31.4,46.9,0.27,1,3,0.482,1,0.203,0.2313,LOW,DEMO
26.4,238.7,64.5,13.2,29.6,48.0,64.5,0.377,0,1,0.524,2,0.311,0.2375,LOW,DEMO
15.7,327.6,251.2,31.5,72.4,138.5,251.2,0.607,3,1,0.817,2,0.156,0.446,MEDIUM,DEMO
14.6,732.3,49.5,13.2,26.8,39.9,49.5,0.369,1,1,0.449,3,0.373,0.1837,LOW,DEMO
19.0,839.0,33.7,3.1,13.8,19.3,33.7,0.345,0,1,0.571,1,0.182,0.1325,LOW,DEMO
36.2,305.5,25.6,4.1,10.8,21.0,25.6,0.216,1,1,0.261,0,0.352,0.1666,LOW,DEMO
53.1,1351.8,21.5,3.1,8.9,17.9,21.5,0.299,0,1,0.306,1,0.113,0.2895,MEDIUM,DEMO
33.4,413.4,256.6,62.1,154.9,217.3,256.6,0.752,1,3,0.537,1,0.273,0.5689,HIGH,DEMO
47.4,2377.5,86.9,19.0,38.5,68.9,86.9,0.458,0,0,0.65,0,0.13,0.4219,MEDIUM,DEMO
31.9,1042.3,37.2,4.6,12.8,22.0,37.2,0.246,1,0,0.451,1,0.164,0.1905,LOW,DEMO
41.0,596.0,171.0,27.3,67.3,130.3,171.0,0.487,1,0,0.449,0,0.278,0.548,HIGH,DEMO
42.0,1484.2,219.1,23.5,77.3,133.9,219.1,0.732,2,1,0.315,1,0.168,0.6868,HIGH,DEMO
21.8,1613.0,38.5,4.7,16.4,31.5,38.5,0.28,1,0,0.651,2,0.242,0.1444,LOW,DEMO
29.2,388.9,56.2,7.1,23.5,36.2,56.2,0.328,2,3,0.124,3,0.228,0.1717,LOW,DEMO
38.2,453.6,154.8,12.7,60.2,100.3,154.8,0.569,3,1,0.51,3,0.237,0.467,MEDIUM,DEMO
15.7,2553.4,119.9,19.4,67.9,98.9,119.9,0.414,3,3,0.123,0,0.186,0.254,MEDIUM,DEMO
29.2,242.0,68.7,5.2,20.7,38.1,68.7,0.364,1,0,0.571,0,0.18,0.1847,LOW,DEMO
34.7,118.8,157.4,19.4,57.6,95.7,157.4,0.587,2,0,0.143,0,0.421,0.5226,HIGH,DEMO
62.3,624.7,21.3,2.6,7.6,14.4,21.3,0.219,1,0,0.834,1,0.314,0.3407,MEDIUM,DEMO
32.7,1534.0,32.5,7.8,18.1,24.7,32.5,0.285,1,1,0.483,0,0.232,0.1655,LOW,DEMO
45.9,1409.3,44.9,7.1,20.3,33.4,44.9,0.277,3,0,0.64,3,0.111,0.263,MEDIUM,DEMO
31.5,2347.9,41.0,5.2,15.5,30.8,41.0,0.287,0,2,0.769,0,0.441,0.1317,LOW,DEMO
44.9,765.7,11.4,1.3,4.9,9.2,11.4,0.33,1,2,0.299,1,0.111,0.1791,LOW,DEMO
36.7,174.9,58.7,7.4,16.3,34.4,58.7,0.429,1,2,0.53,3,0.027,0.1949,LOW,DEMO
50.0,879.6,109.4,8.1,35.4,77.3,109.4,0.466,0,3,0.776,3,0.059,0.348,MEDIUM,DEMO
30.8,1436.2,130.5,30.1,60.9,100.2,130.5,0.519,3,1,0.529,1,0.5,0.4532,MEDIUM,DEMO
37.0,168.2,124.2,17.4,50.7,92.0,124.2,0.506,1,1,0.419,1,0.267,0.4703,MEDIUM,DEMO
37.9,250.6,148.5,19.2,75.1,101.6,148.5,0.492,2,1,0.4,1,0.272,0.5269,HIGH,DEMO
31.0,91.1,101.5,8.7,28.2,56.3,101.5,0.45,3,0,0.412,1,0.112,0.3144,MEDIUM,DEMO
20.3,890.5,51.7,4.1,20.2,29.4,51.7,0.281,2,1,0.588,0,0.495,0.1354,LOW,DEMO
17.3,2040.2,17.1,1.4,5.4,10.0,17.1,0.234,3,1,0.155,2,0.231,0.1122,LOW,DEMO
10.2,1079.6,16.7,1.7,5.6,10.9,16.7,0.277,0,2,0.436,1,0.112,0.0912,LOW,DEMO
49.2,3697.7,83.1,13.2,36.0,48.6,83.1,0.351,1,0,0.546,1,0.265,0.452,MEDIUM,DEMO
24.6,138.6,38.9,4.4,18.2,26.4,38.9,0.259,1,0,0.718,0,0.514,0.1387,LOW,DEMO
23.5,2179.7,80.3,12.5,31.0,48.5,80.3,0.364,2,1,0.523,0,0.199,0.2082,LOW,DEMO
42.1,1594.1,29.9,7.0,15.5,23.4,29.9,0.363,0,2,0.824,1,0.139,0.1952,LOW,DEMO
27.8,419.5,166.8,37.6,101.2,135.4,166.8,0.638,2,3,0.457,1,0.061,0.4382,MEDIUM,DEMO
33.7,3348.5,60.2,7.3,25.2,40.2,60.2,0.36,0,0,0.615,2,0.686,0.2587,MEDIUM,DEMO
21.2,385.6,63.7,5.1,21.5,44.8,63.7,0.397,0,2,0.133,3,0.208,0.1521,LOW,DEMO
56.1,2060.9,67.8,5.4,26.6,56.7,67.8,0.348,1,1,0.301,2,0.301,0.4113,MEDIUM,DEMO
47.9,1993.9,3.1,0.6,1.4,2.2,3.1,0.152,2,0,0.74,0,0.039,0.1584,LOW,DEMO
48.6,1355.7,155.4,33.2,85.3,131.8,155.4,0.494,3,2,0.566,2,0.174,0.547,HIGH,DEMO
30.7,826.0,33.1,4.5,13.2,19.6,33.1,0.296,2,0,0.839,2,0.325,0.1634,LOW,DEMO
43.3,195.1,69.0,6.2,26.9,55.8,69.0,0.385,1,2,0.692,2,0.072,0.2374,LOW,DEMO
20.3,763.3,78.7,10.6,40.3,55.0,78.7,0.391,0,2,0.462,2,0.139,0.1818,LOW,DEMO
8.7,477.2,41.9,6.4,14.4,23.3,41.9,0.314,0,1,0.712,0,0.367,0.1213,LOW,DEMO
10.7,1494.1,111.1,20.7,60.3,93.5,111.1,0.428,2,0,0.476,0,0.379,0.2911,MEDIUM,DEMO
36.4,1357.4,144.6,27.3,55.9,121.4,144.6,0.536,0,3,0.371,1,0.402,0.4711,MEDIUM,DEMO
32.2,2253.3,16.8,4.1,8.2,11.2,16.8,0.213,2,3,0.156,0,0.355,0.1204,LOW,DEMO
34.1,93.4,118.6,27.0,61.4,99.2,118.6,0.51,0,3,0.778,0,0.266,0.314,MEDIUM,DEMO
8.5,1570.4,13.9,1.4,5.1,8.2,13.9,0.246,1,0,0.438,0,0.207,0.0924,LOW,DEMO
31.2,2589.3,42.0,6.2,23.2,31.6,42.0,0.431,2,1,0.641,3,0.403,0.1869,LOW,DEMO
41.4,1481.6,51.0,6.2,22.6,31.0,51.0,0.329,2,0,0.236,0,0.052,0.2378,LOW,DEMO
31.8,205.5,52.1,8.3,16.8,32.5,52.1,0.323,1,0,0.75,2,0.209,0.2085,LOW,DEMO
42.0,156.3,160.3,27.5,91.6,125.7,160.3,0.52,0,0,0.746,3,0.299,0.5486,HIGH,DEMO
24.4,99.0,54.7,10.0,24.3,36.3,54.7,0.328,3,1,0.486,3,0.501,0.1984,LOW,DEMO
45.8,971.8,54.6,6.7,13.7,30.2,54.6,0.382,2,0,0.631,1,0.387,0.3269,MEDIUM,DEMO
36.5,974.0,26.6,4.2,9.4,18.0,26.6,0.297,2,1,0.516,1,0.38,0.1979,LOW,DEMO
23.5,3982.6,92.2,12.4,32.7,57.0,92.2,0.471,0,1,0.54,0,0.15,0.2289,LOW,DEMO
24.6,536.8,65.4,7.7,30.8,49.4,65.4,0.395,1,3,0.795,3,0.516,0.1585,LOW,DEMO
37.9,443.0,103.8,10.5,41.7,63.1,103.8,0.444,0,3,0.855,0,0.296,0.2533,MEDIUM,DEMO
46.7,961.4,26.2,3.8,10.8,21.0,26.2,0.317,0,2,0.399,0,0.314,0.1871,LOW,DEMO
30.9,1651.8,205.6,44.1,90.8,129.6,205.6,0.692,0,2,0.372,0,0.391,0.5069,HIGH,DEMO
25.5,2564.9,123.9,27.4,58.2,82.7,123.9,0.513,1,0,0.351,0,0.253,0.361,MEDIUM,DEMO
48.8,1542.7,350.0,35.8,143.3,223.8,350.0,0.914,3,0,0.706,2,0.145,0.7542,VERY HIGH,DEMO
39.4,580.7,78.0,12.1,42.1,58.0,78.0,0.416,1,1,0.669,0,0.465,0.2986,MEDIUM,DEMO
31.9,986.9,139.6,21.2,56.2,81.0,139.6,0.452,2,1,0.153,0,0.236,0.4163,MEDIUM,DEMO
33.2,1826.0,208.9,25.7,74.8,144.8,208.9,0.767,3,2,0.187,0,0.215,0.5417,HIGH,DEMO
23.2,687.1,93.5,9.9,41.9,60.8,93.5,0.45,0,1,0.611,2,0.602,0.2617,MEDIUM,DEMO
37.8,299.8,66.8,12.5,40.1,54.5,66.8,0.405,0,3,0.329,2,0.049,0.2531,MEDIUM,DEMO
29.1,247.4,53.8,7.4,15.1,30.8,53.8,0.348,0,2,0.19,1,0.189,0.1906,LOW,DEMO
62.1,80.1,61.2,17.6,36.4,48.9,61.2,0.249,3,0,0.434,1,0.365,0.5701,HIGH,DEMO
32.9,1220.0,85.2,8.6,23.4,51.1,85.2,0.395,2,1,0.787,0,0.022,0.2137,LOW,DEMO
33.1,186.0,64.7,8.8,22.6,37.3,64.7,0.374,1,3,0.398,1,0.353,0.2257,LOW,DEMO
35.7,331.6,117.0,13.0,48.8,71.5,117.0,0.426,2,1,0.649,3,0.243,0.3519,MEDIUM,DEMO
52.2,398.3,176.6,29.8,70.5,102.6,176.6,0.536,0,0,0.804,0,0.539,0.6589,HIGH,DEMO
45.1,819.7,30.5,3.1,14.5,21.6,30.5,0.29,0,0,0.249,2,0.154,0.2457,LOW,DEMO
32.0,536.7,30.4,4.2,15.7,25.7,30.4,0.345,1,1,0.583,0,0.109,0.1395,LOW,DEMO
41.4,1090.6,55.1,4.0,19.9,30.9,55.1,0.415,2,2,0.81,0,0.623,0.196,LOW,DEMO
36.4,131.5,16.9,2.4,7.7,11.7,16.9,0.29,1,0,0.267,2,0.09,0.1727,LOW,DEMO
33.3,199.1,196.8,35.7,78.4,131.1,196.8,0.587,0,2,0.871,1,0.223,0.5101,HIGH,DEMO
22.7,702.4,148.9,30.2,61.0,97.1,148.9,0.508,1,3,0.397,2,0.527,0.3735,MEDIUM,DEMO
32.4,449.8,66.3,12.1,30.3,43.1,66.3,0.378,0,2,0.285,0,0.078,0.2015,LOW,DEMO
25.0,395.6,70.6,13.3,31.4,57.8,70.6,0.392,2,3,0.757,2,0.45,0.199,LOW,DEMO
52.0,142.4,95.1,8.9,32.1,52.8,95.1,0.448,1,0,0.476,2,0.069,0.4481,MEDIUM,DEMO
28.3,2114.6,42.4,5.4,15.0,33.2,42.4,0.307,1,1,0.63,2,0.4,0.171,LOW,DEMO
55.3,1139.4,59.6,10.3,24.5,37.3,59.6,0.387,3,0,0.492,1,0.468,0.4679,MEDIUM,DEMO
34.6,196.7,44.7,5.3,15.1,29.8,44.7,0.356,2,2,0.609,3,0.286,0.1626,LOW,DEMO
38.0,140.5,78.9,7.2,31.7,53.3,78.9,0.377,0,3,0.147,1,0.609,0.2927,MEDIUM,DEMO
34.9,3395.4,80.3,11.2,26.4,51.5,80.3,0.313,1,0,0.386,2,0.197,0.301,MEDIUM,DEMO
19.5,1108.8,69.2,4.9,18.3,40.0,69.2,0.334,1,1,0.62,0,0.095,0.1385,LOW,DEMO
29.7,566.3,140.3,11.2,48.8,82.0,140.3,0.589,2,0,0.387,0,0.257,0.3708,MEDIUM,DEMO
17.7,1168.8,69.9,8.9,25.8,44.7,69.9,0.295,2,0,0.71,2,0.214,0.1824,LOW,DEMO
37.7,1350.8,72.8,7.5,33.5,58.0,72.8,0.451,1,1,0.85,1,0.258,0.2749,MEDIUM,DEMO
31.9,1442.6,22.6,2.7,6.8,13.4,22.6,0.206,2,2,0.148,2,0.291,0.1374,LOW,DEMO
44.0,664.9,114.8,25.5,65.1,88.7,114.8,0.425,1,0,0.77,0,0.03,0.4216,MEDIUM,DEMO
23.9,585.7,84.1,6.7,24.2,53.5,84.1,0.387,2,0,0.248,1,0.268,0.251,MEDIUM,DEMO
21.3,90.0,122.6,35.1,71.7,99.9,122.6,0.567,0,0,0.817,0,0.039,0.3042,MEDIUM,DEMO
30.7,2430.1,39.6,8.1,18.0,26.9,39.6,0.325,0,0,0.84,0,0.05,0.1554,LOW,DEMO
52.9,912.1,32.2,2.3,9.7,19.4,32.2,0.299,2,1,0.553,0,0.463,0.2597,MEDIUM,DEMO
41.1,284.4,64.0,13.6,32.0,54.2,64.0,0.322,0,0,0.484,3,0.308,0.3272,MEDIUM,DEMO
31.1,2348.7,14.4,2.0,6.5,8.7,14.4,0.303,2,1,0.696,0,0.111,0.1104,LOW,DEMO
34.1,2297.9,203.6,40.1,94.3,146.7,203.6,0.602,2,1,0.818,0,0.035,0.4989,MEDIUM,DEMO
16.7,4154.1,62.6,9.7,22.0,45.1,62.6,0.355,2,1,0.297,2,0.25,0.1899,LOW,DEMO
59.5,1944.7,7.8,0.7,3.0,5.2,7.8,0.247,2,3,0.411,1,0.429,0.2707,MEDIUM,DEMO
39.3,4200.0,52.4,10.3,25.9,43.8,52.4,0.383,1,2,0.437,2,0.279,0.2403,LOW,DEMO
26.5,332.6,67.2,17.1,37.3,54.0,67.2,0.413,3,0,0.763,2,0.317,0.2702,MEDIUM,DEMO
36.4,1742.1,177.5,30.5,102.8,141.8,177.5,0.535,1,0,0.224,0,0.197,0.5397,HIGH,DEMO
18.3,1638.6,78.3,7.0,31.3,65.9,78.3,0.364,1,3,0.594,1,0.214,0.162,LOW,DEMO
56.8,316.3,24.2,1.9,9.0,16.6,24.2,0.259,1,0,0.387,0,0.164,0.2771,MEDIUM,DEMO
21.8,173.3,95.9,7.0,30.0,55.6,95.9,0.437,3,0,0.793,0,0.148,0.1923,LOW,DEMO
38.6,3575.1,77.5,9.1,45.2,60.4,77.5,0.439,0,2,0.378,3,0.253,0.2601,MEDIUM,DEMO
24.9,395.9,65.5,8.0,26.9,43.5,65.5,0.382,2,0,0.863,2,0.358,0.2001,LOW,DEMO
41.4,1922.4,58.4,7.3,25.3,35.4,58.4,0.249,0,1,0.132,2,0.195,0.2811,MEDIUM,DEMO
44.0,83.7,134.4,12.6,54.0,93.4,134.4,0.538,0,2,0.302,0,0.188,0.41,MEDIUM,DEMO
39.6,99.1,75.9,16.6,41.9,62.9,75.9,0.324,3,2,0.468,1,0.394,0.3365,MEDIUM,DEMO
37.4,644.4,72.7,11.7,23.4,43.7,72.7,0.349,0,3,0.315,1,0.459,0.289,MEDIUM,DEMO
50.4,325.5,154.0,42.2,89.7,123.9,154.0,0.546,2,1,0.68,0,0.075,0.5647,HIGH,DEMO
16.3,1133.6,124.9,13.7,49.5,84.4,124.9,0.478,1,2,0.739,2,0.139,0.2406,LOW,DEMO
28.2,830.3,96.2,16.9,39.3,56.8,96.2,0.472,2,0,0.65,0,0.323,0.3031,MEDIUM,DEMO
25.1,152.6,45.6,9.3,19.3,36.7,45.6,0.304,2,0,0.858,1,0.246,0.1865,LOW,DEMO
60.1,239.7,61.1,16.0,33.8,51.4,61.1,0.315,0,0,0.467,1,0.354,0.5544,HIGH,DEMO
30.1,522.0,71.0,12.0,25.9,45.3,71.0,0.366,1,0,0.865,2,0.395,0.255,MEDIUM,DEMO
42.0,264.8,26.7,3.4,7.9,17.1,26.7,0.348,0,2,0.215,0,0.193,0.1658,LOW,DEMO
40.0,1494.2,53.1,5.9,20.3,35.4,53.1,0.38,1,0,0.763,0,0.486,0.2312,LOW,DEMO
23.5,564.2,77.8,8.6,38.0,61.8,77.8,0.399,2,1,0.149,2,0.237,0.2314,LOW,DEMO
24.7,168.3,109.5,10.4,30.0,60.6,109.5,0.52,0,1,0.524,0,0.17,0.252,MEDIUM,DEMO
26.3,676.1,106.6,7.2,33.2,65.8,106.6,0.505,2,0,0.488,2,0.155,0.2758,MEDIUM,DEMO
30.8,165.7,18.8,4.2,8.4,14.3,18.8,0.324,0,1,0.771,0,0.383,0.1284,LOW,DEMO
24.5,204.2,58.6,6.7,21.7,39.3,58.6,0.3,0,1,0.653,3,0.055,0.1577,LOW,DEMO
10.6,326.5,41.6,7.7,15.7,27.0,41.6,0.366,0,2,0.455,2,0.088,0.1227,LOW,DEMO
49.5,1846.5,15.6,3.2,7.5,12.7,15.6,0.269,1,2,0.801,2,0.48,0.2008,LOW,DEMO
56.7,2406.6,68.7,9.0,27.9,56.7,68.7,0.358,1,0,0.793,1,0.125,0.4379,MEDIUM,DEMO
28.5,1655.2,52.6,5.2,22.1,43.9,52.6,0.314,0,3,0.139,0,0.123,0.1388,LOW,DEMO
28.4,445.9,76.1,9.2,33.8,48.0,76.1,0.383,3,0,0.782,0,0.832,0.2373,LOW,DEMO
8.4,366.3,107.2,17.7,44.1,88.3,107.2,0.418,3,1,0.52,1,0.312,0.3099,MEDIUM,DEMO
39.8,797.0,95.6,21.5,47.9,73.7,95.6,0.436,1,3,0.758,0,0.004,0.2916,MEDIUM,DEMO
46.4,1231.6,221.1,37.5,75.9,131.8,221.1,0.652,1,0,0.258,0,0.546,0.6967,HIGH,DEMO
20.4,4200.0,83.9,10.9,45.5,61.5,83.9,0.417,3,0,0.235,0,0.217,0.223,LOW,DEMO
21.1,207.0,173.3,11.2,45.4,96.7,173.3,0.6,2,1,0.669,0,0.07,0.3364,MEDIUM,DEMO
44.6,125.5,33.5,3.8,17.8,25.5,33.5,0.297,0,2,0.329,2,0.4,0.2147,LOW,DEMO
37.4,1146.8,94.6,12.1,43.5,72.9,94.6,0.389,2,0,0.545,0,0.547,0.3352,MEDIUM,DEMO
13.5,1686.6,45.2,7.2,16.1,35.6,45.2,0.234,0,2,0.643,3,0.473,0.12,LOW,DEMO
37.7,1765.8,63.4,5.2,20.2,38.1,63.4,0.406,1,0,0.584,0,0.639,0.2471,LOW,DEMO
27.4,1101.2,126.8,19.5,53.6,93.6,126.8,0.489,1,3,0.651,0,0.109,0.2819,MEDIUM,DEMO
29.4,2851.5,63.0,6.9,20.7,38.0,63.0,0.358,2,0,0.591,0,0.467,0.2006,LOW,DEMO
43.6,723.9,141.8,19.7,66.1,118.3,141.8,0.572,0,1,0.408,1,0.199,0.5708,HIGH,DEMO
45.7,2286.1,46.2,9.7,25.2,34.8,46.2,0.271,0,0,0.189,0,0.396,0.3034,MEDIUM,DEMO
30.5,3172.5,32.5,3.7,10.5,18.8,32.5,0.313,3,0,0.77,0,0.078,0.1328,LOW,DEMO
54.8,1770.5,87.3,9.2,30.5,52.9,87.3,0.364,2,0,0.763,0,0.075,0.3956,MEDIUM,DEMO
30.7,413.6,89.9,18.6,45.7,67.4,89.9,0.45,1,1,0.124,2,0.281,0.363,MEDIUM,DEMO
43.7,276.6,60.2,8.2,28.7,41.7,60.2,0.251,2,2,0.759,0,0.541,0.2263,LOW,DEMO
33.0,794.9,112.3,16.2,41.1,86.6,112.3,0.499,2,2,0.235,1,0.493,0.3908,MEDIUM,DEMO
50.8,623.0,13.3,2.7,5.6,8.5,13.3,0.313,1,1,0.373,3,0.045,0.2269,LOW,DEMO
51.5,1971.6,36.5,6.8,16.2,27.3,36.5,0.272,1,0,0.434,0,0.219,0.2879,MEDIUM,DEMO
16.9,174.9,99.3,9.6,29.4,59.9,99.3,0.438,1,3,0.637,0,0.035,0.1569,LOW,DEMO
53.8,348.3,64.7,10.4,24.4,46.2,64.7,0.325,3,3,0.19,1,0.201,0.3867,MEDIUM,DEMO
46.4,1334.2,47.8,8.2,18.5,40.0,47.8,0.36,2,1,0.748,0,0.158,0.2488,LOW,DEMO
44.7,169.8,83.0,10.2,34.2,61.3,83.0,0.445,1,1,0.836,0,0.313,0.315,MEDIUM,DEMO
23.0,428.1,135.3,16.6,40.2,76.4,135.3,0.451,0,0,0.844,1,0.08,0.3562,MEDIUM,DEMO
45.4,520.7,94.9,15.0,45.4,80.4,94.9,0.361,3,0,0.19,2,0.324,0.465,MEDIUM,DEMO
47.8,957.0,121.8,20.2,45.4,72.7,121.8,0.531,2,0,0.819,0,0.292,0.5013,HIGH,DEMO
26.6,234.9,98.1,14.5,50.3,75.1,98.1,0.529,1,1,0.552,3,0.496,0.3138,MEDIUM,DEMO
55.3,1853.4,157.0,33.9,70.4,111.4,157.0,0.566,0,2,0.672,1,0.237,0.6413,HIGH,DEMO
14.0,614.0,53.0,8.2,22.1,33.8,53.0,0.377,2,3,0.827,3,0.155,0.1162,LOW,DEMO
20.6,2320.3,140.7,18.4,60.2,84.9,140.7,0.495,1,0,0.622,1,0.062,0.385,MEDIUM,DEMO
34.7,647.8,20.0,2.8,8.6,12.1,20.0,0.296,2,1,0.467,2,0.759,0.1832,LOW,DEMO
36.0,369.5,29.9,5.2,17.1,24.2,29.9,0.323,1,0,0.519,2,0.305,0.2009,LOW,DEMO
38.5,217.7,110.8,10.9,44.6,89.9,110.8,0.447,2,1,0.64,1,0.279,0.3807,MEDIUM,DEMO
10.2,83.4,28.5,2.3,10.3,19.7,28.5,0.37,1,0,0.838,3,0.345,0.1121,LOW,DEMO
56.1,763.7,60.3,6.2,21.0,35.0,60.3,0.371,2,1,0.796,1,0.11,0.3788,MEDIUM,DEMO
13.5,182.0,155.6,23.9,70.7,126.8,155.6,0.554,0,2,0.559,1,0.193,0.3569,MEDIUM,DEMO
20.2,527.4,33.1,3.5,11.3,23.0,33.1,0.303,2,2,0.28,2,0.172,0.1133,LOW,DEMO
9.8,880.8,128.5,9.6,47.0,87.6,128.5,0.486,0,0,0.384,0,0.556,0.282,MEDIUM,DEMO
35.7,370.3,58.2,10.9,29.1,39.1,58.2,0.419,1,0,0.395,2,0.131,0.2759,MEDIUM,DEMO
53.4,253.4,30.8,2.7,11.3,20.3,30.8,0.315,1,0,0.34,0,0.107,0.2685,MEDIUM,DEMO
39.3,1421.4,75.5,8.1,30.8,53.4,75.5,0.399,2,1,0.688,1,0.294,0.2998,MEDIUM,DEMO
46.3,2720.2,149.3,11.7,49.3,109.2,149.3,0.536,2,0,0.755,3,0.456,0.527,HIGH,DEMO
9.6,175.3,27.8,4.5,12.8,19.2,27.8,0.283,2,0,0.363,1,0.415,0.1481,LOW,DEMO
34.9,232.2,26.5,2.8,12.5,21.7,26.5,0.229,0,3,0.763,1,0.178,0.1334,LOW,DEMO
32.3,2977.3,108.5,9.3,33.7,70.0,108.5,0.53,1,0,0.678,1,0.399,0.3535,MEDIUM,DEMO
33.5,114.7,51.1,9.2,27.4,37.0,51.1,0.398,1,1,0.455,2,0.217,0.2303,LOW,DEMO
15.8,3500.1,222.7,24.4,97.4,142.5,222.7,0.726,1,0,0.651,1,0.285,0.5307,HIGH,DEMO
40.0,84.2,90.0,15.6,46.6,69.8,90.0,0.364,2,1,0.705,0,0.138,0.3181,MEDIUM,DEMO
33.6,1942.0,134.9,17.5,57.8,78.3,134.9,0.573,0,0,0.546,1,0.266,0.4839,MEDIUM,DEMO
43.4,410.5,88.0,14.0,30.5,53.4,88.0,0.512,1,1,0.457,1,0.347,0.4342,MEDIUM,DEMO
33.1,2591.1,28.4,6.5,14.9,22.4,28.4,0.355,3,1,0.197,1,0.05,0.1981,LOW,DEMO
20.6,423.1,38.7,6.0,12.0,23.4,38.7,0.404,2,3,0.121,2,0.08,0.1306,LOW,DEMO
